<?xml version="1.0" encoding="UTF-8"?>

<ActivityDefinition xmlns="http://hl7.org/fhir">
  <id value="IMMZD2DTMeaslesMR"/>
  <meta>
    <profile value="http://hl7.org/fhir/uv/cpg/StructureDefinition/cpg-immunizationactivity"/>
  </meta>
  <text>
    <status value="extensions"/><div xmlns="http://www.w3.org/1999/xhtml"><p class="res-header-id"><b>Generated Narrative: ActivityDefinition IMMZD2DTMeaslesMR</b></p><a name="IMMZD2DTMeaslesMR"> </a><a name="hcIMMZD2DTMeaslesMR"> </a><a name="IMMZD2DTMeaslesMR-en-US"> </a><p><b>CQF Knowledge capability</b>: computable</p><p><b>url</b>: <a href="ActivityDefinition-IMMZD2DTMeaslesMR.html">ActivityDefinition IMMZ.D2.DT.Measles.MR</a></p><p><b>version</b>: 0.1.0</p><p><b>name</b>: IMMZD2DTMeaslesMedicationRequest</p><p><b>title</b>: IMMZ.D2.DT.Measles.MR</p><p><b>status</b>: Draft</p><p><b>experimental</b>: true</p><p><b>date</b>: 2023-10-03</p><p><b>publisher</b>: WHO</p><p><b>contact</b>: WHO: <a href="http://who.int">http://who.int</a></p><p><b>description</b>: </p><div><p>Provide measles immunization</p>
</div><p><b>library</b>: <a href="Library-IMMZD2DTMeaslesLogic.html">IMMZD2DTMeaslesLogic</a></p><p><b>kind</b>: MedicationRequest</p><p><b>profile</b>: <a href="http://hl7.org/fhir/uv/cpg/STU2/StructureDefinition-cpg-immunizationrequest.html">CPG Immunization Request</a></p><p><b>intent</b>: Proposal</p><p><b>doNotPerform</b>: false</p><p><b>product</b>: <span title="Codes:{http://id.who.int/icd/release/11/mms XM28X5}">Measles vaccines</span></p><blockquote><p><b>dynamicValue</b></p><p><b>path</b>: status</p><h3>Expressions</h3><table class="grid"><tr><td style="display: none">-</td><td><b>Language</b></td><td><b>Expression</b></td></tr><tr><td style="display: none">*</td><td>CQL</td><td>'draft'</td></tr></table></blockquote><blockquote><p><b>dynamicValue</b></p><p><b>path</b>: intent</p><h3>Expressions</h3><table class="grid"><tr><td style="display: none">-</td><td><b>Language</b></td><td><b>Expression</b></td></tr><tr><td style="display: none">*</td><td>CQL</td><td>'proposal'</td></tr></table></blockquote></div>
  </text>
  <extension url="http://hl7.org/fhir/StructureDefinition/cqf-knowledgeCapability">
    <valueCode value="computable"/>
  </extension>
  <url value="http://smart.who.int/example-workshop/ActivityDefinition/IMMZD2DTMeaslesMR"/>
  <version value="0.1.0"/>
  <name value="IMMZD2DTMeaslesMedicationRequest"/>
  <title value="IMMZ.D2.DT.Measles.MR"/>
  <status value="draft"/>
  <experimental value="true"/>
  <date value="2023-10-03"/>
  <publisher value="WHO"/>
  <contact>
    <name value="WHO"/>
    <telecom>
      <system value="url"/>
      <value value="http://who.int"/>
    </telecom>
  </contact>
  <description value="Provide measles immunization"/>
  <library value="http://smart.who.int/example-workshop/Library/IMMZD2DTMeaslesLogic"/>
  <kind value="MedicationRequest"/>
  <profile value="http://hl7.org/fhir/uv/cpg/StructureDefinition/cpg-immunizationrequest"/>
  <intent value="proposal"/>
  <doNotPerform value="false"/>
  <productCodeableConcept>
    <coding>
      <system value="http://id.who.int/icd/release/11/mms"/>
      <code value="XM28X5"/>
      <display value="Measles vaccines"/>
    </coding>
  </productCodeableConcept>
  <dynamicValue>
    <path value="status"/>
    <expression>
      <language value="text/cql"/>
      <expression value="'draft'"/>
    </expression>
  </dynamicValue>
  <dynamicValue>
    <path value="intent"/>
    <expression>
      <language value="text/cql"/>
      <expression value="'proposal'"/>
    </expression>
  </dynamicValue>
</ActivityDefinition>