<?xml version="1.0" encoding="UTF-8"?>

<Measure xmlns="http://hl7.org/fhir">
  <id value="IMMZIND08"/>
  <meta>
    <profile value="http://hl7.org/fhir/us/cqfmeasures/StructureDefinition/cv-measure-cqfm"/>
    <profile value="http://hl7.org/fhir/uv/crmi/StructureDefinition/crmi-shareablemeasure"/>
    <profile value="http://hl7.org/fhir/uv/crmi/StructureDefinition/crmi-publishablemeasure"/>
  </meta>
  <text>
    <status value="extensions"/><div xmlns="http://www.w3.org/1999/xhtml"><p class="res-header-id"><b>Generated Narrative: Measure IMMZIND08</b></p><a name="IMMZIND08"> </a><a name="hcIMMZIND08"> </a><a name="IMMZIND08-en-US"> </a><p><b>CQFM Population Basis</b>: boolean</p><p><b>url</b>: <a href="Measure-IMMZIND08.html">Measure IMMZ.IND.08 Immunization coverage for Measles containing vaccine (Estimated Denominator)</a></p><p><b>version</b>: 0.1.0</p><p><b>name</b>: IMMZIND08</p><p><b>title</b>: IMMZ.IND.08 Immunization coverage for Measles containing vaccine (Estimated Denominator)</p><p><b>status</b>: Draft</p><p><b>experimental</b>: true</p><p><b>date</b>: 2023-10-05</p><p><b>publisher</b>: WHO</p><p><b>contact</b>: WHO: <a href="http://who.int">http://who.int</a></p><p><b>description</b>: </p><div><p>IMMZ.IND.08 Immunization coverage for Measles containing vaccine (Estimated Denominator)</p>
</div><p><b>library</b>: <a href="Library-IMMZIND08Logic.html">IMMZ.IND.08 Logic</a></p><p><b>scoring</b>: <span title="Codes:{http://terminology.hl7.org/CodeSystem/measure-scoring continuous-variable}">Continuous Variable</span></p><blockquote><p><b>group</b></p><blockquote><p><b>population</b></p><blockquote><p><b>id</b></p>IMMZ.IND.08.IP</blockquote><p><b>code</b>: <span title="Codes:{http://terminology.hl7.org/CodeSystem/measure-population initial-population}">Initial Population</span></p><p><b>description</b>: Initial Population</p><h3>Criteria</h3><table class="grid"><tr><td style="display: none">-</td><td><b>Language</b></td><td><b>Expression</b></td></tr><tr><td style="display: none">*</td><td>text/cql-identifier</td><td>Initial Population</td></tr></table></blockquote><blockquote><p><b>population</b></p><blockquote><p><b>id</b></p>IMMZ.IND.08.MP</blockquote><p><b>CQFM Population Basis</b>: boolean</p><p><b>code</b>: <span title="Codes:{http://terminology.hl7.org/CodeSystem/measure-population measure-population}">Measure Population</span></p><p><b>description</b>: Measure Population</p><h3>Criteria</h3><table class="grid"><tr><td style="display: none">-</td><td><b>Language</b></td><td><b>Expression</b></td></tr><tr><td style="display: none">*</td><td>text/cql-identifier</td><td>Measure Population</td></tr></table></blockquote><blockquote><p><b>population</b></p><blockquote><p><b>id</b></p>IMMZ.IND.08.MO</blockquote><p><b>CQFM Criteria Reference</b>: measure-population</p><p><b>CQFM Aggregate Method</b>: count</p><p><b>code</b>: <span title="Codes:{http://terminology.hl7.org/CodeSystem/measure-population measure-observation}">Measure Observation</span></p><p><b>description</b>: Measure Observation</p><h3>Criteria</h3><table class="grid"><tr><td style="display: none">-</td><td><b>Language</b></td><td><b>Expression</b></td></tr><tr><td style="display: none">*</td><td>text/cql-identifier</td><td>Measure Observation</td></tr></table></blockquote><blockquote><p><b>stratifier</b></p><blockquote><p><b>id</b></p>IMMZ.IND.08.S</blockquote><h3>Criteria</h3><table class="grid"><tr><td style="display: none">-</td><td><b>Language</b></td><td><b>Expression</b></td></tr><tr><td style="display: none">*</td><td>text/cql-identifier</td><td>Stratification</td></tr></table></blockquote></blockquote></div>
  </text>
  <extension url="http://hl7.org/fhir/us/cqfmeasures/StructureDefinition/cqfm-populationBasis">
    <valueCode value="boolean"/>
  </extension>
  <url value="http://smart.who.int/example-workshop/Measure/IMMZIND08"/>
  <version value="0.1.0"/>
  <name value="IMMZIND08"/>
  <title value="IMMZ.IND.08 Immunization coverage for Measles containing vaccine (Estimated Denominator)"/>
  <status value="draft"/>
  <experimental value="true"/>
  <date value="2023-10-05"/>
  <publisher value="WHO"/>
  <contact>
    <name value="WHO"/>
    <telecom>
      <system value="url"/>
      <value value="http://who.int"/>
    </telecom>
  </contact>
  <description value="IMMZ.IND.08 Immunization coverage for Measles containing vaccine (Estimated Denominator)"/>
  <library value="http://smart.who.int/example-workshop/Library/IMMZIND08Logic"/>
  <scoring>
    <coding>
      <system value="http://terminology.hl7.org/CodeSystem/measure-scoring"/>
      <code value="continuous-variable"/>
      <display value="Continuous Variable"/>
    </coding>
  </scoring>
  <group>
    <population id="IMMZ.IND.08.IP">
      <code>
        <coding>
          <system value="http://terminology.hl7.org/CodeSystem/measure-population"/>
          <code value="initial-population"/>
          <display value="Initial Population"/>
        </coding>
      </code>
      <description value="Initial Population"/>
      <criteria>
        <language value="text/cql-identifier"/>
        <expression value="Initial Population"/>
      </criteria>
    </population>
    <population id="IMMZ.IND.08.MP">
      <extension url="http://hl7.org/fhir/us/cqfmeasures/StructureDefinition/cqfm-populationBasis">
        <valueCode value="boolean"/>
      </extension>
      <code>
        <coding>
          <system value="http://terminology.hl7.org/CodeSystem/measure-population"/>
          <code value="measure-population"/>
          <display value="Measure Population"/>
        </coding>
      </code>
      <description value="Measure Population"/>
      <criteria>
        <language value="text/cql-identifier"/>
        <expression value="Measure Population"/>
      </criteria>
    </population>
    <population id="IMMZ.IND.08.MO">
      <extension url="http://hl7.org/fhir/us/cqfmeasures/StructureDefinition/cqfm-criteriaReference">
        <valueString value="measure-population"/>
      </extension>
      <extension url="http://hl7.org/fhir/us/cqfmeasures/StructureDefinition/cqfm-aggregateMethod">
        <valueCode value="count"/>
      </extension>
      <code>
        <coding>
          <system value="http://terminology.hl7.org/CodeSystem/measure-population"/>
          <code value="measure-observation"/>
        </coding>
      </code>
      <description value="Measure Observation"/>
      <criteria>
        <language value="text/cql-identifier"/>
        <expression value="Measure Observation"/>
      </criteria>
    </population>
    <stratifier id="IMMZ.IND.08.S">
      <criteria>
        <language value="text/cql-identifier"/>
        <expression value="Stratification"/>
      </criteria>
    </stratifier>
  </group>
</Measure>