{
   "library" : {
      "annotation" : [ {
         "translatorOptions" : "EnableAnnotations,EnableLocators,DisableListDemotion,DisableListPromotion",
         "signatureLevel" : "Overloads",
         "type" : "CqlToElmInfo"
      }, {
         "type" : "Annotation",
         "s" : {
            "r" : "17",
            "s" : [ {
               "value" : [ "","library WHOConcepts" ]
            } ]
         }
      } ],
      "identifier" : {
         "id" : "WHOConcepts",
         "system" : "http://smart.who.int/example-workshop"
      },
      "schemaIdentifier" : {
         "id" : "urn:hl7-org:elm",
         "version" : "r1"
      },
      "usings" : {
         "def" : [ {
            "localIdentifier" : "System",
            "uri" : "urn:hl7-org:elm-types:r1"
         } ]
      },
      "codeSystems" : {
         "def" : [ {
            "localId" : "1",
            "locator" : "4:1-4:53",
            "name" : "ICD-10",
            "id" : "http://hl7.org/fhir/sid/icd-10",
            "accessLevel" : "Public",
            "annotation" : [ {
               "type" : "Annotation",
               "s" : {
                  "r" : "1",
                  "s" : [ {
                     "value" : [ "// Code Systems\n","codesystem ","\"ICD-10\"",": ","'http://hl7.org/fhir/sid/icd-10'" ]
                  } ]
               }
            } ]
         }, {
            "localId" : "2",
            "locator" : "5:1-5:48",
            "name" : "SNOMED-CT",
            "id" : "http://snomed.info/sct",
            "accessLevel" : "Public",
            "annotation" : [ {
               "type" : "Annotation",
               "s" : {
                  "r" : "2",
                  "s" : [ {
                     "value" : [ "","codesystem ","\"SNOMED-CT\"",": ","'http://snomed.info/sct'" ]
                  } ]
               }
            } ]
         }, {
            "localId" : "3",
            "locator" : "6:1-6:38",
            "name" : "LOINC",
            "id" : "http://loinc.org",
            "accessLevel" : "Public",
            "annotation" : [ {
               "type" : "Annotation",
               "s" : {
                  "r" : "3",
                  "s" : [ {
                     "value" : [ "","codesystem ","\"LOINC\"",": ","'http://loinc.org'" ]
                  } ]
               }
            } ]
         }, {
            "localId" : "4",
            "locator" : "7:1-7:66",
            "name" : "RxNorm",
            "id" : "http://www.nlm.nih.gov/research/umls/rxnorm",
            "accessLevel" : "Public",
            "annotation" : [ {
               "type" : "Annotation",
               "s" : {
                  "r" : "4",
                  "s" : [ {
                     "value" : [ "","codesystem ","\"RxNorm\"",": ","'http://www.nlm.nih.gov/research/umls/rxnorm'" ]
                  } ]
               }
            } ]
         }, {
            "localId" : "5",
            "locator" : "8:1-8:49",
            "name" : "CIEL",
            "id" : "http://hl7.org/fhir/sid/ciel",
            "accessLevel" : "Public",
            "annotation" : [ {
               "type" : "Annotation",
               "s" : {
                  "r" : "5",
                  "s" : [ {
                     "value" : [ "","codesystem ","\"CIEL\"",": ","'http://hl7.org/fhir/sid/ciel'" ]
                  } ]
               }
            } ]
         }, {
            "localId" : "6",
            "locator" : "9:1-9:59",
            "name" : "ICD-11",
            "id" : "http://id.who.int/icd/release/11/mms",
            "accessLevel" : "Public",
            "annotation" : [ {
               "type" : "Annotation",
               "s" : {
                  "r" : "6",
                  "s" : [ {
                     "value" : [ "","codesystem ","\"ICD-11\"",": ","'http://id.who.int/icd/release/11/mms'" ]
                  } ]
               }
            } ]
         }, {
            "localId" : "7",
            "locator" : "10:1-10:50",
            "name" : "ICF",
            "id" : "http://hl7.org/fhir/sid/icf-nl",
            "accessLevel" : "Public",
            "annotation" : [ {
               "type" : "Annotation",
               "s" : {
                  "r" : "7",
                  "s" : [ {
                     "value" : [ "","codesystem ","\"ICF\"",": ","'http://hl7.org/fhir/sid/icf-nl'" ]
                  } ]
               }
            } ]
         } ]
      },
      "valueSets" : {
         "def" : [ {
            "localId" : "8",
            "locator" : "13:1-13:103",
            "name" : "Pregnancy Status Pregnant",
            "id" : "http://fhir.org/guides/who/core/ValueSet/pregnancystatus-values",
            "accessLevel" : "Public",
            "annotation" : [ {
               "type" : "Annotation",
               "s" : {
                  "r" : "8",
                  "s" : [ {
                     "value" : [ "// ValuSets\n","valueset ","\"Pregnancy Status Pregnant\"",": ","'http://fhir.org/guides/who/core/ValueSet/pregnancystatus-values'" ]
                  } ]
               }
            } ]
         }, {
            "localId" : "9",
            "locator" : "14:1-14:76",
            "name" : "Adverse Events",
            "id" : "http://hl7.org/fhir/ValueSet/adverse-event-type",
            "accessLevel" : "Public",
            "annotation" : [ {
               "type" : "Annotation",
               "s" : {
                  "r" : "9",
                  "s" : [ {
                     "value" : [ "","valueset ","\"Adverse Events\"",": ","'http://hl7.org/fhir/ValueSet/adverse-event-type'" ]
                  } ]
               }
            } ]
         } ]
      },
      "codes" : {
         "def" : [ {
            "localId" : "11",
            "locator" : "16:1-16:74",
            "name" : "Pregnancy status",
            "id" : "82810-3",
            "display" : "Pregnancy status",
            "accessLevel" : "Public",
            "annotation" : [ {
               "type" : "Annotation",
               "s" : {
                  "r" : "11",
                  "s" : [ {
                     "value" : [ "","code ","\"Pregnancy status\"",": ","'82810-3'"," from " ]
                  }, {
                     "r" : "10",
                     "s" : [ {
                        "value" : [ "\"LOINC\"" ]
                     } ]
                  }, {
                     "value" : [ " display ","'Pregnancy status'" ]
                  } ]
               }
            } ],
            "codeSystem" : {
               "localId" : "10",
               "locator" : "16:41-16:47",
               "name" : "LOINC"
            }
         }, {
            "localId" : "13",
            "locator" : "17:1-17:60",
            "name" : "Pregnant",
            "id" : "LA15173-0",
            "display" : "Pregnant",
            "accessLevel" : "Public",
            "annotation" : [ {
               "type" : "Annotation",
               "s" : {
                  "r" : "13",
                  "s" : [ {
                     "value" : [ "","code ","\"Pregnant\"",": ","'LA15173-0'"," from " ]
                  }, {
                     "r" : "12",
                     "s" : [ {
                        "value" : [ "\"LOINC\"" ]
                     } ]
                  }, {
                     "value" : [ " display ","'Pregnant'" ]
                  } ]
               }
            } ],
            "codeSystem" : {
               "localId" : "12",
               "locator" : "17:35-17:41",
               "name" : "LOINC"
            }
         }, {
            "localId" : "15",
            "locator" : "18:1-18:68",
            "name" : "Not pregnant",
            "id" : "LA26683-5",
            "display" : "Not pregnant",
            "accessLevel" : "Public",
            "annotation" : [ {
               "type" : "Annotation",
               "s" : {
                  "r" : "15",
                  "s" : [ {
                     "value" : [ "","code ","\"Not pregnant\"",": ","'LA26683-5'"," from " ]
                  }, {
                     "r" : "14",
                     "s" : [ {
                        "value" : [ "\"LOINC\"" ]
                     } ]
                  }, {
                     "value" : [ " display ","'Not pregnant'" ]
                  } ]
               }
            } ],
            "codeSystem" : {
               "localId" : "14",
               "locator" : "18:39-18:45",
               "name" : "LOINC"
            }
         }, {
            "localId" : "17",
            "locator" : "19:1-19:57",
            "name" : "Unknown",
            "id" : "LA4489-6",
            "display" : "Unknown",
            "accessLevel" : "Public",
            "annotation" : [ {
               "type" : "Annotation",
               "s" : {
                  "r" : "17",
                  "s" : [ {
                     "value" : [ "","code ","\"Unknown\"",": ","'LA4489-6'"," from " ]
                  }, {
                     "r" : "16",
                     "s" : [ {
                        "value" : [ "\"LOINC\"" ]
                     } ]
                  }, {
                     "value" : [ " display ","'Unknown'" ]
                  } ]
               }
            } ],
            "codeSystem" : {
               "localId" : "16",
               "locator" : "19:33-19:39",
               "name" : "LOINC"
            }
         } ]
      }
   }
}