<?xml version="1.0" encoding="UTF-8"?>
<library xmlns="urn:hl7-org:elm:r1" xmlns:t="urn:hl7-org:elm-types:r1" xmlns:xsi="http://www.w3.org/2001/XMLSchema-instance" xmlns:xsd="http://www.w3.org/2001/XMLSchema" xmlns:fhir="http://hl7.org/fhir" xmlns:qdm43="urn:healthit-gov:qdm:v4_3" xmlns:qdm53="urn:healthit-gov:qdm:v5_3" xmlns:a="urn:hl7-org:cql-annotations:r1">
   <annotation translatorOptions="EnableAnnotations,EnableLocators,DisableListDemotion,DisableListPromotion" signatureLevel="Overloads" xsi:type="a:CqlToElmInfo"/>
   <annotation xsi:type="a:Annotation">
      <a:t name="DecisionID" value="IMMZ.D5.DT.Measles contraindications"/>
      <a:t name="BusinessRule" value="Check for contraindications before administering the vaccine(s) due"/>
      <a:t name="Trigger" value="IMMZ.D5 Determine vaccine(s) to be administered based on contraindications"/>
      <a:s r="11">
         <a:s>/*
@DecisionID: IMMZ.D5.DT.Measles contraindications
@BusinessRule: Check for contraindications before administering the vaccine(s) due					
@Trigger: IMMZ.D5 Determine vaccine(s) to be administered based on contraindications
*/
library IMMZD5DTMeaslesCILogic</a:s>
      </a:s>
   </annotation>
   <identifier id="IMMZD5DTMeaslesCILogic" system="http://smart.who.int/example-workshop"/>
   <schemaIdentifier id="urn:hl7-org:elm" version="r1"/>
   <usings>
      <def localIdentifier="System" uri="urn:hl7-org:elm-types:r1"/>
      <def localId="1" locator="8:1-8:26" localIdentifier="FHIR" uri="http://hl7.org/fhir" version="4.0.1">
         <annotation xsi:type="a:Annotation">
            <a:s r="1">
               <a:s>using </a:s>
               <a:s>
                  <a:s>FHIR</a:s>
               </a:s>
               <a:s> version '4.0.1'</a:s>
            </a:s>
         </annotation>
      </def>
   </usings>
   <includes>
      <def localId="2" locator="10:1-10:35" localIdentifier="FHIRHelpers" path="http://hl7.org/fhir/FHIRHelpers" version="4.0.1">
         <annotation xsi:type="a:Annotation">
            <a:s r="2">
               <a:s>include </a:s>
               <a:s>
                  <a:s>FHIRHelpers</a:s>
               </a:s>
               <a:s> version '4.0.1'</a:s>
            </a:s>
         </annotation>
      </def>
      <def localId="3" locator="12:1-12:45" localIdentifier="Elements" path="http://smart.who.int/example-workshop/IMMZEncounterElements">
         <annotation xsi:type="a:Annotation">
            <a:s r="3">
               <a:s>include </a:s>
               <a:s>
                  <a:s>IMMZEncounterElements</a:s>
               </a:s>
               <a:s> called Elements</a:s>
            </a:s>
         </annotation>
      </def>
   </includes>
   <parameters>
      <def localId="5" locator="14:1-14:31" name="Today" accessLevel="Public">
         <annotation xsi:type="a:Annotation">
            <a:s r="5">
               <a:s>parameter Today default </a:s>
               <a:s r="4">
                  <a:s>Today()</a:s>
               </a:s>
            </a:s>
         </annotation>
         <default localId="4" locator="14:25-14:31" xsi:type="Today"/>
      </def>
   </parameters>
   <contexts>
      <def locator="16:1-16:15" name="Patient"/>
   </contexts>
   <statements>
      <def locator="16:1-16:15" name="Patient" context="Patient">
         <expression xsi:type="SingletonFrom">
            <operand locator="16:1-16:15" dataType="fhir:Patient" templateId="http://hl7.org/fhir/StructureDefinition/Patient" xsi:type="Retrieve"/>
         </expression>
      </def>
      <def localId="11" locator="38:1-40:43" name="Measles Vaccination Contraindicated" context="Patient" accessLevel="Public">
         <annotation xsi:type="a:Annotation">
            <a:s r="11">
               <a:s>define &quot;Measles Vaccination Contraindicated&quot;:
  </a:s>
               <a:s r="10">
                  <a:s r="7">
                     <a:s r="6">
                        <a:s>Elements</a:s>
                     </a:s>
                     <a:s>.</a:s>
                     <a:s r="7">
                        <a:s>&quot;Currently Pregnant&quot;</a:s>
                     </a:s>
                  </a:s>
                  <a:s>
    or </a:s>
                  <a:s r="9">
                     <a:s r="8">
                        <a:s>Elements</a:s>
                     </a:s>
                     <a:s>.</a:s>
                     <a:s r="9">
                        <a:s>&quot;Severely Immunosuppressed&quot;</a:s>
                     </a:s>
                  </a:s>
               </a:s>
            </a:s>
         </annotation>
         <expression localId="10" locator="39:3-40:43" xsi:type="Or">
            <operand localId="7" locator="39:3-39:31" name="Currently Pregnant" libraryName="Elements" xsi:type="ExpressionRef"/>
            <operand localId="9" locator="40:8-40:43" name="Severely Immunosuppressed" libraryName="Elements" xsi:type="ExpressionRef"/>
         </expression>
      </def>
      <def localId="21" locator="33:1-36:43" name="Measles Vaccination Could Be Contraindicated" context="Patient" accessLevel="Public">
         <annotation xsi:type="a:Annotation">
            <a:s r="21">
               <a:s>/*
IMMZ.D5.DT.Measles contraindications
*/
define &quot;Measles Vaccination Could Be Contraindicated&quot;:
  </a:s>
               <a:s r="20">
                  <a:s r="17">
                     <a:s r="14">
                        <a:s r="13">
                           <a:s>Elements</a:s>
                        </a:s>
                        <a:s>.</a:s>
                        <a:s r="14">
                           <a:s>&quot;History Of Anaphylactic Reactions&quot;</a:s>
                        </a:s>
                     </a:s>
                     <a:s>
    or </a:s>
                     <a:s r="16">
                        <a:s r="15">
                           <a:s>Elements</a:s>
                        </a:s>
                        <a:s>.</a:s>
                        <a:s r="16">
                           <a:s>&quot;Severe Allergic Reactions&quot;</a:s>
                        </a:s>
                     </a:s>
                  </a:s>
                  <a:s>
    or </a:s>
                  <a:s r="19">
                     <a:s r="18">
                        <a:s>Elements</a:s>
                     </a:s>
                     <a:s>.</a:s>
                     <a:s r="19">
                        <a:s>&quot;Symptomatic HIV Infection&quot;</a:s>
                     </a:s>
                  </a:s>
               </a:s>
            </a:s>
         </annotation>
         <expression localId="20" locator="34:3-36:43" xsi:type="Or">
            <operand localId="17" locator="34:3-35:43" xsi:type="Or">
               <operand localId="14" locator="34:3-34:46" name="History Of Anaphylactic Reactions" libraryName="Elements" xsi:type="ExpressionRef"/>
               <operand localId="16" locator="35:8-35:43" name="Severe Allergic Reactions" libraryName="Elements" xsi:type="ExpressionRef"/>
            </operand>
            <operand localId="19" locator="36:8-36:43" name="Symptomatic HIV Infection" libraryName="Elements" xsi:type="ExpressionRef"/>
         </expression>
      </def>
      <def localId="24" locator="22:1-24:53" name="MCV Dose Contraindicated" context="Patient" accessLevel="Public">
         <annotation xsi:type="a:Annotation">
            <a:s r="24">
               <a:s>/*
PlanDefinition Applicability Expressions
*/

define &quot;MCV Dose Contraindicated&quot;:
  </a:s>
               <a:s r="23">
                  <a:s r="12">
                     <a:s>&quot;Measles Vaccination Contraindicated&quot;</a:s>
                  </a:s>
                  <a:s>
    or </a:s>
                  <a:s r="22">
                     <a:s>&quot;Measles Vaccination Could Be Contraindicated&quot;</a:s>
                  </a:s>
               </a:s>
            </a:s>
         </annotation>
         <expression localId="23" locator="23:3-24:53" xsi:type="Or">
            <operand localId="12" locator="23:3-23:39" name="Measles Vaccination Contraindicated" xsi:type="ExpressionRef"/>
            <operand localId="22" locator="24:8-24:53" name="Measles Vaccination Could Be Contraindicated" xsi:type="ExpressionRef"/>
         </expression>
      </def>
      <def localId="26" locator="27:1-28:7" name="Contraindication Evaluation of the MCV Dose" context="Patient" accessLevel="Public">
         <annotation xsi:type="a:Annotation">
            <a:s r="26">
               <a:s r="25">// TODO: Define this
define &quot;Contraindication Evaluation of the MCV Dose&quot;:
  false</a:s>
            </a:s>
         </annotation>
         <expression localId="25" locator="28:3-28:7" valueType="t:Boolean" value="false" xsi:type="Literal"/>
      </def>
   </statements>
</library>
