{
   "library" : {
      "annotation" : [ {
         "translatorOptions" : "EnableAnnotations,EnableLocators,DisableListDemotion,DisableListPromotion",
         "signatureLevel" : "Overloads",
         "type" : "CqlToElmInfo"
      }, {
         "type" : "Annotation",
         "s" : {
            "r" : "13",
            "s" : [ {
               "value" : [ "","library IMMZVaccineLibrary" ]
            } ]
         }
      } ],
      "identifier" : {
         "id" : "IMMZVaccineLibrary",
         "system" : "http://smart.who.int/example-workshop"
      },
      "schemaIdentifier" : {
         "id" : "urn:hl7-org:elm",
         "version" : "r1"
      },
      "usings" : {
         "def" : [ {
            "localIdentifier" : "System",
            "uri" : "urn:hl7-org:elm-types:r1"
         }, {
            "localId" : "1",
            "locator" : "3:1-3:26",
            "localIdentifier" : "FHIR",
            "uri" : "http://hl7.org/fhir",
            "version" : "4.0.1",
            "annotation" : [ {
               "type" : "Annotation",
               "s" : {
                  "r" : "1",
                  "s" : [ {
                     "value" : [ "","using " ]
                  }, {
                     "s" : [ {
                        "value" : [ "FHIR" ]
                     } ]
                  }, {
                     "value" : [ " version '4.0.1'" ]
                  } ]
               }
            } ]
         } ]
      },
      "includes" : {
         "def" : [ {
            "localId" : "2",
            "locator" : "5:1-5:35",
            "localIdentifier" : "FHIRHelpers",
            "path" : "http://hl7.org/fhir/FHIRHelpers",
            "version" : "4.0.1",
            "annotation" : [ {
               "type" : "Annotation",
               "s" : {
                  "r" : "2",
                  "s" : [ {
                     "value" : [ "","include " ]
                  }, {
                     "s" : [ {
                        "value" : [ "FHIRHelpers" ]
                     } ]
                  }, {
                     "value" : [ " version ","'4.0.1'" ]
                  } ]
               }
            } ]
         }, {
            "localId" : "3",
            "locator" : "6:1-6:44",
            "localIdentifier" : "FC",
            "path" : "http://fhir.org/guides/cqf/common/FHIRCommon",
            "annotation" : [ {
               "type" : "Annotation",
               "s" : {
                  "r" : "3",
                  "s" : [ {
                     "value" : [ "","include " ]
                  }, {
                     "s" : [ {
                        "value" : [ "fhir",".","cqf",".","common",".","FHIRCommon" ]
                     } ]
                  }, {
                     "value" : [ " called ","FC" ]
                  } ]
               }
            } ]
         }, {
            "localId" : "4",
            "locator" : "8:1-8:29",
            "localIdentifier" : "WCom",
            "path" : "http://smart.who.int/example-workshop/WHOCommon",
            "annotation" : [ {
               "type" : "Annotation",
               "s" : {
                  "r" : "4",
                  "s" : [ {
                     "value" : [ "","include " ]
                  }, {
                     "s" : [ {
                        "value" : [ "WHOCommon" ]
                     } ]
                  }, {
                     "value" : [ " called ","WCom" ]
                  } ]
               }
            } ]
         }, {
            "localId" : "5",
            "locator" : "9:1-9:31",
            "localIdentifier" : "Wcon",
            "path" : "http://smart.who.int/example-workshop/WHOConcepts",
            "annotation" : [ {
               "type" : "Annotation",
               "s" : {
                  "r" : "5",
                  "s" : [ {
                     "value" : [ "","include " ]
                  }, {
                     "s" : [ {
                        "value" : [ "WHOConcepts" ]
                     } ]
                  }, {
                     "value" : [ " called ","Wcon" ]
                  } ]
               }
            } ]
         }, {
            "localId" : "6",
            "locator" : "10:1-10:33",
            "localIdentifier" : "IMMZc",
            "path" : "http://smart.who.int/example-workshop/IMMZConcepts",
            "annotation" : [ {
               "type" : "Annotation",
               "s" : {
                  "r" : "6",
                  "s" : [ {
                     "value" : [ "","include " ]
                  }, {
                     "s" : [ {
                        "value" : [ "IMMZConcepts" ]
                     } ]
                  }, {
                     "value" : [ " called ","IMMZc" ]
                  } ]
               }
            } ]
         }, {
            "localId" : "7",
            "locator" : "11:1-11:33",
            "localIdentifier" : "IMMZcom",
            "path" : "http://smart.who.int/example-workshop/IMMZCommon",
            "annotation" : [ {
               "type" : "Annotation",
               "s" : {
                  "r" : "7",
                  "s" : [ {
                     "value" : [ "","include " ]
                  }, {
                     "s" : [ {
                        "value" : [ "IMMZCommon" ]
                     } ]
                  }, {
                     "value" : [ " called ","IMMZcom" ]
                  } ]
               }
            } ]
         } ]
      },
      "statements" : {
         "def" : [ {
            "localId" : "9",
            "locator" : "13:1-14:16",
            "name" : "Get Medication",
            "context" : "Unfiltered",
            "accessLevel" : "Public",
            "annotation" : [ {
               "type" : "Annotation",
               "s" : {
                  "r" : "9",
                  "s" : [ {
                     "value" : [ "","define ","\"Get Medication\"",":\n    " ]
                  }, {
                     "r" : "8",
                     "s" : [ {
                        "value" : [ "[","Medication","]" ]
                     } ]
                  } ]
               }
            } ],
            "expression" : {
               "localId" : "8",
               "locator" : "14:5-14:16",
               "dataType" : "{http://hl7.org/fhir}Medication",
               "templateId" : "http://hl7.org/fhir/StructureDefinition/Medication",
               "type" : "Retrieve"
            }
         }, {
            "localId" : "11",
            "locator" : "16:1-17:43",
            "name" : "BCG Vaccine Codes",
            "context" : "Unfiltered",
            "accessLevel" : "Public",
            "annotation" : [ {
               "type" : "Annotation",
               "s" : {
                  "r" : "11",
                  "s" : [ {
                     "value" : [ "","define ","\"BCG Vaccine Codes\"",":\n  " ]
                  }, {
                     "r" : "10",
                     "s" : [ {
                        "value" : [ "[","Medication",": " ]
                     }, {
                        "s" : [ {
                           "value" : [ "code" ]
                        } ]
                     }, {
                        "value" : [ " ","in"," " ]
                     }, {
                        "s" : [ {
                           "value" : [ "IMMZc",".","\"BCG Vaccine\"" ]
                        } ]
                     }, {
                        "value" : [ "]" ]
                     } ]
                  } ]
               }
            } ],
            "expression" : {
               "localId" : "10",
               "locator" : "17:3-17:43",
               "dataType" : "{http://hl7.org/fhir}Medication",
               "templateId" : "http://hl7.org/fhir/StructureDefinition/Medication",
               "codeProperty" : "code",
               "codeComparator" : "in",
               "type" : "Retrieve",
               "codes" : {
                  "locator" : "17:24-17:42",
                  "name" : "BCG Vaccine",
                  "libraryName" : "IMMZc",
                  "type" : "ValueSetRef"
               }
            }
         }, {
            "localId" : "13",
            "locator" : "25:1-26:47",
            "name" : "Cholera Vaccine Codes",
            "context" : "Unfiltered",
            "accessLevel" : "Public",
            "annotation" : [ {
               "type" : "Annotation",
               "s" : {
                  "r" : "13",
                  "s" : [ {
                     "value" : [ "/*check BCG Vaccine code valueset generated from DataDictionary Library in order to confirm that the that any of those codes exist in a Medication Resources\n    1. check for Medication Resource\n    2. Check if Medication Resource has BCG Vaccine code from list\n    3. Import that code into ActivityDefinition as defined by dynamicValue\n    */\n","define ","\"Cholera Vaccine Codes\"",":\n  " ]
                  }, {
                     "r" : "12",
                     "s" : [ {
                        "value" : [ "[","Medication",": " ]
                     }, {
                        "s" : [ {
                           "value" : [ "code" ]
                        } ]
                     }, {
                        "value" : [ " ","in"," " ]
                     }, {
                        "s" : [ {
                           "value" : [ "IMMZc",".","\"Cholera Vaccine\"" ]
                        } ]
                     }, {
                        "value" : [ "]" ]
                     } ]
                  } ]
               }
            } ],
            "expression" : {
               "localId" : "12",
               "locator" : "26:3-26:47",
               "dataType" : "{http://hl7.org/fhir}Medication",
               "templateId" : "http://hl7.org/fhir/StructureDefinition/Medication",
               "codeProperty" : "code",
               "codeComparator" : "in",
               "type" : "Retrieve",
               "codes" : {
                  "locator" : "26:24-26:46",
                  "name" : "Cholera Vaccine",
                  "libraryName" : "IMMZc",
                  "type" : "ValueSetRef"
               }
            }
         } ]
      }
   }
}