<?xml version="1.0" encoding="UTF-8"?>
<library xmlns="urn:hl7-org:elm:r1" xmlns:t="urn:hl7-org:elm-types:r1" xmlns:xsi="http://www.w3.org/2001/XMLSchema-instance" xmlns:xsd="http://www.w3.org/2001/XMLSchema" xmlns:fhir="http://hl7.org/fhir" xmlns:qdm43="urn:healthit-gov:qdm:v4_3" xmlns:qdm53="urn:healthit-gov:qdm:v5_3" xmlns:a="urn:hl7-org:cql-annotations:r1">
   <annotation translatorOptions="EnableAnnotations,EnableLocators,DisableListDemotion,DisableListPromotion" signatureLevel="Overloads" xsi:type="a:CqlToElmInfo"/>
   <annotation xsi:type="a:Annotation">
      <a:s r="24">
         <a:s>library WHOElements</a:s>
      </a:s>
   </annotation>
   <identifier id="WHOElements" system="http://smart.who.int/example-workshop"/>
   <schemaIdentifier id="urn:hl7-org:elm" version="r1"/>
   <usings>
      <def localIdentifier="System" uri="urn:hl7-org:elm-types:r1"/>
      <def localId="1" locator="3:1-3:26" localIdentifier="FHIR" uri="http://hl7.org/fhir" version="4.0.1">
         <annotation xsi:type="a:Annotation">
            <a:s r="1">
               <a:s>using </a:s>
               <a:s>
                  <a:s>FHIR</a:s>
               </a:s>
               <a:s> version '4.0.1'</a:s>
            </a:s>
         </annotation>
      </def>
   </usings>
   <includes>
      <def localId="2" locator="5:1-5:35" localIdentifier="FHIRHelpers" path="http://hl7.org/fhir/FHIRHelpers" version="4.0.1">
         <annotation xsi:type="a:Annotation">
            <a:s r="2">
               <a:s>include </a:s>
               <a:s>
                  <a:s>FHIRHelpers</a:s>
               </a:s>
               <a:s> version '4.0.1'</a:s>
            </a:s>
         </annotation>
      </def>
      <def localId="3" locator="7:1-7:35" localIdentifier="Concepts" path="http://smart.who.int/example-workshop/WHOConcepts">
         <annotation xsi:type="a:Annotation">
            <a:s r="3">
               <a:s>include </a:s>
               <a:s>
                  <a:s>WHOConcepts</a:s>
               </a:s>
               <a:s> called Concepts</a:s>
            </a:s>
         </annotation>
      </def>
      <def localId="4" locator="8:1-8:31" localIdentifier="Common" path="http://smart.who.int/example-workshop/WHOCommon">
         <annotation xsi:type="a:Annotation">
            <a:s r="4">
               <a:s>include </a:s>
               <a:s>
                  <a:s>WHOCommon</a:s>
               </a:s>
               <a:s> called Common</a:s>
            </a:s>
         </annotation>
      </def>
   </includes>
   <contexts>
      <def locator="10:1-10:15" name="Patient"/>
   </contexts>
   <statements>
      <def locator="10:1-10:15" name="Patient" context="Patient">
         <expression xsi:type="SingletonFrom">
            <operand locator="10:1-10:15" dataType="fhir:Patient" templateId="http://hl7.org/fhir/StructureDefinition/Patient" xsi:type="Retrieve"/>
         </expression>
      </def>
      <def localId="15" locator="12:1-14:57" name="Pregnancy Status Observation" context="Patient" accessLevel="Public">
         <annotation xsi:type="a:Annotation">
            <a:s r="15">
               <a:s>define &quot;Pregnancy Status Observation&quot;:
  </a:s>
               <a:s r="14">
                  <a:s>
                     <a:s r="6">
                        <a:s r="5">
                           <a:s r="5">
                              <a:s>[Observation: </a:s>
                              <a:s>
                                 <a:s>Concepts.&quot;Pregnancy status&quot;</a:s>
                              </a:s>
                              <a:s>]</a:s>
                           </a:s>
                        </a:s>
                        <a:s> O</a:s>
                     </a:s>
                  </a:s>
                  <a:s>
    </a:s>
                  <a:s r="13">
                     <a:s>where </a:s>
                     <a:s r="13">
                        <a:s r="8">
                           <a:s r="7">
                              <a:s>O</a:s>
                           </a:s>
                           <a:s>.</a:s>
                           <a:s r="8">
                              <a:s>status</a:s>
                           </a:s>
                        </a:s>
                        <a:s> in </a:s>
                        <a:s r="12">
                           <a:s>{ </a:s>
                           <a:s r="9">
                              <a:s>'final'</a:s>
                           </a:s>
                           <a:s>, </a:s>
                           <a:s r="10">
                              <a:s>'amended'</a:s>
                           </a:s>
                           <a:s>, </a:s>
                           <a:s r="11">
                              <a:s>'corrected'</a:s>
                           </a:s>
                           <a:s> }</a:s>
                        </a:s>
                     </a:s>
                  </a:s>
               </a:s>
            </a:s>
         </annotation>
         <expression localId="14" locator="13:3-14:57" xsi:type="Query">
            <source localId="6" locator="13:3-13:46" alias="O">
               <expression localId="5" locator="13:3-13:44" dataType="fhir:Observation" templateId="http://hl7.org/fhir/StructureDefinition/Observation" codeProperty="code" codeComparator="~" xsi:type="Retrieve">
                  <codes xsi:type="ToList">
                     <operand locator="13:17-13:43" name="Pregnancy status" libraryName="Concepts" xsi:type="CodeRef"/>
                  </codes>
               </expression>
            </source>
            <where localId="13" locator="14:5-14:57" xsi:type="In">
               <operand name="ToString" libraryName="FHIRHelpers" xsi:type="FunctionRef">
                  <signature name="fhir:ObservationStatus" xsi:type="NamedTypeSpecifier"/>
                  <operand localId="8" locator="14:11-14:18" path="status" scope="O" xsi:type="Property"/>
               </operand>
               <operand localId="12" locator="14:23-14:57" xsi:type="List">
                  <element localId="9" locator="14:25-14:31" valueType="t:String" value="final" xsi:type="Literal"/>
                  <element localId="10" locator="14:34-14:42" valueType="t:String" value="amended" xsi:type="Literal"/>
                  <element localId="11" locator="14:45-14:55" valueType="t:String" value="corrected" xsi:type="Literal"/>
               </operand>
            </where>
         </expression>
      </def>
      <def localId="24" locator="16:1-18:39" name="Pregnant Observation" context="Patient" accessLevel="Public">
         <annotation xsi:type="a:Annotation">
            <a:s r="24">
               <a:s>define &quot;Pregnant Observation&quot;:
  </a:s>
               <a:s r="23">
                  <a:s>
                     <a:s r="17">
                        <a:s r="16">
                           <a:s>
                              <a:s>&quot;Pregnancy Status Observation&quot;</a:s>
                           </a:s>
                        </a:s>
                        <a:s> O</a:s>
                     </a:s>
                  </a:s>
                  <a:s>
    </a:s>
                  <a:s r="22">
                     <a:s>where </a:s>
                     <a:s r="22">
                        <a:s r="19">
                           <a:s r="18">
                              <a:s>O</a:s>
                           </a:s>
                           <a:s>.</a:s>
                           <a:s r="19">
                              <a:s>value</a:s>
                           </a:s>
                        </a:s>
                        <a:s> ~ </a:s>
                        <a:s r="21">
                           <a:s r="20">
                              <a:s>Concepts</a:s>
                           </a:s>
                           <a:s>.</a:s>
                           <a:s r="21">
                              <a:s>&quot;Pregnant&quot;</a:s>
                           </a:s>
                        </a:s>
                     </a:s>
                  </a:s>
               </a:s>
            </a:s>
         </annotation>
         <expression localId="23" locator="17:3-18:39" xsi:type="Query">
            <source localId="17" locator="17:3-17:34" alias="O">
               <expression localId="16" locator="17:3-17:32" name="Pregnancy Status Observation" xsi:type="ExpressionRef"/>
            </source>
            <where localId="22" locator="18:5-18:39" xsi:type="Equivalent">
               <signature name="t:Concept" xsi:type="NamedTypeSpecifier"/>
               <signature name="t:Concept" xsi:type="NamedTypeSpecifier"/>
               <operand name="ToConcept" libraryName="FHIRHelpers" xsi:type="FunctionRef">
                  <operand asType="fhir:CodeableConcept" xsi:type="As">
                     <operand localId="19" locator="18:11-18:17" path="value" scope="O" xsi:type="Property"/>
                  </operand>
               </operand>
               <operand xsi:type="ToConcept">
                  <signature name="t:Code" xsi:type="NamedTypeSpecifier"/>
                  <operand localId="21" locator="18:21-18:39" name="Pregnant" libraryName="Concepts" xsi:type="CodeRef"/>
               </operand>
            </where>
         </expression>
      </def>
   </statements>
</library>
