{"resourceType":"ActivityDefinition","id":"IMMZD2DTMeaslesCIMR","meta":{"profile":["http://hl7.org/fhir/uv/cpg/StructureDefinition/cpg-immunizationactivity"]},"extension":[{"url":"http://hl7.org/fhir/StructureDefinition/cqf-knowledgeCapability","valueCode":"computable"}],"url":"http://smart.who.int/example-workshop/ActivityDefinition/IMMZD2DTMeaslesCIMR","version":"0.1.0","name":"IMMZD2DTMeaslesContraindication","title":"IMMZ.D2.DT.Measles.Contraindication","status":"draft","experimental":true,"date":"2023-10-03","publisher":"WHO","contact":[{"name":"WHO","telecom":[{"system":"url","value":"http://who.int"}]}],"description":"Provide measles immunization","library":["http://smart.who.int/example-workshop/Library/IMMZD2DTMeaslesLogic"],"kind":"MedicationRequest","profile":"http://hl7.org/fhir/uv/cpg/StructureDefinition/cpg-immunizationrequest","intent":"proposal","doNotPerform":true,"productCodeableConcept":{"coding":[{"system":"http://id.who.int/icd/release/11/mms","code":"XM28X5","display":"Measles vaccines"}]},"dynamicValue":[{"path":"id","expression":{"description":"Draft Medication Request ID for MCV dose","language":"text/cql-identifier","expression":"Draft Medication Request ID for MCV dose"}}]}