{"resourceType":"ActivityDefinition","id":"IMMZD2DTMeaslesMR","meta":{"profile":["http://hl7.org/fhir/uv/cpg/StructureDefinition/cpg-immunizationactivity"]},"extension":[{"url":"http://hl7.org/fhir/StructureDefinition/cqf-knowledgeCapability","valueCode":"computable"}],"url":"http://smart.who.int/example-workshop/ActivityDefinition/IMMZD2DTMeaslesMR","version":"0.1.0","name":"IMMZD2DTMeaslesMedicationRequest","title":"IMMZ.D2.DT.Measles.MR","status":"draft","experimental":true,"date":"2023-10-03","publisher":"WHO","contact":[{"name":"WHO","telecom":[{"system":"url","value":"http://who.int"}]}],"description":"Provide measles immunization","library":["http://smart.who.int/example-workshop/Library/IMMZD2DTMeaslesLogic"],"kind":"MedicationRequest","profile":"http://hl7.org/fhir/uv/cpg/StructureDefinition/cpg-immunizationrequest","intent":"proposal","doNotPerform":false,"productCodeableConcept":{"coding":[{"system":"http://id.who.int/icd/release/11/mms","code":"XM28X5","display":"Measles vaccines"}]},"dynamicValue":[{"path":"status","expression":{"language":"text/cql","expression":"'draft'"}},{"path":"intent","expression":{"language":"text/cql","expression":"'proposal'"}}]}