{"resourceType":"ImplementationGuide","id":"smart.who.int.example-workshop","meta":{"profile":["http://hl7.org/fhir/uv/crmi/StructureDefinition/crmi-shareableimplementationguide","http://hl7.org/fhir/uv/crmi/StructureDefinition/crmi-publishableimplementationguide","http://hl7.org/fhir/uv/cpg/StructureDefinition/cpg-computableguideline"]},"text":{"status":"generated","div":"<div xmlns=\"http://www.w3.org/1999/xhtml\"><p class=\"res-header-id\"><b>Generated Narrative: ImplementationGuide smart.who.int.example-workshop</b></p><a name=\"smart.who.int.example-workshop\"> </a><a name=\"hcsmart.who.int.example-workshop\"> </a><a name=\"smart.who.int.example-workshop-en-US\"> </a><h2>ExampleWorkshop</h2><p>The official URL for this implementation guide is: </p><pre>http://smart.who.int/example-workshop/ImplementationGuide/smart.who.int.example-workshop</pre><div><p>WHO SMART Guidelines - Example Workshop IG based on Measles Immunization (Demonstration of authoring process)</p>\n</div></div>"},"url":"http://smart.who.int/example-workshop/ImplementationGuide/smart.who.int.example-workshop","version":"0.1.0","name":"ExampleWorkshop","title":"WHO SMART Guidelines - Example Workshop IG","status":"draft","experimental":true,"date":"2024-12-02T20:32:13+00:00","publisher":"WHO","contact":[{"name":"WHO","telecom":[{"system":"url","value":"http://who.int"}]}],"description":"WHO SMART Guidelines - Example Workshop IG based on Measles Immunization (Demonstration of authoring process)","packageId":"smart.who.int.example-workshop","license":"CC-BY-SA-3.0","fhirVersion":["4.0.1"],"dependsOn":[{"id":"hl7_terminology","uri":"http://terminology.hl7.org/ImplementationGuide/hl7.terminology","packageId":"hl7.terminology","version":"5.5.0"},{"id":"hl7_fhir_uv_extensions_r4","uri":"http://hl7.org/fhir/extensions/ImplementationGuide/hl7.fhir.uv.extensions","packageId":"hl7.fhir.uv.extensions.r4","version":"5.1.0"},{"id":"hl7_fhir_uv_cql","uri":"http://hl7.org/fhir/uv/cql/ImplementationGuide/hl7.fhir.uv.cql","packageId":"hl7.fhir.uv.cql","version":"1.0.0"},{"id":"hl7_fhir_uv_crmi","uri":"http://hl7.org/fhir/uv/crmi/ImplementationGuide/hl7.fhir.uv.crmi","packageId":"hl7.fhir.uv.crmi","version":"1.0.0"},{"id":"hl7_fhir_uv_sdc","uri":"http://hl7.org/fhir/uv/sdc/ImplementationGuide/hl7.fhir.uv.sdc","packageId":"hl7.fhir.uv.sdc","version":"3.0.0"},{"id":"hl7_fhir_uv_cpg","uri":"http://hl7.org/fhir/uv/cpg/ImplementationGuide/hl7.fhir.uv.cpg","packageId":"hl7.fhir.uv.cpg","version":"2.0.0"},{"id":"hl7_fhir_us_cqfmeasures","uri":"http://hl7.org/fhir/us/cqfmeasures/ImplementationGuide/hl7.fhir.us.cqfmeasures","packageId":"hl7.fhir.us.cqfmeasures","version":"5.0.0"},{"id":"fhir_cqf_common","uri":"http://fhir.org/guides/cqf/common/ImplementationGuide/fhir.cqf.common","packageId":"fhir.cqf.common","version":"4.0.1"},{"id":"smart_who_int_base","uri":"http://smart.who.int/base/ImplementationGuide/smart.who.int.base","packageId":"smart.who.int.base","version":"dev"},{"id":"smart_who_int_base_clinical","uri":"http://smart.who.int/base-clinical/ImplementationGuide/smart.who.int.base-clinical","packageId":"smart.who.int.base-clinical","version":"dev"}],"definition":{"extension":[{"extension":[{"url":"code","valueString":"copyrightyear"},{"url":"value","valueString":"2023+"}],"url":"http://hl7.org/fhir/tools/StructureDefinition/ig-parameter"},{"extension":[{"url":"code","valueString":"releaselabel"},{"url":"value","valueString":"ci-build"}],"url":"http://hl7.org/fhir/tools/StructureDefinition/ig-parameter"},{"extension":[{"url":"code","valueString":"produce-jekyll-data"},{"url":"value","valueString":"true"}],"url":"http://hl7.org/fhir/tools/StructureDefinition/ig-parameter"},{"extension":[{"url":"code","valueString":"path-expansion-params"},{"url":"value","valueString":"../../input/_resources/exp-params.json"}],"url":"http://hl7.org/fhir/tools/StructureDefinition/ig-parameter"},{"extension":[{"url":"code","valueString":"path-binary"},{"url":"value","valueString":"input/cql"}],"url":"http://hl7.org/fhir/tools/StructureDefinition/ig-parameter"},{"extension":[{"url":"code","valueString":"special-url"},{"url":"value","valueString":"http://id.who.int/icd/release/11/mms"}],"url":"http://hl7.org/fhir/tools/StructureDefinition/ig-parameter"},{"extension":[{"url":"code","valueString":"special-url"},{"url":"value","valueString":"http://hl7.org/fhir/ValueSet/immunization-status"}],"url":"http://hl7.org/fhir/tools/StructureDefinition/ig-parameter"},{"extension":[{"url":"code","valueString":"special-url"},{"url":"value","valueString":"http://hl7.org/fhir/ValueSet/country"}],"url":"http://hl7.org/fhir/tools/StructureDefinition/ig-parameter"},{"extension":[{"url":"code","valueString":"special-url"},{"url":"value","valueString":"http://smart.who.int/base-clinical/Library/WHOCommon"}],"url":"http://hl7.org/fhir/tools/StructureDefinition/ig-parameter"},{"extension":[{"url":"code","valueString":"special-url"},{"url":"value","valueString":"http://smart.who.int/base-clinical/Library/WHOConcepts"}],"url":"http://hl7.org/fhir/tools/StructureDefinition/ig-parameter"},{"extension":[{"url":"code","valueString":"special-url"},{"url":"value","valueString":"http://smart.who.int/base-clinical/Library/WHOElements"}],"url":"http://hl7.org/fhir/tools/StructureDefinition/ig-parameter"},{"extension":[{"url":"code","valueString":"special-url"},{"url":"value","valueString":"http://smart.who.int/base-clinical/Library/WHOEncounterElements"}],"url":"http://hl7.org/fhir/tools/StructureDefinition/ig-parameter"},{"extension":[{"url":"code","valueString":"autoload-resources"},{"url":"value","valueString":"true"}],"url":"http://hl7.org/fhir/tools/StructureDefinition/ig-parameter"},{"extension":[{"url":"code","valueString":"path-liquid"},{"url":"value","valueString":"template/liquid"}],"url":"http://hl7.org/fhir/tools/StructureDefinition/ig-parameter"},{"extension":[{"url":"code","valueString":"path-liquid"},{"url":"value","valueString":"input/liquid"}],"url":"http://hl7.org/fhir/tools/StructureDefinition/ig-parameter"},{"extension":[{"url":"code","valueString":"path-qa"},{"url":"value","valueString":"temp/qa"}],"url":"http://hl7.org/fhir/tools/StructureDefinition/ig-parameter"},{"extension":[{"url":"code","valueString":"path-temp"},{"url":"value","valueString":"temp/pages"}],"url":"http://hl7.org/fhir/tools/StructureDefinition/ig-parameter"},{"extension":[{"url":"code","valueString":"path-output"},{"url":"value","valueString":"output"}],"url":"http://hl7.org/fhir/tools/StructureDefinition/ig-parameter"},{"extension":[{"url":"code","valueString":"path-suppressed-warnings"},{"url":"value","valueString":"input/ignoreWarnings.txt"}],"url":"http://hl7.org/fhir/tools/StructureDefinition/ig-parameter"},{"extension":[{"url":"code","valueString":"path-history"},{"url":"value","valueString":"http://smart.who.int/example-workshop/history.html"}],"url":"http://hl7.org/fhir/tools/StructureDefinition/ig-parameter"},{"extension":[{"url":"code","valueString":"template-html"},{"url":"value","valueString":"template-page.html"}],"url":"http://hl7.org/fhir/tools/StructureDefinition/ig-parameter"},{"extension":[{"url":"code","valueString":"template-md"},{"url":"value","valueString":"template-page-md.html"}],"url":"http://hl7.org/fhir/tools/StructureDefinition/ig-parameter"},{"extension":[{"url":"code","valueString":"apply-contact"},{"url":"value","valueString":"true"}],"url":"http://hl7.org/fhir/tools/StructureDefinition/ig-parameter"},{"extension":[{"url":"code","valueString":"apply-context"},{"url":"value","valueString":"true"}],"url":"http://hl7.org/fhir/tools/StructureDefinition/ig-parameter"},{"extension":[{"url":"code","valueString":"apply-copyright"},{"url":"value","valueString":"true"}],"url":"http://hl7.org/fhir/tools/StructureDefinition/ig-parameter"},{"extension":[{"url":"code","valueString":"apply-jurisdiction"},{"url":"value","valueString":"true"}],"url":"http://hl7.org/fhir/tools/StructureDefinition/ig-parameter"},{"extension":[{"url":"code","valueString":"apply-license"},{"url":"value","valueString":"true"}],"url":"http://hl7.org/fhir/tools/StructureDefinition/ig-parameter"},{"extension":[{"url":"code","valueString":"apply-publisher"},{"url":"value","valueString":"true"}],"url":"http://hl7.org/fhir/tools/StructureDefinition/ig-parameter"},{"extension":[{"url":"code","valueString":"apply-version"},{"url":"value","valueString":"true"}],"url":"http://hl7.org/fhir/tools/StructureDefinition/ig-parameter"},{"extension":[{"url":"code","valueString":"apply-wg"},{"url":"value","valueString":"true"}],"url":"http://hl7.org/fhir/tools/StructureDefinition/ig-parameter"},{"extension":[{"url":"code","valueString":"active-tables"},{"url":"value","valueString":"true"}],"url":"http://hl7.org/fhir/tools/StructureDefinition/ig-parameter"},{"extension":[{"url":"code","valueString":"fmm-definition"},{"url":"value","valueString":"http://hl7.org/fhir/versions.html#maturity"}],"url":"http://hl7.org/fhir/tools/StructureDefinition/ig-parameter"},{"extension":[{"url":"code","valueString":"propagate-status"},{"url":"value","valueString":"true"}],"url":"http://hl7.org/fhir/tools/StructureDefinition/ig-parameter"},{"extension":[{"url":"code","valueString":"excludelogbinaryformat"},{"url":"value","valueString":"true"}],"url":"http://hl7.org/fhir/tools/StructureDefinition/ig-parameter"},{"extension":[{"url":"code","valueString":"tabbed-snapshots"},{"url":"value","valueString":"true"}],"url":"http://hl7.org/fhir/tools/StructureDefinition/ig-parameter"},{"url":"http://hl7.org/fhir/tools/StructureDefinition/ig-internal-dependency","valueCode":"hl7.fhir.uv.tools.r4#0.3.0"},{"extension":[{"url":"code","valueCode":"copyrightyear"},{"url":"value","valueString":"2023+"}],"url":"http://hl7.org/fhir/tools/StructureDefinition/ig-parameter"},{"extension":[{"url":"code","valueCode":"releaselabel"},{"url":"value","valueString":"ci-build"}],"url":"http://hl7.org/fhir/tools/StructureDefinition/ig-parameter"},{"extension":[{"url":"code","valueCode":"produce-jekyll-data"},{"url":"value","valueString":"true"}],"url":"http://hl7.org/fhir/tools/StructureDefinition/ig-parameter"},{"extension":[{"url":"code","valueCode":"path-expansion-params"},{"url":"value","valueString":"../../input/_resources/exp-params.json"}],"url":"http://hl7.org/fhir/tools/StructureDefinition/ig-parameter"},{"extension":[{"url":"code","valueCode":"path-binary"},{"url":"value","valueString":"input/cql"}],"url":"http://hl7.org/fhir/tools/StructureDefinition/ig-parameter"},{"extension":[{"url":"code","valueCode":"special-url"},{"url":"value","valueString":"http://id.who.int/icd/release/11/mms"}],"url":"http://hl7.org/fhir/tools/StructureDefinition/ig-parameter"},{"extension":[{"url":"code","valueCode":"special-url"},{"url":"value","valueString":"http://hl7.org/fhir/ValueSet/immunization-status"}],"url":"http://hl7.org/fhir/tools/StructureDefinition/ig-parameter"},{"extension":[{"url":"code","valueCode":"special-url"},{"url":"value","valueString":"http://hl7.org/fhir/ValueSet/country"}],"url":"http://hl7.org/fhir/tools/StructureDefinition/ig-parameter"},{"extension":[{"url":"code","valueCode":"special-url"},{"url":"value","valueString":"http://smart.who.int/base-clinical/Library/WHOCommon"}],"url":"http://hl7.org/fhir/tools/StructureDefinition/ig-parameter"},{"extension":[{"url":"code","valueCode":"special-url"},{"url":"value","valueString":"http://smart.who.int/base-clinical/Library/WHOConcepts"}],"url":"http://hl7.org/fhir/tools/StructureDefinition/ig-parameter"},{"extension":[{"url":"code","valueCode":"special-url"},{"url":"value","valueString":"http://smart.who.int/base-clinical/Library/WHOElements"}],"url":"http://hl7.org/fhir/tools/StructureDefinition/ig-parameter"},{"extension":[{"url":"code","valueCode":"special-url"},{"url":"value","valueString":"http://smart.who.int/base-clinical/Library/WHOEncounterElements"}],"url":"http://hl7.org/fhir/tools/StructureDefinition/ig-parameter"},{"extension":[{"url":"code","valueCode":"autoload-resources"},{"url":"value","valueString":"true"}],"url":"http://hl7.org/fhir/tools/StructureDefinition/ig-parameter"},{"extension":[{"url":"code","valueCode":"path-liquid"},{"url":"value","valueString":"template/liquid"}],"url":"http://hl7.org/fhir/tools/StructureDefinition/ig-parameter"},{"extension":[{"url":"code","valueCode":"path-liquid"},{"url":"value","valueString":"input/liquid"}],"url":"http://hl7.org/fhir/tools/StructureDefinition/ig-parameter"},{"extension":[{"url":"code","valueCode":"path-qa"},{"url":"value","valueString":"temp/qa"}],"url":"http://hl7.org/fhir/tools/StructureDefinition/ig-parameter"},{"extension":[{"url":"code","valueCode":"path-temp"},{"url":"value","valueString":"temp/pages"}],"url":"http://hl7.org/fhir/tools/StructureDefinition/ig-parameter"},{"extension":[{"url":"code","valueCode":"path-output"},{"url":"value","valueString":"output"}],"url":"http://hl7.org/fhir/tools/StructureDefinition/ig-parameter"},{"extension":[{"url":"code","valueCode":"path-suppressed-warnings"},{"url":"value","valueString":"input/ignoreWarnings.txt"}],"url":"http://hl7.org/fhir/tools/StructureDefinition/ig-parameter"},{"extension":[{"url":"code","valueCode":"path-history"},{"url":"value","valueString":"http://smart.who.int/example-workshop/history.html"}],"url":"http://hl7.org/fhir/tools/StructureDefinition/ig-parameter"},{"extension":[{"url":"code","valueCode":"template-html"},{"url":"value","valueString":"template-page.html"}],"url":"http://hl7.org/fhir/tools/StructureDefinition/ig-parameter"},{"extension":[{"url":"code","valueCode":"template-md"},{"url":"value","valueString":"template-page-md.html"}],"url":"http://hl7.org/fhir/tools/StructureDefinition/ig-parameter"},{"extension":[{"url":"code","valueCode":"apply-contact"},{"url":"value","valueString":"true"}],"url":"http://hl7.org/fhir/tools/StructureDefinition/ig-parameter"},{"extension":[{"url":"code","valueCode":"apply-context"},{"url":"value","valueString":"true"}],"url":"http://hl7.org/fhir/tools/StructureDefinition/ig-parameter"},{"extension":[{"url":"code","valueCode":"apply-copyright"},{"url":"value","valueString":"true"}],"url":"http://hl7.org/fhir/tools/StructureDefinition/ig-parameter"},{"extension":[{"url":"code","valueCode":"apply-jurisdiction"},{"url":"value","valueString":"true"}],"url":"http://hl7.org/fhir/tools/StructureDefinition/ig-parameter"},{"extension":[{"url":"code","valueCode":"apply-license"},{"url":"value","valueString":"true"}],"url":"http://hl7.org/fhir/tools/StructureDefinition/ig-parameter"},{"extension":[{"url":"code","valueCode":"apply-publisher"},{"url":"value","valueString":"true"}],"url":"http://hl7.org/fhir/tools/StructureDefinition/ig-parameter"},{"extension":[{"url":"code","valueCode":"apply-version"},{"url":"value","valueString":"true"}],"url":"http://hl7.org/fhir/tools/StructureDefinition/ig-parameter"},{"extension":[{"url":"code","valueCode":"apply-wg"},{"url":"value","valueString":"true"}],"url":"http://hl7.org/fhir/tools/StructureDefinition/ig-parameter"},{"extension":[{"url":"code","valueCode":"active-tables"},{"url":"value","valueString":"true"}],"url":"http://hl7.org/fhir/tools/StructureDefinition/ig-parameter"},{"extension":[{"url":"code","valueCode":"fmm-definition"},{"url":"value","valueString":"http://hl7.org/fhir/versions.html#maturity"}],"url":"http://hl7.org/fhir/tools/StructureDefinition/ig-parameter"},{"extension":[{"url":"code","valueCode":"propagate-status"},{"url":"value","valueString":"true"}],"url":"http://hl7.org/fhir/tools/StructureDefinition/ig-parameter"},{"extension":[{"url":"code","valueCode":"excludelogbinaryformat"},{"url":"value","valueString":"true"}],"url":"http://hl7.org/fhir/tools/StructureDefinition/ig-parameter"},{"extension":[{"url":"code","valueCode":"tabbed-snapshots"},{"url":"value","valueString":"true"}],"url":"http://hl7.org/fhir/tools/StructureDefinition/ig-parameter"},{"extension":[{"url":"code","valueCode":"copyrightyear"},{"url":"value","valueString":"2023+"}],"url":"http://hl7.org/fhir/tools/StructureDefinition/ig-parameter"},{"extension":[{"url":"code","valueCode":"releaselabel"},{"url":"value","valueString":"ci-build"}],"url":"http://hl7.org/fhir/tools/StructureDefinition/ig-parameter"},{"extension":[{"url":"code","valueCode":"produce-jekyll-data"},{"url":"value","valueString":"true"}],"url":"http://hl7.org/fhir/tools/StructureDefinition/ig-parameter"},{"extension":[{"url":"code","valueCode":"path-expansion-params"},{"url":"value","valueString":"../../input/_resources/exp-params.json"}],"url":"http://hl7.org/fhir/tools/StructureDefinition/ig-parameter"},{"extension":[{"url":"code","valueCode":"path-binary"},{"url":"value","valueString":"input/cql"}],"url":"http://hl7.org/fhir/tools/StructureDefinition/ig-parameter"},{"extension":[{"url":"code","valueCode":"special-url"},{"url":"value","valueString":"http://id.who.int/icd/release/11/mms"}],"url":"http://hl7.org/fhir/tools/StructureDefinition/ig-parameter"},{"extension":[{"url":"code","valueCode":"special-url"},{"url":"value","valueString":"http://hl7.org/fhir/ValueSet/immunization-status"}],"url":"http://hl7.org/fhir/tools/StructureDefinition/ig-parameter"},{"extension":[{"url":"code","valueCode":"special-url"},{"url":"value","valueString":"http://hl7.org/fhir/ValueSet/country"}],"url":"http://hl7.org/fhir/tools/StructureDefinition/ig-parameter"},{"extension":[{"url":"code","valueCode":"special-url"},{"url":"value","valueString":"http://smart.who.int/base-clinical/Library/WHOCommon"}],"url":"http://hl7.org/fhir/tools/StructureDefinition/ig-parameter"},{"extension":[{"url":"code","valueCode":"special-url"},{"url":"value","valueString":"http://smart.who.int/base-clinical/Library/WHOConcepts"}],"url":"http://hl7.org/fhir/tools/StructureDefinition/ig-parameter"},{"extension":[{"url":"code","valueCode":"special-url"},{"url":"value","valueString":"http://smart.who.int/base-clinical/Library/WHOElements"}],"url":"http://hl7.org/fhir/tools/StructureDefinition/ig-parameter"},{"extension":[{"url":"code","valueCode":"special-url"},{"url":"value","valueString":"http://smart.who.int/base-clinical/Library/WHOEncounterElements"}],"url":"http://hl7.org/fhir/tools/StructureDefinition/ig-parameter"},{"extension":[{"url":"code","valueCode":"autoload-resources"},{"url":"value","valueString":"true"}],"url":"http://hl7.org/fhir/tools/StructureDefinition/ig-parameter"},{"extension":[{"url":"code","valueCode":"path-liquid"},{"url":"value","valueString":"template/liquid"}],"url":"http://hl7.org/fhir/tools/StructureDefinition/ig-parameter"},{"extension":[{"url":"code","valueCode":"path-liquid"},{"url":"value","valueString":"input/liquid"}],"url":"http://hl7.org/fhir/tools/StructureDefinition/ig-parameter"},{"extension":[{"url":"code","valueCode":"path-qa"},{"url":"value","valueString":"temp/qa"}],"url":"http://hl7.org/fhir/tools/StructureDefinition/ig-parameter"},{"extension":[{"url":"code","valueCode":"path-temp"},{"url":"value","valueString":"temp/pages"}],"url":"http://hl7.org/fhir/tools/StructureDefinition/ig-parameter"},{"extension":[{"url":"code","valueCode":"path-output"},{"url":"value","valueString":"output"}],"url":"http://hl7.org/fhir/tools/StructureDefinition/ig-parameter"},{"extension":[{"url":"code","valueCode":"path-suppressed-warnings"},{"url":"value","valueString":"input/ignoreWarnings.txt"}],"url":"http://hl7.org/fhir/tools/StructureDefinition/ig-parameter"},{"extension":[{"url":"code","valueCode":"path-history"},{"url":"value","valueString":"http://smart.who.int/example-workshop/history.html"}],"url":"http://hl7.org/fhir/tools/StructureDefinition/ig-parameter"},{"extension":[{"url":"code","valueCode":"template-html"},{"url":"value","valueString":"template-page.html"}],"url":"http://hl7.org/fhir/tools/StructureDefinition/ig-parameter"},{"extension":[{"url":"code","valueCode":"template-md"},{"url":"value","valueString":"template-page-md.html"}],"url":"http://hl7.org/fhir/tools/StructureDefinition/ig-parameter"},{"extension":[{"url":"code","valueCode":"apply-contact"},{"url":"value","valueString":"true"}],"url":"http://hl7.org/fhir/tools/StructureDefinition/ig-parameter"},{"extension":[{"url":"code","valueCode":"apply-context"},{"url":"value","valueString":"true"}],"url":"http://hl7.org/fhir/tools/StructureDefinition/ig-parameter"},{"extension":[{"url":"code","valueCode":"apply-copyright"},{"url":"value","valueString":"true"}],"url":"http://hl7.org/fhir/tools/StructureDefinition/ig-parameter"},{"extension":[{"url":"code","valueCode":"apply-jurisdiction"},{"url":"value","valueString":"true"}],"url":"http://hl7.org/fhir/tools/StructureDefinition/ig-parameter"},{"extension":[{"url":"code","valueCode":"apply-license"},{"url":"value","valueString":"true"}],"url":"http://hl7.org/fhir/tools/StructureDefinition/ig-parameter"},{"extension":[{"url":"code","valueCode":"apply-publisher"},{"url":"value","valueString":"true"}],"url":"http://hl7.org/fhir/tools/StructureDefinition/ig-parameter"},{"extension":[{"url":"code","valueCode":"apply-version"},{"url":"value","valueString":"true"}],"url":"http://hl7.org/fhir/tools/StructureDefinition/ig-parameter"},{"extension":[{"url":"code","valueCode":"apply-wg"},{"url":"value","valueString":"true"}],"url":"http://hl7.org/fhir/tools/StructureDefinition/ig-parameter"},{"extension":[{"url":"code","valueCode":"active-tables"},{"url":"value","valueString":"true"}],"url":"http://hl7.org/fhir/tools/StructureDefinition/ig-parameter"},{"extension":[{"url":"code","valueCode":"fmm-definition"},{"url":"value","valueString":"http://hl7.org/fhir/versions.html#maturity"}],"url":"http://hl7.org/fhir/tools/StructureDefinition/ig-parameter"},{"extension":[{"url":"code","valueCode":"propagate-status"},{"url":"value","valueString":"true"}],"url":"http://hl7.org/fhir/tools/StructureDefinition/ig-parameter"},{"extension":[{"url":"code","valueCode":"excludelogbinaryformat"},{"url":"value","valueString":"true"}],"url":"http://hl7.org/fhir/tools/StructureDefinition/ig-parameter"},{"extension":[{"url":"code","valueCode":"tabbed-snapshots"},{"url":"value","valueString":"true"}],"url":"http://hl7.org/fhir/tools/StructureDefinition/ig-parameter"}],"grouping":[{"id":"-ka-activitydefinition","name":"Knowledge Artifacts: Activity Definitions","description":"These define activities that can be performed as part of content in this implementation guide."},{"id":"-ka-plandefinition","name":"Knowledge Artifacts: Plan Definitions","description":"These define workflows, rules, strategies, or protocols as part of content in this implementation guide."},{"id":"-ka-library","name":"Knowledge Artifacts: Libraries","description":"These define logic, asset collections and other libraries as part of content in this implementation guide."},{"id":"-str-profile","name":"Structures: Resource Profiles","description":"These define constraints on FHIR resources for systems conforming to this implementation guide."},{"id":"-str-extension","name":"Structures: Extension Definitions","description":"These define constraints on FHIR data types for systems conforming to this implementation guide."},{"id":"-term-valueset","name":"Terminology: Value Sets","description":"These define sets of codes used by systems conforming to this implementation guide."},{"id":"-term-codesystem","name":"Terminology: Code Systems","description":"These define new code systems used by systems conforming to this implementation guide."},{"id":"-map-conceptmap","name":"Terminology: Concept Maps","description":"These define transformations to convert between codes by systems conforming with this implementation guide."}],"resource":[{"extension":[{"url":"http://hl7.org/fhir/tools/StructureDefinition/resource-sort","valueInteger":999999999},{"url":"http://hl7.org/fhir/StructureDefinition/implementationguide-page","valueUri":"ActivityDefinition-IMMZD2DTMeaslesCIMR.html"}],"reference":{"reference":"ActivityDefinition/IMMZD2DTMeaslesCIMR"},"name":"IMMZ.D2.DT.Measles.Contraindication","description":"Provide measles immunization","exampleBoolean":false,"groupingId":"-ka-activitydefinition"},{"extension":[{"url":"http://hl7.org/fhir/tools/StructureDefinition/resource-sort","valueInteger":999999999},{"url":"http://hl7.org/fhir/StructureDefinition/implementationguide-page","valueUri":"ActivityDefinition-IMMZD2DTMeaslesEval.html"}],"reference":{"reference":"ActivityDefinition/IMMZD2DTMeaslesEval"},"name":"IMMZ.D2.DT.Measles.Eval","description":"Provide measles immunization","exampleBoolean":false,"groupingId":"-ka-activitydefinition"},{"extension":[{"url":"http://hl7.org/fhir/tools/StructureDefinition/resource-sort","valueInteger":999999999},{"url":"http://hl7.org/fhir/StructureDefinition/implementationguide-page","valueUri":"ActivityDefinition-IMMZD2DTMeaslesMR.html"}],"reference":{"reference":"ActivityDefinition/IMMZD2DTMeaslesMR"},"name":"IMMZ.D2.DT.Measles.MR","description":"Provide measles immunization","exampleBoolean":false,"groupingId":"-ka-activitydefinition"},{"extension":[{"url":"http://hl7.org/fhir/tools/StructureDefinition/resource-sort","valueInteger":999999999},{"url":"http://hl7.org/fhir/StructureDefinition/implementationguide-page","valueUri":"PlanDefinition-IMMZD2DTMeaslesLT.html"}],"reference":{"reference":"PlanDefinition/IMMZD2DTMeaslesLT"},"name":"IMMZ.D2.DT.Measles Low Transmission","description":"If the child or patient has not been given MCV1 (at 12 months) and MCV2 (between 15-18 months) vaccination","exampleBoolean":false,"groupingId":"-ka-plandefinition"},{"extension":[{"url":"http://hl7.org/fhir/tools/StructureDefinition/resource-sort","valueInteger":999999999},{"url":"http://hl7.org/fhir/StructureDefinition/implementationguide-page","valueUri":"PlanDefinition-IMMZD2DTMeaslesDose0.html"}],"reference":{"reference":"PlanDefinition/IMMZD2DTMeaslesDose0"},"name":"IMMZ.D2.DT.Measles MCV Dose 0","description":"If the child or patient has not been given MCV0 between 6 and 9 months","exampleBoolean":false,"groupingId":"-ka-plandefinition"},{"extension":[{"url":"http://hl7.org/fhir/tools/StructureDefinition/resource-sort","valueInteger":999999999},{"url":"http://hl7.org/fhir/StructureDefinition/implementationguide-page","valueUri":"PlanDefinition-IMMZD2DTMeaslesSupplementary.html"}],"reference":{"reference":"PlanDefinition/IMMZD2DTMeaslesSupplementary"},"name":"IMMZ.D2.DT.Measles MCV Dose 0","description":"If the child or patient has not been given a supplementary dose","exampleBoolean":false,"groupingId":"-ka-plandefinition"},{"extension":[{"url":"http://hl7.org/fhir/tools/StructureDefinition/resource-sort","valueInteger":999999999},{"url":"http://hl7.org/fhir/StructureDefinition/implementationguide-page","valueUri":"PlanDefinition-IMMZD2DTMeaslesOT.html"}],"reference":{"reference":"PlanDefinition/IMMZD2DTMeaslesOT"},"name":"IMMZ.D2.DT.Measles Ongoing Transmission","description":"If the child or patient has not been given MCV1 (at 9 months) and MCV2 (between 15-18 months) vaccination","exampleBoolean":false,"groupingId":"-ka-plandefinition"},{"extension":[{"url":"http://hl7.org/fhir/tools/StructureDefinition/resource-sort","valueInteger":999999999},{"url":"http://hl7.org/fhir/StructureDefinition/implementationguide-page","valueUri":"PlanDefinition-IMMZD5DTMeaslesCI.html"}],"reference":{"reference":"PlanDefinition/IMMZD5DTMeaslesCI"},"name":"IMMZ.D5.DT.Measles.Contraindication","description":"Check contraindications for Measles vaccine","exampleBoolean":false,"groupingId":"-ka-plandefinition"},{"extension":[{"url":"http://hl7.org/fhir/tools/StructureDefinition/resource-sort","valueInteger":999999999},{"url":"http://hl7.org/fhir/StructureDefinition/implementationguide-page","valueUri":"PlanDefinition-IMMZDTImmunizationStrategy.html"}],"reference":{"reference":"PlanDefinition/IMMZDTImmunizationStrategy"},"name":"IMMZ.DT.Immunization Strategy","description":"Provide vaccinations according to the recommended schedule","exampleBoolean":false,"groupingId":"-ka-plandefinition"},{"extension":[{"url":"http://hl7.org/fhir/tools/StructureDefinition/resource-sort","valueInteger":999999999},{"url":"http://hl7.org/fhir/StructureDefinition/implementationguide-page","valueUri":"Library-IMMZIND08Logic.html"}],"reference":{"reference":"Library/IMMZIND08Logic"},"name":"IMMZ.IND.08 Logic","description":"This library defines population criteria for the IND.08 indicator in the Immunization CPG","exampleBoolean":false,"groupingId":"-ka-library"},{"extension":[{"url":"http://hl7.org/fhir/tools/StructureDefinition/resource-sort","valueInteger":999999999},{"url":"http://hl7.org/fhir/StructureDefinition/implementationguide-page","valueUri":"Library-IMMZIND12Logic.html"}],"reference":{"reference":"Library/IMMZIND12Logic"},"name":"IMMZ.IND.12 Logic","description":"This library defines population criteria logic for the IND.12 indicator in the Immunization CPG","exampleBoolean":false,"groupingId":"-ka-library"},{"extension":[{"url":"http://hl7.org/fhir/tools/StructureDefinition/resource-sort","valueInteger":999999999},{"url":"http://hl7.org/fhir/StructureDefinition/implementationguide-page","valueUri":"Library-IMMZIND13Logic.html"}],"reference":{"reference":"Library/IMMZIND13Logic"},"name":"IMMZ.IND.13 Logic","description":"This library defines population criteria logic for the IND.13 indicator in the Immunization CPG","exampleBoolean":false,"groupingId":"-ka-library"},{"extension":[{"url":"http://hl7.org/fhir/tools/StructureDefinition/resource-sort","valueInteger":999999999},{"url":"http://hl7.org/fhir/StructureDefinition/implementationguide-page","valueUri":"Library-IMMZCommon.html"}],"reference":{"reference":"Library/IMMZCommon"},"name":"IMMZCommon","description":"This library defines common terminologies and functions used throughout the Immunization CPG","exampleBoolean":false,"groupingId":"-ka-library"},{"extension":[{"url":"http://hl7.org/fhir/tools/StructureDefinition/resource-sort","valueInteger":999999999},{"url":"http://hl7.org/fhir/StructureDefinition/implementationguide-page","valueUri":"Library-IMMZConcepts.html"}],"reference":{"reference":"Library/IMMZConcepts"},"name":"IMMZConcepts","description":"This library defines concepts used throughout the Immunization CPG","exampleBoolean":false,"groupingId":"-ka-library"},{"extension":[{"url":"http://hl7.org/fhir/tools/StructureDefinition/resource-sort","valueInteger":999999999},{"url":"http://hl7.org/fhir/StructureDefinition/implementationguide-page","valueUri":"Library-IMMZConfig.html"}],"reference":{"reference":"Library/IMMZConfig"},"name":"IMMZConfig","description":"This library defines configuration points for the Immunization CPG","exampleBoolean":false,"groupingId":"-ka-library"},{"extension":[{"url":"http://hl7.org/fhir/tools/StructureDefinition/resource-sort","valueInteger":999999999},{"url":"http://hl7.org/fhir/StructureDefinition/implementationguide-page","valueUri":"Library-IMMZD2DTMeaslesDose0Logic.html"}],"reference":{"reference":"Library/IMMZD2DTMeaslesDose0Logic"},"name":"IMMZD2DTMeaslesDose0Logic","description":"This library defines decision support logic for the D2.DT.Measles Dose 0 decision table in the Immunization CPG","exampleBoolean":false,"groupingId":"-ka-library"},{"extension":[{"url":"http://hl7.org/fhir/tools/StructureDefinition/resource-sort","valueInteger":999999999},{"url":"http://hl7.org/fhir/StructureDefinition/implementationguide-page","valueUri":"Library-IMMZD2DTMeaslesLTLogic.html"}],"reference":{"reference":"Library/IMMZD2DTMeaslesLTLogic"},"name":"IMMZD2DTMeaslesLTLogic","description":"This library defines decision support logic for the D2.DT.Measles Dose 0 decision table in the Immunization CPG","exampleBoolean":false,"groupingId":"-ka-library"},{"extension":[{"url":"http://hl7.org/fhir/tools/StructureDefinition/resource-sort","valueInteger":999999999},{"url":"http://hl7.org/fhir/StructureDefinition/implementationguide-page","valueUri":"Library-IMMZD2DTMeaslesLogic.html"}],"reference":{"reference":"Library/IMMZD2DTMeaslesLogic"},"name":"IMMZD2DTMeaslesLogic","description":"This library defines decision support logic for the D2.DT.Measles decision table in the Immunization CPG","exampleBoolean":false,"groupingId":"-ka-library"},{"extension":[{"url":"http://hl7.org/fhir/tools/StructureDefinition/resource-sort","valueInteger":999999999},{"url":"http://hl7.org/fhir/StructureDefinition/implementationguide-page","valueUri":"Library-IMMZD2DTMeaslesOTLogic.html"}],"reference":{"reference":"Library/IMMZD2DTMeaslesOTLogic"},"name":"IMMZD2DTMeaslesOTLogic","description":"This library defines decision support logic for the D2.DT.Measles Dose 0 decision table in the Immunization CPG","exampleBoolean":false,"groupingId":"-ka-library"},{"extension":[{"url":"http://hl7.org/fhir/tools/StructureDefinition/resource-sort","valueInteger":999999999},{"url":"http://hl7.org/fhir/StructureDefinition/implementationguide-page","valueUri":"Library-IMMZD2DTMeaslesSupplementaryLogic.html"}],"reference":{"reference":"Library/IMMZD2DTMeaslesSupplementaryLogic"},"name":"IMMZD2DTMeaslesSupplementaryLogic","description":"This library defines decision support logic for the D2.DT.Measles Dose 0 decision table in the Immunization CPG","exampleBoolean":false,"groupingId":"-ka-library"},{"extension":[{"url":"http://hl7.org/fhir/tools/StructureDefinition/resource-sort","valueInteger":999999999},{"url":"http://hl7.org/fhir/StructureDefinition/implementationguide-page","valueUri":"Library-IMMZD5DTMeaslesCILogic.html"}],"reference":{"reference":"Library/IMMZD5DTMeaslesCILogic"},"name":"IMMZD5DTMeaslesCILogic","description":"This library defines decision support logic for the D2.DT.Measles Dose 0 decision table in the Immunization CPG","exampleBoolean":false,"groupingId":"-ka-library"},{"extension":[{"url":"http://hl7.org/fhir/tools/StructureDefinition/resource-sort","valueInteger":999999999},{"url":"http://hl7.org/fhir/StructureDefinition/implementationguide-page","valueUri":"Library-IMMZElements.html"}],"reference":{"reference":"Library/IMMZElements"},"name":"IMMZElements","description":"This library defines context-independent elements used throughout the Immunization CPG","exampleBoolean":false,"groupingId":"-ka-library"},{"extension":[{"url":"http://hl7.org/fhir/tools/StructureDefinition/resource-sort","valueInteger":999999999},{"url":"http://hl7.org/fhir/StructureDefinition/implementationguide-page","valueUri":"Library-IMMZEncounterElements.html"}],"reference":{"reference":"Library/IMMZEncounterElements"},"name":"IMMZEncounterElements","description":"This library defines encounter-based elements used throughout the Immunization CPG","exampleBoolean":false,"groupingId":"-ka-library"},{"extension":[{"url":"http://hl7.org/fhir/tools/StructureDefinition/resource-sort","valueInteger":999999999},{"url":"http://hl7.org/fhir/StructureDefinition/implementationguide-page","valueUri":"Library-IMMZIndicatorElements.html"}],"reference":{"reference":"Library/IMMZIndicatorElements"},"name":"IMMZIndicatorElements","description":"This library defines indicator-based elements and terminologies used throughout the Immunization CPG indicators","exampleBoolean":false,"groupingId":"-ka-library"},{"extension":[{"url":"http://hl7.org/fhir/tools/StructureDefinition/resource-sort","valueInteger":999999999},{"url":"http://hl7.org/fhir/StructureDefinition/implementationguide-page","valueUri":"Library-IMMZVaccineLibrary.html"}],"reference":{"reference":"Library/IMMZVaccineLibrary"},"name":"IMMZVaccineLibrary","description":"This library defines logic and mappings for the use of vaccines in the Immunization CPG","exampleBoolean":false,"groupingId":"-ka-library"},{"extension":[{"url":"http://hl7.org/fhir/tools/StructureDefinition/resource-sort","valueInteger":999999999},{"url":"http://hl7.org/fhir/StructureDefinition/implementationguide-page","valueUri":"Library-WHOCommon.html"}],"reference":{"reference":"Library/WHOCommon"},"name":"WHOCommon","description":"This library defines common terminologies and functions used throughout WHO SMART Guidelines content","exampleBoolean":false,"groupingId":"-ka-library"},{"extension":[{"url":"http://hl7.org/fhir/tools/StructureDefinition/resource-sort","valueInteger":999999999},{"url":"http://hl7.org/fhir/StructureDefinition/implementationguide-page","valueUri":"Library-WHOConcepts.html"}],"reference":{"reference":"Library/WHOConcepts"},"name":"WHOConcepts","description":"This library defines common concepts used throughout WHO SMART Guidelines content","exampleBoolean":false,"groupingId":"-ka-library"},{"extension":[{"url":"http://hl7.org/fhir/tools/StructureDefinition/resource-sort","valueInteger":999999999},{"url":"http://hl7.org/fhir/StructureDefinition/implementationguide-page","valueUri":"Library-WHOElements.html"}],"reference":{"reference":"Library/WHOElements"},"name":"WHOElements","description":"This library defines context-independent elements used throughout WHO SMART Guidelines content","exampleBoolean":false,"groupingId":"-ka-library"},{"extension":[{"url":"http://hl7.org/fhir/tools/StructureDefinition/resource-sort","valueInteger":999999999},{"url":"http://hl7.org/fhir/StructureDefinition/implementationguide-page","valueUri":"Library-WHOEncounterElements.html"}],"reference":{"reference":"Library/WHOEncounterElements"},"name":"WHOEncounterElements","description":"This library defines encounter-based elements used throughout WHO SMART Guidelines content","exampleBoolean":false,"groupingId":"-ka-library"},{"extension":[{"url":"http://hl7.org/fhir/tools/StructureDefinition/resource-sort","valueInteger":999999999},{"url":"http://hl7.org/fhir/StructureDefinition/implementationguide-page","valueUri":"StructureDefinition-SGVaccineProduct.html"}],"reference":{"reference":"StructureDefinition/SGVaccineProduct"},"name":"A Vaccine product","description":"A Vaccine product","exampleBoolean":false,"groupingId":"-str-profile"},{"extension":[{"url":"http://hl7.org/fhir/tools/StructureDefinition/resource-sort","valueInteger":999999999},{"url":"http://hl7.org/fhir/StructureDefinition/implementationguide-page","valueUri":"StructureDefinition-SGImmunization.html"}],"reference":{"reference":"StructureDefinition/SGImmunization"},"name":"A record of an immunization, with a given product","description":"A record of an immunization, with a given product","exampleBoolean":false,"groupingId":"-str-profile"},{"extension":[{"url":"http://hl7.org/fhir/tools/StructureDefinition/resource-sort","valueInteger":999999999},{"url":"http://hl7.org/fhir/StructureDefinition/implementationguide-page","valueUri":"StructureDefinition-SGVaccineRequest.html"}],"reference":{"reference":"StructureDefinition/SGVaccineRequest"},"name":"An order for an actual product","description":"An order for an actual product","exampleBoolean":false,"groupingId":"-str-profile"},{"extension":[{"url":"http://hl7.org/fhir/tools/StructureDefinition/resource-sort","valueInteger":999999999},{"url":"http://hl7.org/fhir/StructureDefinition/implementationguide-page","valueUri":"StructureDefinition-SGVaccineProposal.html"}],"reference":{"reference":"StructureDefinition/SGVaccineProposal"},"name":"An order for immunization (for a disease, not a specific product)","description":"An order for immunization (for a disease, not a specific product)","exampleBoolean":false,"groupingId":"-str-profile"},{"extension":[{"url":"http://hl7.org/fhir/tools/StructureDefinition/resource-sort","valueInteger":999999999},{"url":"http://hl7.org/fhir/StructureDefinition/implementationguide-page","valueUri":"StructureDefinition-sg-ext-administeredProduct.html"}],"reference":{"reference":"StructureDefinition/sg-ext-administeredProduct"},"name":"SGAdministeredProduct","description":"The product administered","exampleBoolean":false,"groupingId":"-str-extension"},{"extension":[{"url":"http://hl7.org/fhir/tools/StructureDefinition/resource-sort","valueInteger":999999999},{"url":"http://hl7.org/fhir/StructureDefinition/implementationguide-page","valueUri":"StructureDefinition-SGMedicationClassification.html"}],"reference":{"reference":"StructureDefinition/SGMedicationClassification"},"name":"SGMedicationClassification","description":"Medication Classification.","exampleBoolean":false,"groupingId":"-str-extension"},{"extension":[{"url":"http://hl7.org/fhir/tools/StructureDefinition/resource-sort","valueInteger":999999999},{"url":"http://hl7.org/fhir/StructureDefinition/implementationguide-page","valueUri":"ValueSet-ARVDrugs-values.html"}],"reference":{"reference":"ValueSet/ARVDrugs-values"},"name":"ARV Drugs values","description":"Codes representing ARV Drugs values","exampleBoolean":false,"groupingId":"-term-valueset"},{"extension":[{"url":"http://hl7.org/fhir/tools/StructureDefinition/resource-sort","valueInteger":999999999},{"url":"http://hl7.org/fhir/StructureDefinition/implementationguide-page","valueUri":"ValueSet-Birthweight-values.html"}],"reference":{"reference":"ValueSet/Birthweight-values"},"name":"Birthweight valueset","description":"Codes representing Birthweight values","exampleBoolean":false,"groupingId":"-term-valueset"},{"extension":[{"url":"http://hl7.org/fhir/tools/StructureDefinition/resource-sort","valueInteger":999999999},{"url":"http://hl7.org/fhir/StructureDefinition/implementationguide-page","valueUri":"ValueSet-sgcountry.html"}],"reference":{"reference":"ValueSet/sgcountry"},"name":"Country ValueSet","description":"This value set defines a base set of codes for countries.   \n\n   Note: The codes for countries are taken from    [ISO 3166](https://www.iso.org/iso-3166-country-codes.html).","exampleBoolean":false,"groupingId":"-term-valueset"},{"extension":[{"url":"http://hl7.org/fhir/tools/StructureDefinition/resource-sort","valueInteger":999999999},{"url":"http://hl7.org/fhir/StructureDefinition/implementationguide-page","valueUri":"ValueSet-HIVstatus-values.html"}],"reference":{"reference":"ValueSet/HIVstatus-values"},"name":"HIV status values","description":"Codes representing HIV status values","exampleBoolean":false,"groupingId":"-term-valueset"},{"extension":[{"url":"http://hl7.org/fhir/tools/StructureDefinition/resource-sort","valueInteger":999999999},{"url":"http://hl7.org/fhir/StructureDefinition/implementationguide-page","valueUri":"ValueSet-IMMZ.C.DE5.html"}],"reference":{"reference":"ValueSet/IMMZ.C.DE5"},"name":"IMMZ.C.DE5 ValueSet for Sex","description":"ValueSet for Sex for IMMZ.C.DE5.","exampleBoolean":false,"groupingId":"-term-valueset"},{"extension":[{"url":"http://hl7.org/fhir/tools/StructureDefinition/resource-sort","valueInteger":999999999},{"url":"http://hl7.org/fhir/StructureDefinition/implementationguide-page","valueUri":"ValueSet-IMMZ.D1.DE1VS.html"}],"reference":{"reference":"ValueSet/IMMZ.D1.DE1VS"},"name":"IMMZ.D1.DE1 CodeSystem for Immunization status","description":"CodeSystem for IMMZ.D1.DE1 Immunization status","exampleBoolean":false,"groupingId":"-term-valueset"},{"extension":[{"url":"http://hl7.org/fhir/tools/StructureDefinition/resource-sort","valueInteger":999999999},{"url":"http://hl7.org/fhir/StructureDefinition/implementationguide-page","valueUri":"ValueSet-IMMZ.D1.DE10.html"}],"reference":{"reference":"ValueSet/IMMZ.D1.DE10"},"name":"IMMZ.D1.DE10 ValueSet for HIV Status","description":"ValueSet for HIV Status for IMMZ.D1.DE10.","exampleBoolean":false,"groupingId":"-term-valueset"},{"extension":[{"url":"http://hl7.org/fhir/tools/StructureDefinition/resource-sort","valueInteger":999999999},{"url":"http://hl7.org/fhir/StructureDefinition/implementationguide-page","valueUri":"ValueSet-IMMZ.D1.DE5VS.html"}],"reference":{"reference":"ValueSet/IMMZ.D1.DE5VS"},"name":"IMMZ.D1.DE5 values for Reason Not Done","description":"Values for IMMZ.D1.DE5 Reason Not Done","exampleBoolean":false,"groupingId":"-term-valueset"},{"extension":[{"url":"http://hl7.org/fhir/tools/StructureDefinition/resource-sort","valueInteger":999999999},{"url":"http://hl7.org/fhir/StructureDefinition/implementationguide-page","valueUri":"ValueSet-IMMZ.D4.DE161.html"}],"reference":{"reference":"ValueSet/IMMZ.D4.DE161"},"name":"IMMZ.D4.DE161 ValueSet for Potential Contraindications","description":"ValueSet for Potential Contraindications for IMMZ.D4.DE161.","exampleBoolean":false,"groupingId":"-term-valueset"},{"extension":[{"url":"http://hl7.org/fhir/tools/StructureDefinition/resource-sort","valueInteger":999999999},{"url":"http://hl7.org/fhir/StructureDefinition/implementationguide-page","valueUri":"ValueSet-IMMZ.Z.DE9.html"}],"reference":{"reference":"ValueSet/IMMZ.Z.DE9"},"name":"IMMZ.Z.DE9 ValueSet for Measles Vaccines","description":"ValueSet for Measles Vaccines for IMMZ.Z.DE9","exampleBoolean":false,"groupingId":"-term-valueset"},{"extension":[{"url":"http://hl7.org/fhir/tools/StructureDefinition/resource-sort","valueInteger":999999999},{"url":"http://hl7.org/fhir/StructureDefinition/implementationguide-page","valueUri":"ValueSet-SGImmunizationStatusCodes.html"}],"reference":{"reference":"ValueSet/SGImmunizationStatusCodes"},"name":"Immunization Status Codes","description":"The value set to instantiate this attribute should be drawn from a terminologically robust code system that consists of or contains concepts to support describing the current status of the administered dose of vaccine.","exampleBoolean":false,"groupingId":"-term-valueset"},{"extension":[{"url":"http://hl7.org/fhir/tools/StructureDefinition/resource-sort","valueInteger":999999999},{"url":"http://hl7.org/fhir/StructureDefinition/implementationguide-page","valueUri":"ValueSet-Immunocompromised-values.html"}],"reference":{"reference":"ValueSet/Immunocompromised-values"},"name":"Immunocompromised valueset","description":"Codes representing Immunocompromised values","exampleBoolean":false,"groupingId":"-term-valueset"},{"extension":[{"url":"http://hl7.org/fhir/tools/StructureDefinition/resource-sort","valueInteger":999999999},{"url":"http://hl7.org/fhir/StructureDefinition/implementationguide-page","valueUri":"ValueSet-VaccineTypes.html"}],"reference":{"reference":"ValueSet/VaccineTypes"},"name":"Measles Vaccine Type ValueSet","description":"Measles Vaccine type Codes, containing the different types of antigens used in vaccine guidelines.","exampleBoolean":false,"groupingId":"-term-valueset"},{"extension":[{"url":"http://hl7.org/fhir/tools/StructureDefinition/resource-sort","valueInteger":999999999},{"url":"http://hl7.org/fhir/StructureDefinition/implementationguide-page","valueUri":"ValueSet-VSMeaslesVaccineProducts.html"}],"reference":{"reference":"ValueSet/VSMeaslesVaccineProducts"},"name":"MeaslesVaccine Products ValueSet","description":"Vaccine Product Codes - representing the codes of the products currently available.","exampleBoolean":false,"groupingId":"-term-valueset"},{"extension":[{"url":"http://hl7.org/fhir/tools/StructureDefinition/resource-sort","valueInteger":999999999},{"url":"http://hl7.org/fhir/StructureDefinition/implementationguide-page","valueUri":"ValueSet-Negativetestresult-values.html"}],"reference":{"reference":"ValueSet/Negativetestresult-values"},"name":"Negative Test Results","description":"Codes representing negative test result values","exampleBoolean":false,"groupingId":"-term-valueset"},{"extension":[{"url":"http://hl7.org/fhir/tools/StructureDefinition/resource-sort","valueInteger":999999999},{"url":"http://hl7.org/fhir/StructureDefinition/implementationguide-page","valueUri":"ValueSet-PositiveTestResult-values.html"}],"reference":{"reference":"ValueSet/PositiveTestResult-values"},"name":"Positive Test Result valuest","description":"Codes representing Positive Test Result values","exampleBoolean":false,"groupingId":"-term-valueset"},{"extension":[{"url":"http://hl7.org/fhir/tools/StructureDefinition/resource-sort","valueInteger":999999999},{"url":"http://hl7.org/fhir/StructureDefinition/implementationguide-page","valueUri":"ValueSet-pregnancystatus-values.html"}],"reference":{"reference":"ValueSet/pregnancystatus-values"},"name":"Pregnancy status values","description":"Codes representing possible values for the Pregnancy status element","exampleBoolean":false,"groupingId":"-term-valueset"},{"extension":[{"url":"http://hl7.org/fhir/tools/StructureDefinition/resource-sort","valueInteger":999999999},{"url":"http://hl7.org/fhir/StructureDefinition/implementationguide-page","valueUri":"ValueSet-LiveAttenuatedVaccines.html"}],"reference":{"reference":"ValueSet/LiveAttenuatedVaccines"},"name":"Set of live attenuated vaccines","description":"Codes representing live attenuated vaccines","exampleBoolean":false,"groupingId":"-term-valueset"},{"extension":[{"url":"http://hl7.org/fhir/tools/StructureDefinition/resource-sort","valueInteger":999999999},{"url":"http://hl7.org/fhir/StructureDefinition/implementationguide-page","valueUri":"ValueSet-AllVaccineTypes.html"}],"reference":{"reference":"ValueSet/AllVaccineTypes"},"name":"Vaccine Type ValueSet","description":"Vaccine type Codes, containing the different types of antigens used in vaccine guidelines.","exampleBoolean":false,"groupingId":"-term-valueset"},{"extension":[{"url":"http://hl7.org/fhir/tools/StructureDefinition/resource-sort","valueInteger":999999999},{"url":"http://hl7.org/fhir/StructureDefinition/implementationguide-page","valueUri":"CodeSystem-ICD11.html"}],"reference":{"reference":"CodeSystem/ICD11"},"name":"ICD-11","description":"ICD-11.","exampleBoolean":false,"groupingId":"-term-codesystem"},{"extension":[{"url":"http://hl7.org/fhir/tools/StructureDefinition/resource-sort","valueInteger":999999999},{"url":"http://hl7.org/fhir/StructureDefinition/implementationguide-page","valueUri":"CodeSystem-IMMZConcepts.html"}],"reference":{"reference":"CodeSystem/IMMZConcepts"},"name":"Immunizations Concepts CodeSystem","description":"This code system defines concepts used in SMART Immunizations","exampleBoolean":false,"groupingId":"-term-codesystem"},{"extension":[{"url":"http://hl7.org/fhir/tools/StructureDefinition/resource-sort","valueInteger":999999999},{"url":"http://hl7.org/fhir/StructureDefinition/implementationguide-page","valueUri":"CodeSystem-VaccineProducts.html"}],"reference":{"reference":"CodeSystem/VaccineProducts"},"name":"Vaccine Product codes CodeSet","description":"Vaccine Product codes, containing the different available products.","exampleBoolean":false,"groupingId":"-term-codesystem"},{"extension":[{"url":"http://hl7.org/fhir/tools/StructureDefinition/resource-sort","valueInteger":999999999},{"url":"http://hl7.org/fhir/StructureDefinition/implementationguide-page","valueUri":"ConceptMap-IMMZConceptsToICD11.html"}],"reference":{"reference":"ConceptMap/IMMZConceptsToICD11"},"name":"ConceptMap to and from ICD-11","description":"Mapping to and from IMMZ Concepts to ICD-11","exampleBoolean":false,"groupingId":"-map-conceptmap"},{"extension":[{"url":"http://hl7.org/fhir/tools/StructureDefinition/resource-sort","valueInteger":999999999},{"url":"http://hl7.org/fhir/StructureDefinition/implementationguide-page","valueUri":"ConceptMap-IMMZConceptsToAdministrativeGender.html"}],"reference":{"reference":"ConceptMap/IMMZConceptsToAdministrativeGender"},"name":"ConceptMap to and from Immunization Concepts to administrative gender","description":"Mapping to and from IMMZ.C sex coding to FHIR Administrative Gender.","exampleBoolean":false,"groupingId":"-map-conceptmap"},{"extension":[{"url":"http://hl7.org/fhir/tools/StructureDefinition/resource-sort","valueInteger":999999999},{"url":"http://hl7.org/fhir/StructureDefinition/implementationguide-page","valueUri":"ConceptMap-IMMZConceptsToLOINC.html"}],"reference":{"reference":"ConceptMap/IMMZConceptsToLOINC"},"name":"ConceptMap to and from LOINC","description":"Mapping to and from IMMZ Concepts to LOINC","exampleBoolean":false,"groupingId":"-map-conceptmap"},{"extension":[{"url":"http://hl7.org/fhir/tools/StructureDefinition/resource-sort","valueInteger":999999999},{"url":"http://hl7.org/fhir/StructureDefinition/implementationguide-page","valueUri":"ConceptMap-IMMZConceptsToSNOMED.html"}],"reference":{"reference":"ConceptMap/IMMZConceptsToSNOMED"},"name":"ConceptMap to and from SNOMED","description":"Mapping to and from IMMZ Concepts to SNOMED","exampleBoolean":false,"groupingId":"-map-conceptmap"}],"page":{"extension":[{"url":"http://hl7.org/fhir/tools/StructureDefinition/ig-page-name","valueUrl":"toc.html"}],"nameUrl":"toc.html","title":"Table of Contents","generation":"html","page":[{"extension":[{"url":"http://hl7.org/fhir/tools/StructureDefinition/ig-page-name","valueUrl":"index.html"}],"nameUrl":"index.html","title":"Home","generation":"markdown","page":[{"extension":[{"url":"http://hl7.org/fhir/tools/StructureDefinition/ig-page-name","valueUrl":"changes.html"}],"nameUrl":"changes.html","title":"Changes","generation":"markdown"},{"extension":[{"url":"http://hl7.org/fhir/tools/StructureDefinition/ig-page-name","valueUrl":"dependencies.html"}],"nameUrl":"dependencies.html","title":"Dependencies","generation":"markdown"},{"extension":[{"url":"http://hl7.org/fhir/tools/StructureDefinition/ig-page-name","valueUrl":"references.html"}],"nameUrl":"references.html","title":"References","generation":"markdown"},{"extension":[{"url":"http://hl7.org/fhir/tools/StructureDefinition/ig-page-name","valueUrl":"adapting.html"}],"nameUrl":"adapting.html","title":"Adapting Guidelines for Country use","generation":"markdown"},{"extension":[{"url":"http://hl7.org/fhir/tools/StructureDefinition/ig-page-name","valueUrl":"license.html"}],"nameUrl":"license.html","title":"License","generation":"markdown"}]},{"extension":[{"url":"http://hl7.org/fhir/tools/StructureDefinition/ig-page-name","valueUrl":"business-requirements.html"}],"nameUrl":"business-requirements.html","title":"Business Requirements","generation":"markdown","page":[{"extension":[{"url":"http://hl7.org/fhir/tools/StructureDefinition/ig-page-name","valueUrl":"concepts.html"}],"nameUrl":"concepts.html","title":"Concepts","generation":"markdown"},{"extension":[{"url":"http://hl7.org/fhir/tools/StructureDefinition/ig-page-name","valueUrl":"personas.html"}],"nameUrl":"personas.html","title":"Generic Personas","generation":"markdown"},{"extension":[{"url":"http://hl7.org/fhir/tools/StructureDefinition/ig-page-name","valueUrl":"scenarios.html"}],"nameUrl":"scenarios.html","title":"User Scenarios","generation":"markdown"},{"extension":[{"url":"http://hl7.org/fhir/tools/StructureDefinition/ig-page-name","valueUrl":"business-processes.html"}],"nameUrl":"business-processes.html","title":"Business Processes","generation":"markdown"},{"extension":[{"url":"http://hl7.org/fhir/tools/StructureDefinition/ig-page-name","valueUrl":"dictionary.html"}],"nameUrl":"dictionary.html","title":"Data Dictionary","generation":"markdown"},{"extension":[{"url":"http://hl7.org/fhir/tools/StructureDefinition/ig-page-name","valueUrl":"decision-logic.html"}],"nameUrl":"decision-logic.html","title":"Decision-support logic","generation":"markdown"},{"extension":[{"url":"http://hl7.org/fhir/tools/StructureDefinition/ig-page-name","valueUrl":"indicators.html"}],"nameUrl":"indicators.html","title":"Indicator and Performance Metrics","generation":"markdown"},{"extension":[{"url":"http://hl7.org/fhir/tools/StructureDefinition/ig-page-name","valueUrl":"functional-requirements.html"}],"nameUrl":"functional-requirements.html","title":"Functional Requirements","generation":"markdown"},{"extension":[{"url":"http://hl7.org/fhir/tools/StructureDefinition/ig-page-name","valueUrl":"non-functional-requirements.html"}],"nameUrl":"non-functional-requirements.html","title":"Non-functional Requirements","generation":"markdown"}]},{"extension":[{"url":"http://hl7.org/fhir/tools/StructureDefinition/ig-page-name","valueUrl":"data-models-and-exchange.html"}],"nameUrl":"data-models-and-exchange.html","title":"Data Models and Exchange","generation":"markdown","page":[{"extension":[{"url":"http://hl7.org/fhir/tools/StructureDefinition/ig-page-name","valueUrl":"system-actors.html"}],"nameUrl":"system-actors.html","title":"System Actors","generation":"markdown"},{"extension":[{"url":"http://hl7.org/fhir/tools/StructureDefinition/ig-page-name","valueUrl":"sequence-diagrams.html"}],"nameUrl":"sequence-diagrams.html","title":"Sequence Diagrams","generation":"markdown"},{"extension":[{"url":"http://hl7.org/fhir/tools/StructureDefinition/ig-page-name","valueUrl":"transactions.html"}],"nameUrl":"transactions.html","title":"Transactions","generation":"markdown"},{"extension":[{"url":"http://hl7.org/fhir/tools/StructureDefinition/ig-page-name","valueUrl":"indicators-measures.html"}],"nameUrl":"indicators-measures.html","title":"Indicators and Measures","generation":"markdown"},{"extension":[{"url":"http://hl7.org/fhir/tools/StructureDefinition/ig-page-name","valueUrl":"codings.html"}],"nameUrl":"codings.html","title":"Codings","generation":"markdown"}]},{"extension":[{"url":"http://hl7.org/fhir/tools/StructureDefinition/ig-page-name","valueUrl":"deployment.html"}],"nameUrl":"deployment.html","title":"Deployment","generation":"markdown","page":[{"extension":[{"url":"http://hl7.org/fhir/tools/StructureDefinition/ig-page-name","valueUrl":"security-privacy.html"}],"nameUrl":"security-privacy.html","title":"Security and Privacy Considerations","generation":"markdown"},{"extension":[{"url":"http://hl7.org/fhir/tools/StructureDefinition/ig-page-name","valueUrl":"testing.html"}],"nameUrl":"testing.html","title":"Testing","generation":"markdown"},{"extension":[{"url":"http://hl7.org/fhir/tools/StructureDefinition/ig-page-name","valueUrl":"test-data.html"}],"nameUrl":"test-data.html","title":"Test Data","generation":"markdown"},{"extension":[{"url":"http://hl7.org/fhir/tools/StructureDefinition/ig-page-name","valueUrl":"reference-implementations.html"}],"nameUrl":"reference-implementations.html","title":"Reference Implementations","generation":"markdown"},{"extension":[{"url":"http://hl7.org/fhir/tools/StructureDefinition/ig-page-name","valueUrl":"downloads.html"}],"nameUrl":"downloads.html","title":"Downloads","generation":"markdown"}]},{"extension":[{"url":"http://hl7.org/fhir/tools/StructureDefinition/ig-page-name","valueUrl":"indices.html"}],"nameUrl":"indices.html","title":"Indices","generation":"markdown","page":[{"extension":[{"url":"http://hl7.org/fhir/tools/StructureDefinition/ig-page-name","valueUrl":"artifacts.html"}],"nameUrl":"artifacts.html","title":"Artifact Index","generation":"html","page":[{"extension":[{"url":"http://hl7.org/fhir/tools/StructureDefinition/ig-page-name","valueUrl":"ActivityDefinition-IMMZD2DTMeaslesCIMR.html"}],"nameUrl":"ActivityDefinition-IMMZD2DTMeaslesCIMR.html","title":"IMMZ.D2.DT.Measles.Contraindication","generation":"generated"},{"extension":[{"url":"http://hl7.org/fhir/tools/StructureDefinition/ig-page-name","valueUrl":"ActivityDefinition-IMMZD2DTMeaslesEval.html"}],"nameUrl":"ActivityDefinition-IMMZD2DTMeaslesEval.html","title":"IMMZ.D2.DT.Measles.Eval","generation":"generated"},{"extension":[{"url":"http://hl7.org/fhir/tools/StructureDefinition/ig-page-name","valueUrl":"ActivityDefinition-IMMZD2DTMeaslesMR.html"}],"nameUrl":"ActivityDefinition-IMMZD2DTMeaslesMR.html","title":"IMMZ.D2.DT.Measles.MR","generation":"generated"},{"extension":[{"url":"http://hl7.org/fhir/tools/StructureDefinition/ig-page-name","valueUrl":"PlanDefinition-IMMZD2DTMeaslesLT.html"}],"nameUrl":"PlanDefinition-IMMZD2DTMeaslesLT.html","title":"IMMZ.D2.DT.Measles Low Transmission","generation":"generated"},{"extension":[{"url":"http://hl7.org/fhir/tools/StructureDefinition/ig-page-name","valueUrl":"PlanDefinition-IMMZD2DTMeaslesDose0.html"}],"nameUrl":"PlanDefinition-IMMZD2DTMeaslesDose0.html","title":"IMMZ.D2.DT.Measles MCV Dose 0","generation":"generated"},{"extension":[{"url":"http://hl7.org/fhir/tools/StructureDefinition/ig-page-name","valueUrl":"PlanDefinition-IMMZD2DTMeaslesSupplementary.html"}],"nameUrl":"PlanDefinition-IMMZD2DTMeaslesSupplementary.html","title":"IMMZ.D2.DT.Measles MCV Dose 0","generation":"generated"},{"extension":[{"url":"http://hl7.org/fhir/tools/StructureDefinition/ig-page-name","valueUrl":"PlanDefinition-IMMZD2DTMeaslesOT.html"}],"nameUrl":"PlanDefinition-IMMZD2DTMeaslesOT.html","title":"IMMZ.D2.DT.Measles Ongoing Transmission","generation":"generated"},{"extension":[{"url":"http://hl7.org/fhir/tools/StructureDefinition/ig-page-name","valueUrl":"PlanDefinition-IMMZD5DTMeaslesCI.html"}],"nameUrl":"PlanDefinition-IMMZD5DTMeaslesCI.html","title":"IMMZ.D5.DT.Measles.Contraindication","generation":"generated"},{"extension":[{"url":"http://hl7.org/fhir/tools/StructureDefinition/ig-page-name","valueUrl":"PlanDefinition-IMMZDTImmunizationStrategy.html"}],"nameUrl":"PlanDefinition-IMMZDTImmunizationStrategy.html","title":"IMMZ.DT.Immunization Strategy","generation":"generated"},{"extension":[{"url":"http://hl7.org/fhir/tools/StructureDefinition/ig-page-name","valueUrl":"Library-IMMZIND08Logic.html"}],"nameUrl":"Library-IMMZIND08Logic.html","title":"IMMZ.IND.08 Logic","generation":"generated"},{"extension":[{"url":"http://hl7.org/fhir/tools/StructureDefinition/ig-page-name","valueUrl":"Library-IMMZIND12Logic.html"}],"nameUrl":"Library-IMMZIND12Logic.html","title":"IMMZ.IND.12 Logic","generation":"generated"},{"extension":[{"url":"http://hl7.org/fhir/tools/StructureDefinition/ig-page-name","valueUrl":"Library-IMMZIND13Logic.html"}],"nameUrl":"Library-IMMZIND13Logic.html","title":"IMMZ.IND.13 Logic","generation":"generated"},{"extension":[{"url":"http://hl7.org/fhir/tools/StructureDefinition/ig-page-name","valueUrl":"Library-IMMZCommon.html"}],"nameUrl":"Library-IMMZCommon.html","title":"IMMZCommon","generation":"generated"},{"extension":[{"url":"http://hl7.org/fhir/tools/StructureDefinition/ig-page-name","valueUrl":"Library-IMMZConcepts.html"}],"nameUrl":"Library-IMMZConcepts.html","title":"IMMZConcepts","generation":"generated"},{"extension":[{"url":"http://hl7.org/fhir/tools/StructureDefinition/ig-page-name","valueUrl":"Library-IMMZConfig.html"}],"nameUrl":"Library-IMMZConfig.html","title":"IMMZConfig","generation":"generated"},{"extension":[{"url":"http://hl7.org/fhir/tools/StructureDefinition/ig-page-name","valueUrl":"Library-IMMZD2DTMeaslesDose0Logic.html"}],"nameUrl":"Library-IMMZD2DTMeaslesDose0Logic.html","title":"IMMZD2DTMeaslesDose0Logic","generation":"generated"},{"extension":[{"url":"http://hl7.org/fhir/tools/StructureDefinition/ig-page-name","valueUrl":"Library-IMMZD2DTMeaslesLogic.html"}],"nameUrl":"Library-IMMZD2DTMeaslesLogic.html","title":"IMMZD2DTMeaslesLogic","generation":"generated"},{"extension":[{"url":"http://hl7.org/fhir/tools/StructureDefinition/ig-page-name","valueUrl":"Library-IMMZD2DTMeaslesLTLogic.html"}],"nameUrl":"Library-IMMZD2DTMeaslesLTLogic.html","title":"IMMZD2DTMeaslesLTLogic","generation":"generated"},{"extension":[{"url":"http://hl7.org/fhir/tools/StructureDefinition/ig-page-name","valueUrl":"Library-IMMZD2DTMeaslesOTLogic.html"}],"nameUrl":"Library-IMMZD2DTMeaslesOTLogic.html","title":"IMMZD2DTMeaslesOTLogic","generation":"generated"},{"extension":[{"url":"http://hl7.org/fhir/tools/StructureDefinition/ig-page-name","valueUrl":"Library-IMMZD2DTMeaslesSupplementaryLogic.html"}],"nameUrl":"Library-IMMZD2DTMeaslesSupplementaryLogic.html","title":"IMMZD2DTMeaslesSupplementaryLogic","generation":"generated"},{"extension":[{"url":"http://hl7.org/fhir/tools/StructureDefinition/ig-page-name","valueUrl":"Library-IMMZD5DTMeaslesCILogic.html"}],"nameUrl":"Library-IMMZD5DTMeaslesCILogic.html","title":"IMMZD5DTMeaslesCILogic","generation":"generated"},{"extension":[{"url":"http://hl7.org/fhir/tools/StructureDefinition/ig-page-name","valueUrl":"Library-IMMZElements.html"}],"nameUrl":"Library-IMMZElements.html","title":"IMMZElements","generation":"generated"},{"extension":[{"url":"http://hl7.org/fhir/tools/StructureDefinition/ig-page-name","valueUrl":"Library-IMMZEncounterElements.html"}],"nameUrl":"Library-IMMZEncounterElements.html","title":"IMMZEncounterElements","generation":"generated"},{"extension":[{"url":"http://hl7.org/fhir/tools/StructureDefinition/ig-page-name","valueUrl":"Library-IMMZIndicatorElements.html"}],"nameUrl":"Library-IMMZIndicatorElements.html","title":"IMMZIndicatorElements","generation":"generated"},{"extension":[{"url":"http://hl7.org/fhir/tools/StructureDefinition/ig-page-name","valueUrl":"Library-IMMZVaccineLibrary.html"}],"nameUrl":"Library-IMMZVaccineLibrary.html","title":"IMMZVaccineLibrary","generation":"generated"},{"extension":[{"url":"http://hl7.org/fhir/tools/StructureDefinition/ig-page-name","valueUrl":"Library-WHOCommon.html"}],"nameUrl":"Library-WHOCommon.html","title":"WHOCommon","generation":"generated"},{"extension":[{"url":"http://hl7.org/fhir/tools/StructureDefinition/ig-page-name","valueUrl":"Library-WHOConcepts.html"}],"nameUrl":"Library-WHOConcepts.html","title":"WHOConcepts","generation":"generated"},{"extension":[{"url":"http://hl7.org/fhir/tools/StructureDefinition/ig-page-name","valueUrl":"Library-WHOElements.html"}],"nameUrl":"Library-WHOElements.html","title":"WHOElements","generation":"generated"},{"extension":[{"url":"http://hl7.org/fhir/tools/StructureDefinition/ig-page-name","valueUrl":"Library-WHOEncounterElements.html"}],"nameUrl":"Library-WHOEncounterElements.html","title":"WHOEncounterElements","generation":"generated"},{"extension":[{"url":"http://hl7.org/fhir/tools/StructureDefinition/ig-page-name","valueUrl":"StructureDefinition-SGImmunization.html"}],"nameUrl":"StructureDefinition-SGImmunization.html","title":"A record of an immunization, with a given product","generation":"generated"},{"extension":[{"url":"http://hl7.org/fhir/tools/StructureDefinition/ig-page-name","valueUrl":"StructureDefinition-SGVaccineProduct.html"}],"nameUrl":"StructureDefinition-SGVaccineProduct.html","title":"A Vaccine product","generation":"generated"},{"extension":[{"url":"http://hl7.org/fhir/tools/StructureDefinition/ig-page-name","valueUrl":"StructureDefinition-SGVaccineRequest.html"}],"nameUrl":"StructureDefinition-SGVaccineRequest.html","title":"An order for an actual product","generation":"generated"},{"extension":[{"url":"http://hl7.org/fhir/tools/StructureDefinition/ig-page-name","valueUrl":"StructureDefinition-SGVaccineProposal.html"}],"nameUrl":"StructureDefinition-SGVaccineProposal.html","title":"An order for immunization (for a disease, not a specific product)","generation":"generated"},{"extension":[{"url":"http://hl7.org/fhir/tools/StructureDefinition/ig-page-name","valueUrl":"StructureDefinition-sg-ext-administeredProduct.html"}],"nameUrl":"StructureDefinition-sg-ext-administeredProduct.html","title":"SGAdministeredProduct","generation":"generated"},{"extension":[{"url":"http://hl7.org/fhir/tools/StructureDefinition/ig-page-name","valueUrl":"StructureDefinition-SGMedicationClassification.html"}],"nameUrl":"StructureDefinition-SGMedicationClassification.html","title":"SGMedicationClassification","generation":"generated"},{"extension":[{"url":"http://hl7.org/fhir/tools/StructureDefinition/ig-page-name","valueUrl":"ValueSet-ARVDrugs-values.html"}],"nameUrl":"ValueSet-ARVDrugs-values.html","title":"ARV Drugs values","generation":"generated"},{"extension":[{"url":"http://hl7.org/fhir/tools/StructureDefinition/ig-page-name","valueUrl":"ValueSet-Birthweight-values.html"}],"nameUrl":"ValueSet-Birthweight-values.html","title":"Birthweight valueset","generation":"generated"},{"extension":[{"url":"http://hl7.org/fhir/tools/StructureDefinition/ig-page-name","valueUrl":"ValueSet-sgcountry.html"}],"nameUrl":"ValueSet-sgcountry.html","title":"Country ValueSet","generation":"generated"},{"extension":[{"url":"http://hl7.org/fhir/tools/StructureDefinition/ig-page-name","valueUrl":"ValueSet-HIVstatus-values.html"}],"nameUrl":"ValueSet-HIVstatus-values.html","title":"HIV status values","generation":"generated"},{"extension":[{"url":"http://hl7.org/fhir/tools/StructureDefinition/ig-page-name","valueUrl":"ValueSet-SGImmunizationStatusCodes.html"}],"nameUrl":"ValueSet-SGImmunizationStatusCodes.html","title":"Immunization Status Codes","generation":"generated"},{"extension":[{"url":"http://hl7.org/fhir/tools/StructureDefinition/ig-page-name","valueUrl":"ValueSet-Immunocompromised-values.html"}],"nameUrl":"ValueSet-Immunocompromised-values.html","title":"Immunocompromised valueset","generation":"generated"},{"extension":[{"url":"http://hl7.org/fhir/tools/StructureDefinition/ig-page-name","valueUrl":"ValueSet-IMMZ.C.DE5.html"}],"nameUrl":"ValueSet-IMMZ.C.DE5.html","title":"IMMZ.C.DE5 ValueSet for Sex","generation":"generated"},{"extension":[{"url":"http://hl7.org/fhir/tools/StructureDefinition/ig-page-name","valueUrl":"ValueSet-IMMZ.D1.DE1VS.html"}],"nameUrl":"ValueSet-IMMZ.D1.DE1VS.html","title":"IMMZ.D1.DE1 CodeSystem for Immunization status","generation":"generated"},{"extension":[{"url":"http://hl7.org/fhir/tools/StructureDefinition/ig-page-name","valueUrl":"ValueSet-IMMZ.D1.DE10.html"}],"nameUrl":"ValueSet-IMMZ.D1.DE10.html","title":"IMMZ.D1.DE10 ValueSet for HIV Status","generation":"generated"},{"extension":[{"url":"http://hl7.org/fhir/tools/StructureDefinition/ig-page-name","valueUrl":"ValueSet-IMMZ.D1.DE5VS.html"}],"nameUrl":"ValueSet-IMMZ.D1.DE5VS.html","title":"IMMZ.D1.DE5 values for Reason Not Done","generation":"generated"},{"extension":[{"url":"http://hl7.org/fhir/tools/StructureDefinition/ig-page-name","valueUrl":"ValueSet-IMMZ.D4.DE161.html"}],"nameUrl":"ValueSet-IMMZ.D4.DE161.html","title":"IMMZ.D4.DE161 ValueSet for Potential Contraindications","generation":"generated"},{"extension":[{"url":"http://hl7.org/fhir/tools/StructureDefinition/ig-page-name","valueUrl":"ValueSet-IMMZ.Z.DE9.html"}],"nameUrl":"ValueSet-IMMZ.Z.DE9.html","title":"IMMZ.Z.DE9 ValueSet for Measles Vaccines","generation":"generated"},{"extension":[{"url":"http://hl7.org/fhir/tools/StructureDefinition/ig-page-name","valueUrl":"ValueSet-VaccineTypes.html"}],"nameUrl":"ValueSet-VaccineTypes.html","title":"Measles Vaccine Type ValueSet","generation":"generated"},{"extension":[{"url":"http://hl7.org/fhir/tools/StructureDefinition/ig-page-name","valueUrl":"ValueSet-VSMeaslesVaccineProducts.html"}],"nameUrl":"ValueSet-VSMeaslesVaccineProducts.html","title":"MeaslesVaccine Products ValueSet","generation":"generated"},{"extension":[{"url":"http://hl7.org/fhir/tools/StructureDefinition/ig-page-name","valueUrl":"ValueSet-Negativetestresult-values.html"}],"nameUrl":"ValueSet-Negativetestresult-values.html","title":"Negative Test Results","generation":"generated"},{"extension":[{"url":"http://hl7.org/fhir/tools/StructureDefinition/ig-page-name","valueUrl":"ValueSet-PositiveTestResult-values.html"}],"nameUrl":"ValueSet-PositiveTestResult-values.html","title":"Positive Test Result valuest","generation":"generated"},{"extension":[{"url":"http://hl7.org/fhir/tools/StructureDefinition/ig-page-name","valueUrl":"ValueSet-pregnancystatus-values.html"}],"nameUrl":"ValueSet-pregnancystatus-values.html","title":"Pregnancy status values","generation":"generated"},{"extension":[{"url":"http://hl7.org/fhir/tools/StructureDefinition/ig-page-name","valueUrl":"ValueSet-LiveAttenuatedVaccines.html"}],"nameUrl":"ValueSet-LiveAttenuatedVaccines.html","title":"Set of live attenuated vaccines","generation":"generated"},{"extension":[{"url":"http://hl7.org/fhir/tools/StructureDefinition/ig-page-name","valueUrl":"ValueSet-AllVaccineTypes.html"}],"nameUrl":"ValueSet-AllVaccineTypes.html","title":"Vaccine Type ValueSet","generation":"generated"},{"extension":[{"url":"http://hl7.org/fhir/tools/StructureDefinition/ig-page-name","valueUrl":"CodeSystem-ICD11.html"}],"nameUrl":"CodeSystem-ICD11.html","title":"ICD-11","generation":"generated"},{"extension":[{"url":"http://hl7.org/fhir/tools/StructureDefinition/ig-page-name","valueUrl":"CodeSystem-IMMZConcepts.html"}],"nameUrl":"CodeSystem-IMMZConcepts.html","title":"Immunizations Concepts CodeSystem","generation":"generated"},{"extension":[{"url":"http://hl7.org/fhir/tools/StructureDefinition/ig-page-name","valueUrl":"CodeSystem-VaccineProducts.html"}],"nameUrl":"CodeSystem-VaccineProducts.html","title":"Vaccine Product codes CodeSet","generation":"generated"},{"extension":[{"url":"http://hl7.org/fhir/tools/StructureDefinition/ig-page-name","valueUrl":"ConceptMap-IMMZConceptsToICD11.html"}],"nameUrl":"ConceptMap-IMMZConceptsToICD11.html","title":"ConceptMap to and from ICD-11","generation":"generated"},{"extension":[{"url":"http://hl7.org/fhir/tools/StructureDefinition/ig-page-name","valueUrl":"ConceptMap-IMMZConceptsToAdministrativeGender.html"}],"nameUrl":"ConceptMap-IMMZConceptsToAdministrativeGender.html","title":"ConceptMap to and from Immunization Concepts to administrative gender","generation":"generated"},{"extension":[{"url":"http://hl7.org/fhir/tools/StructureDefinition/ig-page-name","valueUrl":"ConceptMap-IMMZConceptsToLOINC.html"}],"nameUrl":"ConceptMap-IMMZConceptsToLOINC.html","title":"ConceptMap to and from LOINC","generation":"generated"},{"extension":[{"url":"http://hl7.org/fhir/tools/StructureDefinition/ig-page-name","valueUrl":"ConceptMap-IMMZConceptsToSNOMED.html"}],"nameUrl":"ConceptMap-IMMZConceptsToSNOMED.html","title":"ConceptMap to and from SNOMED","generation":"generated"}]},{"extension":[{"url":"http://hl7.org/fhir/tools/StructureDefinition/ig-page-name","valueUrl":"maps.html"}],"nameUrl":"maps.html","title":"Mappings","generation":"markdown"}]}]},"parameter":[{"code":"path-resource","value":"input/actors"},{"code":"path-resource","value":"input/maps"},{"code":"path-resource","value":"input/capabilities"},{"code":"path-resource","value":"input/examples"},{"code":"path-resource","value":"input/extensions"},{"code":"path-resource","value":"input/models"},{"code":"path-resource","value":"input/operations"},{"code":"path-resource","value":"input/profiles"},{"code":"path-resource","value":"input/resources"},{"code":"path-resource","value":"input/vocabulary"},{"code":"path-resource","value":"input/testing"},{"code":"path-resource","value":"input/history"},{"code":"path-resource","value":"fsh-generated/resources"},{"code":"path-pages","value":"template/config"},{"code":"path-pages","value":"input/images"},{"code":"path-tx-cache","value":"input-cache/txcache"}]}}