{"resourceType":"PlanDefinition","id":"IMMZDTImmunizationStrategy","meta":{"profile":["http://hl7.org/fhir/uv/cpg/StructureDefinition/cpg-strategydefinition","http://hl7.org/fhir/uv/crmi/StructureDefinition/crmi-shareableplandefinition","http://hl7.org/fhir/uv/crmi/StructureDefinition/crmi-publishableplandefinition"]},"extension":[{"url":"http://hl7.org/fhir/StructureDefinition/cqf-knowledgeCapability","valueCode":"computable"}],"url":"http://smart.who.int/example-workshop/PlanDefinition/IMMZDTImmunizationStrategy","version":"0.1.0","name":"IMMZDTImmunizationStrategy","title":"IMMZ.DT.Immunization Strategy","type":{"coding":[{"system":"http://terminology.hl7.org/CodeSystem/plan-definition-type","code":"workflow-definition"}]},"status":"draft","experimental":true,"date":"2024-12-02T20:32:13+00:00","publisher":"WHO","contact":[{"name":"WHO","telecom":[{"system":"url","value":"http://who.int"}]}],"description":"Provide vaccinations according to the recommended schedule","relatedArtifact":[{"type":"citation","citation":"WHO recommendations for routine immunization - summary tables (March 2023)"}],"action":[{"title":"Check Immunizations","description":"Check immunization plan definitions to see what is required.","code":[{"coding":[{"system":"http://hl7.org/fhir/uv/cpg/CodeSystem/cpg-common-process-cs","code":"dispense-medications"}]}],"selectionBehavior":"all","action":[{"title":"Measles Dose 0","description":"Consider measles dose 0 immunization","code":[{"coding":[{"system":"http://hl7.org/fhir/uv/cpg/CodeSystem/cpg-common-process-cs","code":"dispense-medications"}]}],"selectionBehavior":"all","definitionCanonical":"http://smart.who.int/example-workshop/PlanDefinition/IMMZD2DTMeaslesDose0"},{"title":"Measles Routine Immunization","description":"Provide measles routine immunization","code":[{"coding":[{"system":"http://hl7.org/fhir/uv/cpg/CodeSystem/cpg-common-process-cs","code":"dispense-medications"}]}],"selectionBehavior":"all","definitionCanonical":"http://smart.who.int/example-workshop/PlanDefinition/IMMZD2DTMeaslesOT"},{"title":"Measles Supplementary Dose","description":"Consider measles supplementary dose","code":[{"coding":[{"system":"http://hl7.org/fhir/uv/cpg/CodeSystem/cpg-common-process-cs","code":"dispense-medications"}]}],"selectionBehavior":"all","definitionCanonical":"http://smart.who.int/example-workshop/PlanDefinition/IMMZD2DTMeaslesSupplementary"},{"title":"Measles Contraindications","description":"Check measles contraindications","code":[{"coding":[{"system":"http://hl7.org/fhir/uv/cpg/CodeSystem/cpg-common-process-cs","code":"dispense-medications"}]}],"selectionBehavior":"all","definitionCanonical":"http://smart.who.int/example-workshop/PlanDefinition/IMMZD5DTMeaslesCI"}]}]}