{"resourceType":"ValueSet","id":"VSMeaslesVaccineProducts","meta":{"profile":["http://hl7.org/fhir/uv/crmi/StructureDefinition/crmi-shareablevalueset","http://hl7.org/fhir/uv/crmi/StructureDefinition/crmi-publishablevalueset","http://hl7.org/fhir/uv/crmi/StructureDefinition/crmi-computablevalueset"]},"text":{"status":"generated","div":"<div xmlns=\"http://www.w3.org/1999/xhtml\"><p class=\"res-header-id\"><b>Generated Narrative: ValueSet VSMeaslesVaccineProducts</b></p><a name=\"VSMeaslesVaccineProducts\"> </a><a name=\"hcVSMeaslesVaccineProducts\"> </a><a name=\"VSMeaslesVaccineProducts-en-US\"> </a><ul><li>Include all codes defined in <a href=\"CodeSystem-VaccineProducts.html\"><code>http://smart.who.int/example-workshop/CodeSystem/VaccineProducts</code></a></li></ul></div>"},"url":"http://smart.who.int/example-workshop/ValueSet/VSMeaslesVaccineProducts","version":"0.1.0","name":"VSMeaslesVaccineProducts","title":"MeaslesVaccine Products ValueSet","status":"draft","experimental":true,"date":"2024-12-02T20:32:13+00:00","publisher":"WHO","contact":[{"name":"WHO","telecom":[{"system":"url","value":"http://who.int"}]}],"description":"Vaccine Product Codes - representing the codes of the products currently available.","compose":{"include":[{"system":"http://smart.who.int/example-workshop/CodeSystem/VaccineProducts"}]}}