<?xml version="1.0" encoding="UTF-8"?><ValueSet xmlns="http://hl7.org/fhir"><id value="IMMZ.D1.DE1VS"/><meta><profile value="http://hl7.org/fhir/uv/crmi/StructureDefinition/crmi-shareablevalueset"/><profile value="http://hl7.org/fhir/uv/crmi/StructureDefinition/crmi-publishablevalueset"/><profile value="http://hl7.org/fhir/uv/crmi/StructureDefinition/crmi-computablevalueset"/></meta><text><status value="extensions"/><div xmlns="http://www.w3.org/1999/xhtml"><p class="res-header-id"><b>Generated Narrative: ValueSet IMMZ.D1.DE1VS</b></p><a name="IMMZ.D1.DE1VS"> </a><a name="hcIMMZ.D1.DE1VS"> </a><a name="IMMZ.D1.DE1VS-en-US"> </a><ul><li>Include these codes as defined in <a href="CodeSystem-IMMZConcepts.html"><code>http://smart.who.int/example-workshop/CodeSystem/IMMZConcepts</code></a><table class="none"><tr><td style="white-space:nowrap"><b>Code</b></td><td><b>Display</b></td><td><b>Definition</b></td></tr><tr><td><a href="CodeSystem-IMMZConcepts.html#IMMZConcepts-D.46DE2">D.DE2</a></td><td style="color: #cccccc">Completed</td><td>The immunization event was successfully carried out as intended</td></tr><tr><td><a href="CodeSystem-IMMZConcepts.html#IMMZConcepts-D.46DE3">D.DE3</a></td><td style="color: #cccccc">Entered in error</td><td>Immunization event record has been mistakenly created or entered into system. Recorded information is incorrect or should not have been documented, though it is possible that real-world decisions were based on it</td></tr><tr><td><a href="CodeSystem-IMMZConcepts.html#IMMZConcepts-D.46DE4">D.DE4</a></td><td style="color: #cccccc">Not Done</td><td>Planned immunization event was not carried out for some reason</td></tr></table></li></ul></div></text><url value="http://smart.who.int/example-workshop/ValueSet/IMMZ.D1.DE1VS"/><version value="0.1.0"/><name value="IMMZD1DE1VS"/><title value="IMMZ.D1.DE1 CodeSystem for Immunization status"/><status value="draft"/><experimental value="true"/><date value="2024-12-02T20:06:43+00:00"/><publisher value="WHO"/><contact><name value="WHO"/><telecom><system value="url"/><value value="http://who.int"/></telecom></contact><description value="CodeSystem for IMMZ.D1.DE1 Immunization status"/><compose><include><system value="http://smart.who.int/example-workshop/CodeSystem/IMMZConcepts"/><concept><code value="D.DE2"/></concept><concept><code value="D.DE3"/></concept><concept><code value="D.DE4"/></concept></include></compose></ValueSet>