<?xml version="1.0" encoding="UTF-8"?>

<ValueSet xmlns="http://hl7.org/fhir">
  <id value="LiveAttenuatedVaccines"/>
  <meta>
    <profile value="http://hl7.org/fhir/uv/crmi/StructureDefinition/crmi-shareablevalueset"/>
    <profile value="http://hl7.org/fhir/uv/crmi/StructureDefinition/crmi-publishablevalueset"/>
    <profile value="http://hl7.org/fhir/uv/crmi/StructureDefinition/crmi-computablevalueset"/>
  </meta>
  <text>
    <status value="generated"/><div xmlns="http://www.w3.org/1999/xhtml"><p class="res-header-id"><b>Generated Narrative: ValueSet LiveAttenuatedVaccines</b></p><a name="LiveAttenuatedVaccines"> </a><a name="hcLiveAttenuatedVaccines"> </a><a name="LiveAttenuatedVaccines-en-US"> </a><ul><li>Include these codes as defined in <a href="CodeSystem-ICD11.html"><code>http://id.who.int/icd/release/11/mms</code></a><table class="none"><tr><td style="white-space:nowrap"><b>Code</b></td><td><b>Display</b></td></tr><tr><td><a href="CodeSystem-ICD11.html#ICD11-XM8142">XM8142</a></td><td style="color: #cccccc">Tuberculosis, live attenuated vaccines</td></tr><tr><td><a href="CodeSystem-ICD11.html#ICD11-XM72A0">XM72A0</a></td><td style="color: #cccccc">Cholera, live attenuated vaccines</td></tr><tr><td><a href="CodeSystem-ICD11.html#ICD11-XM47S0">XM47S0</a></td><td style="color: #cccccc">Encephalitis, Japanese, live attenuated</td></tr><tr><td><a href="CodeSystem-ICD11.html#ICD11-XM8L15">XM8L15</a></td><td style="color: #cccccc">Measles, live attenuated</td></tr><tr><td><a href="CodeSystem-ICD11.html#ICD11-XM8TF3">XM8TF3</a></td><td style="color: #cccccc">Measles, combinations with mumps and rubella, live attenuated</td></tr><tr><td><a href="CodeSystem-ICD11.html#ICD11-XM21H2">XM21H2</a></td><td style="color: #cccccc">Measles, combinations with rubella, live attenuated</td></tr><tr><td><a href="CodeSystem-ICD11.html#ICD11-XM4AJ8">XM4AJ8</a></td><td style="color: #cccccc">Measles, combinations with mumps, rubella and varicella, live attenuated</td></tr><tr><td><a href="CodeSystem-ICD11.html#ICD11-XM9439">XM9439</a></td><td style="color: #cccccc">Measles, combinations with mumps, live attenuated</td></tr><tr><td><a href="CodeSystem-ICD11.html#ICD11-XM2340">XM2340</a></td><td style="color: #cccccc">Mumps, live attenuated</td></tr><tr><td><a href="CodeSystem-ICD11.html#ICD11-XM79H3">XM79H3</a></td><td style="color: #cccccc">Poliomyelitis oral, bivalent, live attenuated</td></tr><tr><td><a href="CodeSystem-ICD11.html#ICD11-XM0VX8">XM0VX8</a></td><td style="color: #cccccc">Poliomyelitis oral, monovalent live attenuated</td></tr><tr><td><a href="CodeSystem-ICD11.html#ICD11-XM0KZ1">XM0KZ1</a></td><td style="color: #cccccc">Poliomyelitis oral, trivalent, live attenuated</td></tr><tr><td><a href="CodeSystem-ICD11.html#ICD11-XM4GV0">XM4GV0</a></td><td style="color: #cccccc">Rota virus, live attenuated</td></tr><tr><td><a href="CodeSystem-ICD11.html#ICD11-XM9PS9">XM9PS9</a></td><td style="color: #cccccc">Rubella, live attenuated</td></tr><tr><td><a href="CodeSystem-ICD11.html#ICD11-XM3B09">XM3B09</a></td><td style="color: #cccccc">Rubella, combinations with mumps, live attenuated</td></tr><tr><td><a href="CodeSystem-ICD11.html#ICD11-XM5V64">XM5V64</a></td><td style="color: #cccccc">Influenza vaccines, live attenuated</td></tr><tr><td><a href="CodeSystem-ICD11.html#ICD11-XM33K4">XM33K4</a></td><td style="color: #cccccc">Typhoid, oral, live attenuated vaccines</td></tr><tr><td><a href="CodeSystem-ICD11.html#ICD11-XM0NS8">XM0NS8</a></td><td style="color: #cccccc">Varicella, live attenuated</td></tr><tr><td><a href="CodeSystem-ICD11.html#ICD11-XM3418">XM3418</a></td><td style="color: #cccccc">Yellow Fever, live attenuated</td></tr><tr><td><a href="CodeSystem-ICD11.html#ICD11-XM5DF6">XM5DF6</a></td><td style="color: #cccccc">COVID-19 vaccines, live attenuated virus</td></tr></table></li></ul></div>
  </text>
  <url value="http://smart.who.int/example-workshop/ValueSet/LiveAttenuatedVaccines"/>
  <version value="0.1.0"/>
  <name value="LiveAttenuatedVaccines"/>
  <title value="Set of live attenuated vaccines"/>
  <status value="draft"/>
  <experimental value="true"/>
  <date value="2024-12-02T18:58:41+00:00"/>
  <publisher value="WHO"/>
  <contact>
    <name value="WHO"/>
    <telecom>
      <system value="url"/>
      <value value="http://who.int"/>
    </telecom>
  </contact>
  <description value="Codes representing live attenuated vaccines"/>
  <immutable value="true"/>
  <compose>
    <include>
      <system value="http://id.who.int/icd/release/11/mms"/>
      <concept>
        <code value="XM8142"/>
      </concept>
      <concept>
        <code value="XM72A0"/>
      </concept>
      <concept>
        <code value="XM47S0"/>
      </concept>
      <concept>
        <code value="XM8L15"/>
      </concept>
      <concept>
        <code value="XM8TF3"/>
      </concept>
      <concept>
        <code value="XM21H2"/>
      </concept>
      <concept>
        <code value="XM4AJ8"/>
      </concept>
      <concept>
        <code value="XM9439"/>
      </concept>
      <concept>
        <code value="XM2340"/>
      </concept>
      <concept>
        <code value="XM79H3"/>
      </concept>
      <concept>
        <code value="XM0VX8"/>
      </concept>
      <concept>
        <code value="XM0KZ1"/>
      </concept>
      <concept>
        <code value="XM4GV0"/>
      </concept>
      <concept>
        <code value="XM9PS9"/>
      </concept>
      <concept>
        <code value="XM3B09"/>
      </concept>
      <concept>
        <code value="XM5V64"/>
      </concept>
      <concept>
        <code value="XM33K4"/>
      </concept>
      <concept>
        <code value="XM0NS8"/>
      </concept>
      <concept>
        <code value="XM3418"/>
      </concept>
      <concept>
        <code value="XM5DF6"/>
      </concept>
    </include>
  </compose>
</ValueSet>