{"resourceType":"ActivityDefinition","id":"IMMZD2DTMeaslesEval","meta":{"profile":["http://hl7.org/fhir/uv/cpg/StructureDefinition/cpg-servicerequestactivity"]},"extension":[{"url":"http://hl7.org/fhir/StructureDefinition/cqf-knowledgeCapability","valueCode":"computable"}],"url":"http://smart.who.int/example-workshop/ActivityDefinition/IMMZD2DTMeaslesEval","version":"0.1.0","name":"IMMZD2DTMeaslesContraindicationEvaluation","title":"IMMZ.D2.DT.Measles.Eval","status":"draft","experimental":true,"date":"2023-10-03","publisher":"WHO","contact":[{"name":"WHO","telecom":[{"system":"url","value":"http://who.int"}]}],"description":"Provide measles immunization","library":["http://smart.who.int/example-workshop/Library/IMMZD2DTMeaslesLogic"],"kind":"ServiceRequest","profile":"http://hl7.org/fhir/uv/cpg/StructureDefinition/cpg-servicerequest","intent":"proposal","doNotPerform":false,"dynamicValue":[{"path":"code.coding","expression":{"description":"Measles Code","language":"text/cql","expression":"Code { system: 'http://id.who.int/icd/release/11/mms', code: 'XM28X5' }"}}]}