<?xml version="1.0" encoding="UTF-8"?><PlanDefinition xmlns="http://hl7.org/fhir"><id value="IMMZD5DTMeaslesCI"/><meta><profile value="http://hl7.org/fhir/uv/cpg/StructureDefinition/cpg-recommendationdefinition"/><profile value="http://hl7.org/fhir/uv/crmi/StructureDefinition/crmi-shareableplandefinition"/><profile value="http://hl7.org/fhir/uv/crmi/StructureDefinition/crmi-publishableplandefinition"/></meta><extension url="http://hl7.org/fhir/StructureDefinition/cqf-knowledgeCapability"><valueCode value="computable"/></extension><url value="http://smart.who.int/example-workshop/PlanDefinition/IMMZD5DTMeaslesCI"/><version value="0.1.0"/><name value="IMMZD5DTMeaslesContraindication"/><title value="IMMZ.D5.DT.Measles.Contraindication"/><type><coding><system value="http://terminology.hl7.org/CodeSystem/plan-definition-type"/><code value="eca-rule"/></coding></type><status value="draft"/><experimental value="true"/><date value="2024-12-02T20:32:13+00:00"/><publisher value="WHO"/><contact><name value="WHO"/><telecom><system value="url"/><value value="http://who.int"/></telecom></contact><description value="Check contraindications for Measles vaccine"/><relatedArtifact><type value="citation"/><citation value="WHO recommendations for routine immunization - summary tables (March 2023)"/></relatedArtifact><library value="http://smart.who.int/example-workshop/Library/IMMZD5DTMeaslesCILogic"/><action><extension url="http://hl7.org/fhir/uv/cpg/StructureDefinition/cpg-rationale"><valueMarkdown value="While vaccines are universally recommended, some clients may have contraindications to particular vaccines.&lt;br/&gt;Additional contraindications may be included in WHO position papers for the vaccine - Measles vaccines: WHO position paper (April 2017)."/></extension><title value="Check Contraindication for Measles Immunization"/><description value="Contraindication for measles immunization"/><condition><kind value="applicability"/><expression><description value="MCV Dose Contraindicated"/><language value="text/cql-identifier"/><expression value="MCV Dose Contraindicated"/></expression></condition><type><coding><system value="http://terminology.hl7.org/CodeSystem/action-type"/><code value="update"/></coding></type><definitionCanonical value="http://smart.who.int/example-workshop/ActivityDefinition/IMMZD2DTMeaslesCIMR"/></action><action><extension url="http://hl7.org/fhir/uv/cpg/StructureDefinition/cpg-rationale"><valueMarkdown value="While vaccines are universally recommended, some clients may have contraindications to particular vaccines.&lt;br/&gt;Additional contraindications may be included in WHO position papers for the vaccine - Measles vaccines: WHO position paper (April 2017)."/></extension><title value="Evaluate Contraindication for Measles"/><description value="Provide further evaluation for measles contraindication"/><condition><kind value="applicability"/><expression><description value="Contraindication Evaluation of the MCV dose"/><language value="text/cql-identifier"/><expression value="Contraindication Evaluation of the MCV dose"/></expression></condition><definitionCanonical value="http://smart.who.int/example-workshop/ActivityDefinition/IMMZD2DTMeaslesEval"/></action></PlanDefinition>