<?xml version="1.0" encoding="UTF-8"?><ValueSet xmlns="http://hl7.org/fhir"><id value="IMMZ.D1.DE5VS"/><meta><profile value="http://hl7.org/fhir/uv/crmi/StructureDefinition/crmi-shareablevalueset"/><profile value="http://hl7.org/fhir/uv/crmi/StructureDefinition/crmi-publishablevalueset"/><profile value="http://hl7.org/fhir/uv/crmi/StructureDefinition/crmi-computablevalueset"/></meta><text><status value="extensions"/><div xmlns="http://www.w3.org/1999/xhtml"><p class="res-header-id"><b>Generated Narrative: ValueSet IMMZ.D1.DE5VS</b></p><a name="IMMZ.D1.DE5VS"> </a><a name="hcIMMZ.D1.DE5VS"> </a><a name="IMMZ.D1.DE5VS-en-US"> </a><ul><li>Include these codes as defined in <a href="CodeSystem-IMMZConcepts.html"><code>http://smart.who.int/example-workshop/CodeSystem/IMMZConcepts</code></a><table class="none"><tr><td style="white-space:nowrap"><b>Code</b></td><td><b>Display</b></td><td><b>Definition</b></td></tr><tr><td><a href="CodeSystem-IMMZConcepts.html#IMMZConcepts-D.46DE6">D.DE6</a></td><td style="color: #cccccc">Immunity Testing has shown that the client already has immunity to the agent targeted by the immunization</td><td/></tr><tr><td><a href="CodeSystem-IMMZConcepts.html#IMMZConcepts-D.46DE7">D.DE7</a></td><td style="color: #cccccc">Medical precaution</td><td>The client currently has a medical condition for which the vaccine is contraindicated or for which precaution is warranted</td></tr><tr><td><a href="CodeSystem-IMMZConcepts.html#IMMZConcepts-D.46DE8">D.DE8</a></td><td style="color: #cccccc">Product out of stock</td><td>There was no supply of the product on hand to perform the service</td></tr><tr><td><a href="CodeSystem-IMMZConcepts.html#IMMZConcepts-D.46DE9">D.DE9</a></td><td style="color: #cccccc">Client objection</td><td>The client or their guardian objects to receiving the vaccine</td></tr><tr><td><a href="CodeSystem-IMMZConcepts.html#IMMZConcepts-D.46DE10">D.DE10</a></td><td style="color: #cccccc">Caregiver refusal</td><td>The client's caregiver refused the vaccine</td></tr><tr><td><a href="CodeSystem-IMMZConcepts.html#IMMZConcepts-D.46DE11">D.DE11</a></td><td style="color: #cccccc">Unspecified reason</td><td>The immunization event was not carried out for an unspecified reason</td></tr><tr><td><a href="CodeSystem-IMMZConcepts.html#IMMZConcepts-D.46DE12">D.DE12</a></td><td style="color: #cccccc">Client allergy to vaccine or component</td><td>The immunization event was not carried out because of client allergy to vaccine or component</td></tr><tr><td><a href="CodeSystem-IMMZConcepts.html#IMMZConcepts-D.46DE13">D.DE13</a></td><td style="color: #cccccc">Immunocompromised</td><td>The immunization event was not carried out because the client is immunocompromised</td></tr><tr><td><a href="CodeSystem-IMMZConcepts.html#IMMZConcepts-D.46DE14">D.DE14</a></td><td style="color: #cccccc">Chronic illness or condition</td><td>The immunization event was not carried out due a chronic illness or condition of the client</td></tr><tr><td><a href="CodeSystem-IMMZConcepts.html#IMMZConcepts-D.46DE15">D.DE15</a></td><td style="color: #cccccc">Acute illness</td><td>The immunization event was not carried out due to an acute illness present in the client</td></tr><tr><td><a href="CodeSystem-IMMZConcepts.html#IMMZConcepts-D.46DE16">D.DE16</a></td><td style="color: #cccccc">Had the disease</td><td>The immunization event was not carried out due to the client having had the disease</td></tr><tr><td><a href="CodeSystem-IMMZConcepts.html#IMMZConcepts-D.46DE17">D.DE17</a></td><td style="color: #cccccc">Immunization not carried out for other reasons</td><td>The immunization event was not carried out for other reasons</td></tr></table></li></ul></div></text><url value="http://smart.who.int/example-workshop/ValueSet/IMMZ.D1.DE5VS"/><version value="0.1.0"/><name value="IMMZD1DE5VS"/><title value="IMMZ.D1.DE5 values for Reason Not Done"/><status value="draft"/><experimental value="true"/><date value="2024-12-02T20:32:13+00:00"/><publisher value="WHO"/><contact><name value="WHO"/><telecom><system value="url"/><value value="http://who.int"/></telecom></contact><description value="Values for IMMZ.D1.DE5 Reason Not Done"/><compose><include><system value="http://smart.who.int/example-workshop/CodeSystem/IMMZConcepts"/><concept><code value="D.DE6"/></concept><concept><code value="D.DE7"/></concept><concept><code value="D.DE8"/></concept><concept><code value="D.DE9"/></concept><concept><code value="D.DE10"/></concept><concept><code value="D.DE11"/></concept><concept><code value="D.DE12"/></concept><concept><code value="D.DE13"/></concept><concept><code value="D.DE14"/></concept><concept><code value="D.DE15"/></concept><concept><code value="D.DE16"/></concept><concept><code value="D.DE17"/></concept></include></compose></ValueSet>