{
  "resourceType" : "PlanDefinition",
  "id" : "IMMZD2DTMeaslesDose0",
  "meta" : {
    "profile" : ["http://hl7.org/fhir/uv/cpg/StructureDefinition/cpg-recommendationdefinition",
    "http://hl7.org/fhir/uv/crmi/StructureDefinition/crmi-shareableplandefinition",
    "http://hl7.org/fhir/uv/crmi/StructureDefinition/crmi-publishableplandefinition"]
  },
  "text" : {
    "status" : "extensions",
    "div" : "<div xmlns=\"http://www.w3.org/1999/xhtml\"><p class=\"res-header-id\"><b>Generated Narrative: PlanDefinition IMMZD2DTMeaslesDose0</b></p><a name=\"IMMZD2DTMeaslesDose0\"> </a><a name=\"hcIMMZD2DTMeaslesDose0\"> </a><a name=\"IMMZD2DTMeaslesDose0-en-US\"> </a><p><b>CQF Knowledge capability</b>: computable</p><p><b>url</b>: <a href=\"PlanDefinition-IMMZD2DTMeaslesDose0.html\">PlanDefinition IMMZ.D2.DT.Measles MCV Dose 0</a></p><p><b>version</b>: 0.1.0</p><p><b>name</b>: IMMZD2DTMeaslesDose0</p><p><b>title</b>: IMMZ.D2.DT.Measles MCV Dose 0</p><p><b>type</b>: <span title=\"Codes:{http://terminology.hl7.org/CodeSystem/plan-definition-type eca-rule}\">ECA Rule</span></p><p><b>status</b>: Draft</p><p><b>experimental</b>: true</p><p><b>date</b>: 2024-12-02 20:32:13+0000</p><p><b>publisher</b>: WHO</p><p><b>contact</b>: WHO: <a href=\"http://who.int\">http://who.int</a></p><p><b>description</b>: </p><div><p>If the child or patient has not been given MCV0 between 6 and 9 months</p>\n</div><h3>RelatedArtifacts</h3><table class=\"grid\"><tr><td style=\"display: none\">-</td><td><b>Type</b></td><td><b>Citation</b></td></tr><tr><td style=\"display: none\">*</td><td>Citation</td><td><div><p>WHO recommendations for routine immunization - summary tables (March 2023)</p>\n</div></td></tr></table><p><b>library</b>: <a href=\"Library-IMMZD2DTMeaslesDose0Logic.html\">IMMZD2DTMeaslesDose0Logic</a></p><blockquote><p><b>action</b></p><p><b>CPG Rationale Extension</b>: </p><div><p>Note: The countries should apply the national immunization policy for MCV0 dose and adjust this logic accordingly.&lt;br/&gt;A supplementary dose of MCV (recorded as MCV0) should be considered for infants known to be exposed (i.e. born to an HIV-infected woman) or soon after diagnosis of HIV infection in children older than 6 months who are not receiving HAART and for whom the risk of measles is high, with the aim of providing partial protection until they are revaccinated after immune reconstitution with HAART.&lt;br/&gt;In the following situations, a supplementary dose of MCV should be given to infants from 6 months of age:&lt;br/&gt;* (1) during a measles outbreak as part of intensified service delivery;&lt;br/&gt;* (2) during campaigns in settings where the risk of measles among infants &lt; 9 months of age remains high (e.g. in endemic countries experiencing regular outbreaks);&lt;br/&gt;* (3) for internally displaced populations and refugees, and populations in conflict zones;&lt;br/&gt;* (4) for individual infants at high risk of contracting measles (e.g. contacts of known measles cases or in settings with increased risk of exposure during outbreaks such as day-care facilities);&lt;br/&gt;* (5)for infants travelling to countries experiencing measles outbreaks;&lt;br/&gt;* (6) infants known to be HIV-infected or exposed (i.e. born to an HIV-infected woman).&lt;br/&gt;In areas where there is a high incidence of both HIV infection and measles, an initial dose of MCV may be offered as early as age 6 months (recorded as MCV0). The 2 routine doses of MCV (MCV1 and MCV2) should then be administered to these children according to the national immunization schedule.&lt;br/&gt;As a general rule, live vaccines should be given either simultaneously or at intervals of 4 weeks. An exception to this rule is OPV, which can be given at any time before or after measles vaccination without interference in the response to either vaccine.</p>\n</div><p><b>title</b>: Immunize patient for Measles</p><blockquote><p><b>condition</b></p><p><b>kind</b>: Applicability</p><h3>Expressions</h3><table class=\"grid\"><tr><td style=\"display: none\">-</td><td><b>Language</b></td><td><b>Expression</b></td></tr><tr><td style=\"display: none\">*</td><td>text/cql-identifier</td><td>Measles Routine Immunization Schedule Incomplete</td></tr></table></blockquote><blockquote><p><b>action</b></p><p><b>title</b>: Consider MCV0 Dose</p><blockquote><p><b>condition</b></p><p><b>kind</b>: Applicability</p><h3>Expressions</h3><table class=\"grid\"><tr><td style=\"display: none\">-</td><td><b>Language</b></td><td><b>Expression</b></td></tr><tr><td style=\"display: none\">*</td><td>text/cql-identifier</td><td>No MCV0 Doses Administered</td></tr></table></blockquote><blockquote><p><b>action</b></p><p><b>title</b>: Client Age Less Than 6 Months</p><p><b>description</b>: Should not vaccinate client for MCV0 as client is less than 6 months. Check for any vaccines due, and inform the caregiver of when to come back for MCV0.</p><blockquote><p><b>condition</b></p><p><b>kind</b>: Applicability</p><h3>Expressions</h3><table class=\"grid\"><tr><td style=\"display: none\">-</td><td><b>Language</b></td><td><b>Expression</b></td></tr><tr><td style=\"display: none\">*</td><td>text/cql-identifier</td><td>Client Age Less Than 6 Months</td></tr></table></blockquote></blockquote><blockquote><p><b>action</b></p><p><b>title</b>: Last Live Vaccine Administered Within 4 Weeks</p><p><b>description</b>: Should not vaccinate client for MCV0 as live vaccine was administered in the last 4 weeks. Check for any vaccines due, and inform the caregiver of when to come back for MCV0.</p><blockquote><p><b>condition</b></p><p><b>kind</b>: Applicability</p><h3>Expressions</h3><table class=\"grid\"><tr><td style=\"display: none\">-</td><td><b>Language</b></td><td><b>Expression</b></td></tr><tr><td style=\"display: none\">*</td><td>text/cql-identifier</td><td>Last Live Vaccine Administered Within 4 Weeks</td></tr></table></blockquote></blockquote><blockquote><p><b>action</b></p><p><b>title</b>: Provide Measles Vaccine</p><p><b>description</b>: May vaccinate client for MCV0 as client is within appropriate age range, MCV0 was not administered and no live vaccine was administered in the last 4 weeks. Check if one of the MCV0 specific scenarios is applicable.</p><blockquote><p><b>condition</b></p><p><b>kind</b>: Applicability</p><h3>Expressions</h3><table class=\"grid\"><tr><td style=\"display: none\">-</td><td><b>Language</b></td><td><b>Expression</b></td></tr><tr><td style=\"display: none\">*</td><td>text/cql-identifier</td><td>Client Is Due For MCV0</td></tr></table></blockquote><p><b>definition</b>: <a href=\"ActivityDefinition-IMMZD2DTMeaslesMR.html\">IMMZ.D2.DT.Measles.MR</a></p><blockquote><p><b>dynamicValue</b></p><p><b>path</b>: dispenseRequest.validityPeriod.start</p><h3>Expressions</h3><table class=\"grid\"><tr><td style=\"display: none\">-</td><td><b>Description</b></td><td><b>Language</b></td><td><b>Expression</b></td></tr><tr><td style=\"display: none\">*</td><td>Due date of the dose</td><td>text/cql-identifier</td><td>MCV0 Schedule Date</td></tr></table></blockquote><blockquote><p><b>dynamicValue</b></p><p><b>path</b>: dispenseRequest.validityPeriod.end</p><h3>Expressions</h3><table class=\"grid\"><tr><td style=\"display: none\">-</td><td><b>Description</b></td><td><b>Language</b></td><td><b>Expression</b></td></tr><tr><td style=\"display: none\">*</td><td>Expiration date for MCV dose</td><td>text/cql-identifier</td><td>MCV0 Expiration Date</td></tr></table></blockquote></blockquote></blockquote><blockquote><p><b>action</b></p><p><b>title</b>: MCV0 Dose Administered</p><p><b>description</b>: MCV0 was administered. Check measles routine immunization schedule.</p><blockquote><p><b>condition</b></p><p><b>kind</b>: Applicability</p><h3>Expressions</h3><table class=\"grid\"><tr><td style=\"display: none\">-</td><td><b>Language</b></td><td><b>Expression</b></td></tr><tr><td style=\"display: none\">*</td><td>text/cql-identifier</td><td>MCV0 Dose Administered</td></tr></table></blockquote></blockquote></blockquote></div>"
  },
  "extension" : [{
    "url" : "http://hl7.org/fhir/StructureDefinition/cqf-knowledgeCapability",
    "valueCode" : "computable"
  }],
  "url" : "http://smart.who.int/example-workshop/PlanDefinition/IMMZD2DTMeaslesDose0",
  "version" : "0.1.0",
  "name" : "IMMZD2DTMeaslesDose0",
  "title" : "IMMZ.D2.DT.Measles MCV Dose 0",
  "type" : {
    "coding" : [{
      "system" : "http://terminology.hl7.org/CodeSystem/plan-definition-type",
      "code" : "eca-rule"
    }]
  },
  "status" : "draft",
  "experimental" : true,
  "date" : "2024-12-02T20:32:13+00:00",
  "publisher" : "WHO",
  "contact" : [{
    "name" : "WHO",
    "telecom" : [{
      "system" : "url",
      "value" : "http://who.int"
    }]
  }],
  "description" : "If the child or patient has not been given MCV0 between 6 and 9 months",
  "relatedArtifact" : [{
    "type" : "citation",
    "citation" : "WHO recommendations for routine immunization - summary tables (March 2023)"
  }],
  "library" : ["http://smart.who.int/example-workshop/Library/IMMZD2DTMeaslesDose0Logic"],
  "action" : [{
    "extension" : [{
      "url" : "http://hl7.org/fhir/uv/cpg/StructureDefinition/cpg-rationale",
      "valueMarkdown" : "Note: The countries should apply the national immunization policy for MCV0 dose and adjust this logic accordingly.<br/>A supplementary dose of MCV (recorded as MCV0) should be considered for infants known to be exposed (i.e. born to an HIV-infected woman) or soon after diagnosis of HIV infection in children older than 6 months who are not receiving HAART and for whom the risk of measles is high, with the aim of providing partial protection until they are revaccinated after immune reconstitution with HAART.<br/>In the following situations, a supplementary dose of MCV should be given to infants from 6 months of age:<br/>* (1) during a measles outbreak as part of intensified service delivery;<br/>* (2) during campaigns in settings where the risk of measles among infants < 9 months of age remains high (e.g. in endemic countries experiencing regular outbreaks);<br/>* (3) for internally displaced populations and refugees, and populations in conflict zones;<br/>* (4) for individual infants at high risk of contracting measles (e.g. contacts of known measles cases or in settings with increased risk of exposure during outbreaks such as day-care facilities);<br/>* (5)for infants travelling to countries experiencing measles outbreaks;<br/>* (6) infants known to be HIV-infected or exposed (i.e. born to an HIV-infected woman).<br/>In areas where there is a high incidence of both HIV infection and measles, an initial dose of MCV may be offered as early as age 6 months (recorded as MCV0). The 2 routine doses of MCV (MCV1 and MCV2) should then be administered to these children according to the national immunization schedule.<br/>As a general rule, live vaccines should be given either simultaneously or at intervals of 4 weeks. An exception to this rule is OPV, which can be given at any time before or after measles vaccination without interference in the response to either vaccine."
    }],
    "title" : "Immunize patient for Measles",
    "condition" : [{
      "kind" : "applicability",
      "expression" : {
        "language" : "text/cql-identifier",
        "expression" : "Measles Routine Immunization Schedule Incomplete"
      }
    }],
    "action" : [{
      "title" : "Consider MCV0 Dose",
      "condition" : [{
        "kind" : "applicability",
        "expression" : {
          "language" : "text/cql-identifier",
          "expression" : "No MCV0 Doses Administered"
        }
      }],
      "action" : [{
        "title" : "Client Age Less Than 6 Months",
        "description" : "Should not vaccinate client for MCV0 as client is less than 6 months. Check for any vaccines due, and inform the caregiver of when to come back for MCV0.",
        "condition" : [{
          "kind" : "applicability",
          "expression" : {
            "language" : "text/cql-identifier",
            "expression" : "Client Age Less Than 6 Months"
          }
        }]
      },
      {
        "title" : "Last Live Vaccine Administered Within 4 Weeks",
        "description" : "Should not vaccinate client for MCV0 as live vaccine was administered in the last 4 weeks. Check for any vaccines due, and inform the caregiver of when to come back for MCV0.",
        "condition" : [{
          "kind" : "applicability",
          "expression" : {
            "language" : "text/cql-identifier",
            "expression" : "Last Live Vaccine Administered Within 4 Weeks"
          }
        }]
      },
      {
        "title" : "Provide Measles Vaccine",
        "description" : "May vaccinate client for MCV0 as client is within appropriate age range, MCV0 was not administered and no live vaccine was administered in the last 4 weeks. Check if one of the MCV0 specific scenarios is applicable.",
        "condition" : [{
          "kind" : "applicability",
          "expression" : {
            "language" : "text/cql-identifier",
            "expression" : "Client Is Due For MCV0"
          }
        }],
        "definitionCanonical" : "http://smart.who.int/example-workshop/ActivityDefinition/IMMZD2DTMeaslesMR",
        "dynamicValue" : [{
          "path" : "dispenseRequest.validityPeriod.start",
          "expression" : {
            "description" : "Due date of the dose",
            "language" : "text/cql-identifier",
            "expression" : "MCV0 Schedule Date"
          }
        },
        {
          "path" : "dispenseRequest.validityPeriod.end",
          "expression" : {
            "description" : "Expiration date for MCV dose",
            "language" : "text/cql-identifier",
            "expression" : "MCV0 Expiration Date"
          }
        }]
      }]
    },
    {
      "title" : "MCV0 Dose Administered",
      "description" : "MCV0 was administered. Check measles routine immunization schedule.",
      "condition" : [{
        "kind" : "applicability",
        "expression" : {
          "language" : "text/cql-identifier",
          "expression" : "MCV0 Dose Administered"
        }
      }]
    }]
  }]
}