{
  "resourceType" : "ValueSet",
  "id" : "IMMZ.C.DE5",
  "meta" : {
    "profile" : ["http://hl7.org/fhir/uv/crmi/StructureDefinition/crmi-shareablevalueset",
    "http://hl7.org/fhir/uv/crmi/StructureDefinition/crmi-publishablevalueset",
    "http://hl7.org/fhir/uv/crmi/StructureDefinition/crmi-computablevalueset"]
  },
  "text" : {
    "status" : "extensions",
    "div" : "<div xmlns=\"http://www.w3.org/1999/xhtml\"><p class=\"res-header-id\"><b>Generated Narrative: ValueSet IMMZ.C.DE5</b></p><a name=\"IMMZ.C.DE5\"> </a><a name=\"hcIMMZ.C.DE5\"> </a><a name=\"IMMZ.C.DE5-en-US\"> </a><ul><li>Include these codes as defined in <a href=\"CodeSystem-IMMZConcepts.html\"><code>http://smart.who.int/example-workshop/CodeSystem/IMMZConcepts</code></a><table class=\"none\"><tr><td style=\"white-space:nowrap\"><b>Code</b></td><td><b>Display</b></td><td><b>Definition</b></td></tr><tr><td><a href=\"CodeSystem-IMMZConcepts.html#IMMZConcepts-C.46DE6\">C.DE6</a></td><td>Male</td><td>Client's biological sex is male</td></tr><tr><td><a href=\"CodeSystem-IMMZConcepts.html#IMMZConcepts-C.46DE7\">C.DE7</a></td><td>Female</td><td>Client's biological sex is female</td></tr><tr><td><a href=\"CodeSystem-IMMZConcepts.html#IMMZConcepts-C.46DE8\">C.DE8</a></td><td>Biological sex not specified</td><td>Client's biological sex is not specified</td></tr><tr><td><a href=\"CodeSystem-IMMZConcepts.html#IMMZConcepts-C.46DE9\">C.DE9</a></td><td>Intersex</td><td>Client's biological sex is intersex</td></tr></table></li></ul></div>"
  },
  "url" : "http://smart.who.int/example-workshop/ValueSet/IMMZ.C.DE5",
  "version" : "0.1.0",
  "name" : "IMMZ_C_DE5",
  "title" : "IMMZ.C.DE5 ValueSet for Sex",
  "status" : "active",
  "experimental" : true,
  "date" : "2024-12-02T20:32:13+00:00",
  "publisher" : "WHO",
  "contact" : [{
    "name" : "WHO",
    "telecom" : [{
      "system" : "url",
      "value" : "http://who.int"
    }]
  }],
  "description" : "ValueSet for Sex for IMMZ.C.DE5.",
  "compose" : {
    "include" : [{
      "system" : "http://smart.who.int/example-workshop/CodeSystem/IMMZConcepts",
      "concept" : [{
        "code" : "C.DE6",
        "display" : "Male"
      },
      {
        "code" : "C.DE7",
        "display" : "Female"
      },
      {
        "code" : "C.DE8",
        "display" : "Biological sex not specified"
      },
      {
        "code" : "C.DE9",
        "display" : "Intersex"
      }]
    }]
  }
}