<?xml version="1.0" encoding="UTF-8"?><ActivityDefinition xmlns="http://hl7.org/fhir"><id value="IMMZD2DTMeaslesEval"/><meta><profile value="http://hl7.org/fhir/uv/cpg/StructureDefinition/cpg-servicerequestactivity"/></meta><extension url="http://hl7.org/fhir/StructureDefinition/cqf-knowledgeCapability"><valueCode value="computable"/></extension><url value="http://smart.who.int/example-workshop/ActivityDefinition/IMMZD2DTMeaslesEval"/><version value="0.1.0"/><name value="IMMZD2DTMeaslesContraindicationEvaluation"/><title value="IMMZ.D2.DT.Measles.Eval"/><status value="draft"/><experimental value="true"/><date value="2023-10-03"/><publisher value="WHO"/><contact><name value="WHO"/><telecom><system value="url"/><value value="http://who.int"/></telecom></contact><description value="Provide measles immunization"/><library value="http://smart.who.int/example-workshop/Library/IMMZD2DTMeaslesLogic"/><kind value="ServiceRequest"/><profile value="http://hl7.org/fhir/uv/cpg/StructureDefinition/cpg-servicerequest"/><intent value="proposal"/><doNotPerform value="false"/><dynamicValue><path value="code.coding"/><expression><description value="Measles Code"/><language value="text/cql"/><expression value="Code { system: 'http://id.who.int/icd/release/11/mms', code: 'XM28X5' }"/></expression></dynamicValue></ActivityDefinition>