<?xml version="1.0" encoding="UTF-8"?><ActivityDefinition xmlns="http://hl7.org/fhir"><id value="IMMZD2DTMeaslesMR"/><meta><profile value="http://hl7.org/fhir/uv/cpg/StructureDefinition/cpg-immunizationactivity"/></meta><extension url="http://hl7.org/fhir/StructureDefinition/cqf-knowledgeCapability"><valueCode value="computable"/></extension><url value="http://smart.who.int/example-workshop/ActivityDefinition/IMMZD2DTMeaslesMR"/><version value="0.1.0"/><name value="IMMZD2DTMeaslesMedicationRequest"/><title value="IMMZ.D2.DT.Measles.MR"/><status value="draft"/><experimental value="true"/><date value="2023-10-03"/><publisher value="WHO"/><contact><name value="WHO"/><telecom><system value="url"/><value value="http://who.int"/></telecom></contact><description value="Provide measles immunization"/><library value="http://smart.who.int/example-workshop/Library/IMMZD2DTMeaslesLogic"/><kind value="MedicationRequest"/><profile value="http://hl7.org/fhir/uv/cpg/StructureDefinition/cpg-immunizationrequest"/><intent value="proposal"/><doNotPerform value="false"/><productCodeableConcept><coding><system value="http://id.who.int/icd/release/11/mms"/><code value="XM28X5"/><display value="Measles vaccines"/></coding></productCodeableConcept><dynamicValue><path value="status"/><expression><language value="text/cql"/><expression value="'draft'"/></expression></dynamicValue><dynamicValue><path value="intent"/><expression><language value="text/cql"/><expression value="'proposal'"/></expression></dynamicValue></ActivityDefinition>