<?xml version="1.0" encoding="UTF-8"?><ValueSet xmlns="http://hl7.org/fhir"><id value="PositiveTestResult-values"/><meta><profile value="http://hl7.org/fhir/uv/crmi/StructureDefinition/crmi-shareablevalueset"/><profile value="http://hl7.org/fhir/uv/crmi/StructureDefinition/crmi-publishablevalueset"/><profile value="http://hl7.org/fhir/uv/crmi/StructureDefinition/crmi-computablevalueset"/></meta><text><status value="generated"/><div xmlns="http://www.w3.org/1999/xhtml"><p class="res-header-id"><b>Generated Narrative: ValueSet PositiveTestResult-values</b></p><a name="PositiveTestResult-values"> </a><a name="hcPositiveTestResult-values"> </a><a name="PositiveTestResult-values-en-US"> </a><ul><li>Include these codes as defined in <a href="http://www.snomed.org/"><code>http://snomed.info/sct</code></a><table class="none"><tr><td style="white-space:nowrap"><b>Code</b></td><td><b>Display</b></td></tr><tr><td><a href="http://snomed.info/id/10828004">10828004</a></td><td>Positive (qualifier value)</td></tr></table></li></ul></div></text><url value="http://smart.who.int/example-workshop/ValueSet/PositiveTestResult-values"/><version value="0.1.0"/><name value="PositiveTestResultvalues"/><title value="Positive Test Result valuest"/><status value="draft"/><experimental value="true"/><date value="2024-12-02T18:42:23+00:00"/><publisher value="WHO"/><contact><name value="WHO"/><telecom><system value="url"/><value value="http://who.int"/></telecom></contact><description value="Codes representing Positive Test Result values"/><immutable value="true"/><compose><include><system value="http://snomed.info/sct"/><concept><code value="10828004"/><display value="Positive (qualifier value)"/></concept></include></compose></ValueSet>