{"resourceType":"ValueSet","id":"sgcountry","meta":{"profile":["http://hl7.org/fhir/uv/crmi/StructureDefinition/crmi-shareablevalueset","http://hl7.org/fhir/uv/crmi/StructureDefinition/crmi-publishablevalueset","http://hl7.org/fhir/uv/crmi/StructureDefinition/crmi-computablevalueset"]},"text":{"status":"generated","div":"<div xmlns=\"http://www.w3.org/1999/xhtml\"><p class=\"res-header-id\"><b>Generated Narrative: ValueSet sgcountry</b></p><a name=\"sgcountry\"> </a><a name=\"hcsgcountry\"> </a><a name=\"sgcountry-en-US\"> </a><ul><li>Include all codes defined in <a href=\"http://terminology.hl7.org/6.0.2/CodeSystem-ISO3166Part1.html\"><code>urn:iso:std:iso:3166</code></a></li></ul></div>"},"url":"http://smart.who.int/example-workshop/ValueSet/sgcountry","version":"0.1.0","name":"SGCountryValueSet","title":"Country ValueSet","status":"draft","experimental":true,"date":"2024-12-02T18:58:41+00:00","publisher":"WHO","contact":[{"name":"WHO","telecom":[{"system":"url","value":"http://who.int"}]}],"description":"This value set defines a base set of codes for countries.   \n\n   Note: The codes for countries are taken from    [ISO 3166](https://www.iso.org/iso-3166-country-codes.html).","compose":{"include":[{"system":"urn:iso:std:iso:3166"}]}}