{"resourceType":"ValueSet","id":"PositiveTestResult-values","meta":{"profile":["http://hl7.org/fhir/uv/crmi/StructureDefinition/crmi-shareablevalueset","http://hl7.org/fhir/uv/crmi/StructureDefinition/crmi-publishablevalueset","http://hl7.org/fhir/uv/crmi/StructureDefinition/crmi-computablevalueset"]},"text":{"status":"generated","div":"<div xmlns=\"http://www.w3.org/1999/xhtml\"><p class=\"res-header-id\"><b>Generated Narrative: ValueSet PositiveTestResult-values</b></p><a name=\"PositiveTestResult-values\"> </a><a name=\"hcPositiveTestResult-values\"> </a><a name=\"PositiveTestResult-values-en-US\"> </a><ul><li>Include these codes as defined in <a href=\"http://www.snomed.org/\"><code>http://snomed.info/sct</code></a><table class=\"none\"><tr><td style=\"white-space:nowrap\"><b>Code</b></td><td><b>Display</b></td></tr><tr><td><a href=\"http://snomed.info/id/10828004\">10828004</a></td><td>Positive (qualifier value)</td></tr></table></li></ul></div>"},"url":"http://smart.who.int/example-workshop/ValueSet/PositiveTestResult-values","version":"0.1.0","name":"PositiveTestResultvalues","title":"Positive Test Result valuest","status":"draft","experimental":true,"date":"2024-12-02T18:58:41+00:00","publisher":"WHO","contact":[{"name":"WHO","telecom":[{"system":"url","value":"http://who.int"}]}],"description":"Codes representing Positive Test Result values","immutable":true,"compose":{"include":[{"system":"http://snomed.info/sct","concept":[{"code":"10828004","display":"Positive (qualifier value)"}]}]}}