{
  "resourceType" : "PlanDefinition",
  "id" : "IMMZD2DTMeaslesLT",
  "meta" : {
    "profile" : ["http://hl7.org/fhir/uv/cpg/StructureDefinition/cpg-recommendationdefinition",
    "http://hl7.org/fhir/uv/crmi/StructureDefinition/crmi-shareableplandefinition",
    "http://hl7.org/fhir/uv/crmi/StructureDefinition/crmi-publishableplandefinition"]
  },
  "text" : {
    "status" : "extensions",
    "div" : "<div xmlns=\"http://www.w3.org/1999/xhtml\"><p class=\"res-header-id\"><b>Generated Narrative: PlanDefinition IMMZD2DTMeaslesLT</b></p><a name=\"IMMZD2DTMeaslesLT\"> </a><a name=\"hcIMMZD2DTMeaslesLT\"> </a><a name=\"IMMZD2DTMeaslesLT-en-US\"> </a><p><b>CQF Knowledge capability</b>: computable</p><p><b>url</b>: <a href=\"PlanDefinition-IMMZD2DTMeaslesLT.html\">PlanDefinition IMMZ.D2.DT.Measles Low Transmission</a></p><p><b>version</b>: 0.1.0</p><p><b>name</b>: IMMZD2DTMeaslesLT</p><p><b>title</b>: IMMZ.D2.DT.Measles Low Transmission</p><p><b>type</b>: <span title=\"Codes:{http://terminology.hl7.org/CodeSystem/plan-definition-type eca-rule}\">ECA Rule</span></p><p><b>status</b>: Draft</p><p><b>experimental</b>: true</p><p><b>date</b>: 2024-12-02 20:40:29+0000</p><p><b>publisher</b>: WHO</p><p><b>contact</b>: WHO: <a href=\"http://who.int\">http://who.int</a></p><p><b>description</b>: </p><div><p>If the child or patient has not been given MCV1 (at 12 months) and MCV2 (between 15-18 months) vaccination</p>\n</div><h3>RelatedArtifacts</h3><table class=\"grid\"><tr><td style=\"display: none\">-</td><td><b>Type</b></td><td><b>Citation</b></td></tr><tr><td style=\"display: none\">*</td><td>Citation</td><td><div><p>WHO recommendations for routine immunization - summary tables (March 2023)</p>\n</div></td></tr></table><p><b>library</b>: <a href=\"Library-IMMZD2DTMeaslesLTLogic.html\">IMMZD2DTMeaslesLTLogic</a></p><blockquote><p><b>action</b></p><p><b>title</b>: Immunize patient for Measles</p><blockquote><p><b>condition</b></p><p><b>kind</b>: Applicability</p><h3>Expressions</h3><table class=\"grid\"><tr><td style=\"display: none\">-</td><td><b>Language</b></td><td><b>Expression</b></td></tr><tr><td style=\"display: none\">*</td><td>text/cql-identifier</td><td>Measles Routine Immunization Schedule Incomplete</td></tr></table></blockquote><blockquote><p><b>action</b></p><p><b>CPG Rationale Extension</b>: </p><div><p>In countries with low levels of measles transmission MCV1 may be administered at 12 months of age.&lt;br/&gt;As a general rule, live vaccines should be given either simultaneously or at intervals of 4 weeks. An exception to this rule is OPV, which can be given at any time before or after measles vaccination without interference in the response to either vaccine.</p>\n</div><p><b>title</b>: Provide primary series measles vaccination (MCV1)</p><blockquote><p><b>condition</b></p><p><b>kind</b>: Applicability</p><h3>Expressions</h3><table class=\"grid\"><tr><td style=\"display: none\">-</td><td><b>Language</b></td><td><b>Expression</b></td></tr><tr><td style=\"display: none\">*</td><td>text/cql-identifier</td><td>No Primary Series Doses Administered</td></tr></table></blockquote><blockquote><p><b>action</b></p><p><b>title</b>: Client Age Less Than 12 Months</p><p><b>description</b>: Should not vaccinate client as client's age is less than 12 months. Check for any vaccines due, and inform the caregiver of when to come back for MCV1.</p><blockquote><p><b>condition</b></p><p><b>kind</b>: Applicability</p><h3>Expressions</h3><table class=\"grid\"><tr><td style=\"display: none\">-</td><td><b>Language</b></td><td><b>Expression</b></td></tr><tr><td style=\"display: none\">*</td><td>text/cql-identifier</td><td>Client Age Less Than 12 Months</td></tr></table></blockquote></blockquote><blockquote><p><b>action</b></p><p><b>title</b>: Last Live Vaccine Administered Within 4 Weeks</p><p><b>description</b>: Should not vaccinate client for MCV1 as live vaccine was administered in the last 4 weeks. Check for any vaccines due and inform the caregiver of when to come back for MCV1.</p><blockquote><p><b>condition</b></p><p><b>kind</b>: Applicability</p><h3>Expressions</h3><table class=\"grid\"><tr><td style=\"display: none\">-</td><td><b>Language</b></td><td><b>Expression</b></td></tr><tr><td style=\"display: none\">*</td><td>text/cql-identifier</td><td>Last Live Vaccine Administered Within 4 Weeks</td></tr></table></blockquote></blockquote><blockquote><p><b>action</b></p><p><b>title</b>: Provide Measles Vaccine</p><p><b>description</b>: Should vaccinate client for MCV1 as no measles doses were administered, client is within appropriate age range and no live vaccine administered in the last 4 weeks. Check for contraindications.</p><blockquote><p><b>condition</b></p><p><b>kind</b>: Applicability</p><h3>Expressions</h3><table class=\"grid\"><tr><td style=\"display: none\">-</td><td><b>Language</b></td><td><b>Expression</b></td></tr><tr><td style=\"display: none\">*</td><td>text/cql-identifier</td><td>Client Is Due For MCV1</td></tr></table></blockquote><p><b>definition</b>: <a href=\"ActivityDefinition-IMMZD2DTMeaslesMR.html\">IMMZ.D2.DT.Measles.MR</a></p><blockquote><p><b>dynamicValue</b></p><p><b>path</b>: dispenseRequest.validityPeriod.start</p><h3>Expressions</h3><table class=\"grid\"><tr><td style=\"display: none\">-</td><td><b>Description</b></td><td><b>Language</b></td><td><b>Expression</b></td></tr><tr><td style=\"display: none\">*</td><td>Due date of the dose</td><td>text/cql-identifier</td><td>MCV1 Schedule Date</td></tr></table></blockquote><blockquote><p><b>dynamicValue</b></p><p><b>path</b>: dispenseRequest.validityPeriod.end</p><h3>Expressions</h3><table class=\"grid\"><tr><td style=\"display: none\">-</td><td><b>Description</b></td><td><b>Language</b></td><td><b>Expression</b></td></tr><tr><td style=\"display: none\">*</td><td>Expiration date for MCV dose</td><td>text/cql-identifier</td><td>MCV1 Expiration Date</td></tr></table></blockquote></blockquote></blockquote><blockquote><p><b>action</b></p><p><b>CPG Rationale Extension</b>: </p><div><p>In countries with low levels of measles transmission, administration of MCV2 at 15-18 months of age ensures early protection of the individual.&lt;br/&gt;The minimum interval between MCV1 and MCV2 is 4 weeks.&lt;br/&gt;As a general rule, live vaccines should be given either simultaneously or at intervals of 4 weeks. An exception to this rule is OPV, which can be given at any time before or after measles vaccination without interference in the response to either vaccine.</p>\n</div><p><b>title</b>: Provide primary series measles vaccination (MCV2)</p><blockquote><p><b>condition</b></p><p><b>kind</b>: Applicability</p><h3>Expressions</h3><table class=\"grid\"><tr><td style=\"display: none\">-</td><td><b>Language</b></td><td><b>Expression</b></td></tr><tr><td style=\"display: none\">*</td><td>text/cql-identifier</td><td>One Primary Series Dose Administered</td></tr></table></blockquote><blockquote><p><b>action</b></p><p><b>title</b>: Client Age Less Than 15 Months</p><p><b>description</b>: Should not vaccinate client for MCV2 as client's age is less than 15 months. Check for any vaccines due, and inform the caregiver of when to come back for MCV2.</p><blockquote><p><b>condition</b></p><p><b>kind</b>: Applicability</p><h3>Expressions</h3><table class=\"grid\"><tr><td style=\"display: none\">-</td><td><b>Language</b></td><td><b>Expression</b></td></tr><tr><td style=\"display: none\">*</td><td>text/cql-identifier</td><td>Client Age Less Than 15 Months</td></tr></table></blockquote></blockquote><blockquote><p><b>action</b></p><p><b>title</b>: Last Live Vaccine Administered Within 4 Weeks</p><p><b>description</b>: Should not vaccinate client for MCV2 as live vaccine was administered in the last 4 weeks. Check for any vaccines due, and inform the caregiver of when to come back for MCV2.</p><blockquote><p><b>condition</b></p><p><b>kind</b>: Applicability</p><h3>Expressions</h3><table class=\"grid\"><tr><td style=\"display: none\">-</td><td><b>Language</b></td><td><b>Expression</b></td></tr><tr><td style=\"display: none\">*</td><td>text/cql-identifier</td><td>Last Live Vaccine Administered Within 4 Weeks</td></tr></table></blockquote></blockquote><blockquote><p><b>action</b></p><p><b>title</b>: Provide Measles Vaccine</p><p><b>description</b>: Should vaccinate client for MCV2 as client is within appropriate age range and no live vaccine administered in the last 4 weeks. Check for contraindications.</p><blockquote><p><b>condition</b></p><p><b>kind</b>: Applicability</p><h3>Expressions</h3><table class=\"grid\"><tr><td style=\"display: none\">-</td><td><b>Language</b></td><td><b>Expression</b></td></tr><tr><td style=\"display: none\">*</td><td>text/cql-identifier</td><td>Client Is Due For MCV2</td></tr></table></blockquote><p><b>definition</b>: <a href=\"ActivityDefinition-IMMZD2DTMeaslesMR.html\">IMMZ.D2.DT.Measles.MR</a></p><blockquote><p><b>dynamicValue</b></p><p><b>path</b>: dispenseRequest.validityPeriod.start</p><h3>Expressions</h3><table class=\"grid\"><tr><td style=\"display: none\">-</td><td><b>Description</b></td><td><b>Language</b></td><td><b>Expression</b></td></tr><tr><td style=\"display: none\">*</td><td>Due date of the dose</td><td>text/cql-identifier</td><td>MCV2 Schedule Date</td></tr></table></blockquote><blockquote><p><b>dynamicValue</b></p><p><b>path</b>: dispenseRequest.validityPeriod.end</p><h3>Expressions</h3><table class=\"grid\"><tr><td style=\"display: none\">-</td><td><b>Description</b></td><td><b>Language</b></td><td><b>Expression</b></td></tr><tr><td style=\"display: none\">*</td><td>Expiration date for MCV dose</td><td>text/cql-identifier</td><td>MCV2 Expiration Date</td></tr></table></blockquote></blockquote></blockquote><blockquote><p><b>action</b></p><p><b>CPG Rationale Extension</b>: </p><div><p>An additional dose of MCV should be administered to HIV-infected children receiving HAART following immune reconstitution. If CD4+ T lymphocyte counts are monitored, an additional dose of MCV should be administered when immune reconstitution has been achieved, e.g. when the CD4+ T lymphocyte count reaches 20–25%. Where CD4+ T lymphocyte monitoring is not available, children should receive an additional dose of MCV 6–12 months after initiation of HAART.</p>\n</div><p><b>title</b>: Measles primary series is complete.</p><p><b>description</b>: Measles primary series is complete. Two measles primary series doses were administered. Check if a measles supplementary dose is appropriate for the client.</p><blockquote><p><b>condition</b></p><p><b>kind</b>: Applicability</p><h3>Expressions</h3><table class=\"grid\"><tr><td style=\"display: none\">-</td><td><b>Language</b></td><td><b>Expression</b></td></tr><tr><td style=\"display: none\">*</td><td>text/cql-identifier</td><td>Two Primary Series Doses Administered</td></tr></table></blockquote></blockquote></blockquote></div>"
  },
  "extension" : [{
    "url" : "http://hl7.org/fhir/StructureDefinition/cqf-knowledgeCapability",
    "valueCode" : "computable"
  }],
  "url" : "http://smart.who.int/example-workshop/PlanDefinition/IMMZD2DTMeaslesLT",
  "version" : "0.1.0",
  "name" : "IMMZD2DTMeaslesLT",
  "title" : "IMMZ.D2.DT.Measles Low Transmission",
  "type" : {
    "coding" : [{
      "system" : "http://terminology.hl7.org/CodeSystem/plan-definition-type",
      "code" : "eca-rule"
    }]
  },
  "status" : "draft",
  "experimental" : true,
  "date" : "2024-12-02T20:40:29+00:00",
  "publisher" : "WHO",
  "contact" : [{
    "name" : "WHO",
    "telecom" : [{
      "system" : "url",
      "value" : "http://who.int"
    }]
  }],
  "description" : "If the child or patient has not been given MCV1 (at 12 months) and MCV2 (between 15-18 months) vaccination",
  "relatedArtifact" : [{
    "type" : "citation",
    "citation" : "WHO recommendations for routine immunization - summary tables (March 2023)"
  }],
  "library" : ["http://smart.who.int/example-workshop/Library/IMMZD2DTMeaslesLTLogic"],
  "action" : [{
    "title" : "Immunize patient for Measles",
    "condition" : [{
      "kind" : "applicability",
      "expression" : {
        "language" : "text/cql-identifier",
        "expression" : "Measles Routine Immunization Schedule Incomplete"
      }
    }],
    "action" : [{
      "extension" : [{
        "url" : "http://hl7.org/fhir/uv/cpg/StructureDefinition/cpg-rationale",
        "valueMarkdown" : "In countries with low levels of measles transmission MCV1 may be administered at 12 months of age.<br/>As a general rule, live vaccines should be given either simultaneously or at intervals of 4 weeks. An exception to this rule is OPV, which can be given at any time before or after measles vaccination without interference in the response to either vaccine."
      }],
      "title" : "Provide primary series measles vaccination (MCV1)",
      "condition" : [{
        "kind" : "applicability",
        "expression" : {
          "language" : "text/cql-identifier",
          "expression" : "No Primary Series Doses Administered"
        }
      }],
      "action" : [{
        "title" : "Client Age Less Than 12 Months",
        "description" : "Should not vaccinate client as client's age is less than 12 months. Check for any vaccines due, and inform the caregiver of when to come back for MCV1.",
        "condition" : [{
          "kind" : "applicability",
          "expression" : {
            "language" : "text/cql-identifier",
            "expression" : "Client Age Less Than 12 Months"
          }
        }]
      },
      {
        "title" : "Last Live Vaccine Administered Within 4 Weeks",
        "description" : "Should not vaccinate client for MCV1 as live vaccine was administered in the last 4 weeks. Check for any vaccines due and inform the caregiver of when to come back for MCV1.",
        "condition" : [{
          "kind" : "applicability",
          "expression" : {
            "language" : "text/cql-identifier",
            "expression" : "Last Live Vaccine Administered Within 4 Weeks"
          }
        }]
      },
      {
        "title" : "Provide Measles Vaccine",
        "description" : "Should vaccinate client for MCV1 as no measles doses were administered, client is within appropriate age range and no live vaccine administered in the last 4 weeks. Check for contraindications.",
        "condition" : [{
          "kind" : "applicability",
          "expression" : {
            "language" : "text/cql-identifier",
            "expression" : "Client Is Due For MCV1"
          }
        }],
        "definitionCanonical" : "http://smart.who.int/example-workshop/ActivityDefinition/IMMZD2DTMeaslesMR",
        "dynamicValue" : [{
          "path" : "dispenseRequest.validityPeriod.start",
          "expression" : {
            "description" : "Due date of the dose",
            "language" : "text/cql-identifier",
            "expression" : "MCV1 Schedule Date"
          }
        },
        {
          "path" : "dispenseRequest.validityPeriod.end",
          "expression" : {
            "description" : "Expiration date for MCV dose",
            "language" : "text/cql-identifier",
            "expression" : "MCV1 Expiration Date"
          }
        }]
      }]
    },
    {
      "extension" : [{
        "url" : "http://hl7.org/fhir/uv/cpg/StructureDefinition/cpg-rationale",
        "valueMarkdown" : "In countries with low levels of measles transmission, administration of MCV2 at 15-18 months of age ensures early protection of the individual.<br/>The minimum interval between MCV1 and MCV2 is 4 weeks.<br/>As a general rule, live vaccines should be given either simultaneously or at intervals of 4 weeks. An exception to this rule is OPV, which can be given at any time before or after measles vaccination without interference in the response to either vaccine."
      }],
      "title" : "Provide primary series measles vaccination (MCV2)",
      "condition" : [{
        "kind" : "applicability",
        "expression" : {
          "language" : "text/cql-identifier",
          "expression" : "One Primary Series Dose Administered"
        }
      }],
      "action" : [{
        "title" : "Client Age Less Than 15 Months",
        "description" : "Should not vaccinate client for MCV2 as client's age is less than 15 months. Check for any vaccines due, and inform the caregiver of when to come back for MCV2.",
        "condition" : [{
          "kind" : "applicability",
          "expression" : {
            "language" : "text/cql-identifier",
            "expression" : "Client Age Less Than 15 Months"
          }
        }]
      },
      {
        "title" : "Last Live Vaccine Administered Within 4 Weeks",
        "description" : "Should not vaccinate client for MCV2 as live vaccine was administered in the last 4 weeks. Check for any vaccines due, and inform the caregiver of when to come back for MCV2.",
        "condition" : [{
          "kind" : "applicability",
          "expression" : {
            "language" : "text/cql-identifier",
            "expression" : "Last Live Vaccine Administered Within 4 Weeks"
          }
        }]
      },
      {
        "title" : "Provide Measles Vaccine",
        "description" : "Should vaccinate client for MCV2 as client is within appropriate age range and no live vaccine administered in the last 4 weeks. Check for contraindications.",
        "condition" : [{
          "kind" : "applicability",
          "expression" : {
            "language" : "text/cql-identifier",
            "expression" : "Client Is Due For MCV2"
          }
        }],
        "definitionCanonical" : "http://smart.who.int/example-workshop/ActivityDefinition/IMMZD2DTMeaslesMR",
        "dynamicValue" : [{
          "path" : "dispenseRequest.validityPeriod.start",
          "expression" : {
            "description" : "Due date of the dose",
            "language" : "text/cql-identifier",
            "expression" : "MCV2 Schedule Date"
          }
        },
        {
          "path" : "dispenseRequest.validityPeriod.end",
          "expression" : {
            "description" : "Expiration date for MCV dose",
            "language" : "text/cql-identifier",
            "expression" : "MCV2 Expiration Date"
          }
        }]
      }]
    },
    {
      "extension" : [{
        "url" : "http://hl7.org/fhir/uv/cpg/StructureDefinition/cpg-rationale",
        "valueMarkdown" : "An additional dose of MCV should be administered to HIV-infected children receiving HAART following immune reconstitution. If CD4+ T lymphocyte counts are monitored, an additional dose of MCV should be administered when immune reconstitution has been achieved, e.g. when the CD4+ T lymphocyte count reaches 20–25%. Where CD4+ T lymphocyte monitoring is not available, children should receive an additional dose of MCV 6–12 months after initiation of HAART."
      }],
      "title" : "Measles primary series is complete.",
      "description" : "Measles primary series is complete. Two measles primary series doses were administered. Check if a measles supplementary dose is appropriate for the client.",
      "condition" : [{
        "kind" : "applicability",
        "expression" : {
          "language" : "text/cql-identifier",
          "expression" : "Two Primary Series Doses Administered"
        }
      }]
    }]
  }]
}