{
  "resourceType" : "PlanDefinition",
  "id" : "IMMZD5DTMeaslesCI",
  "meta" : {
    "profile" : ["http://hl7.org/fhir/uv/cpg/StructureDefinition/cpg-recommendationdefinition",
    "http://hl7.org/fhir/uv/crmi/StructureDefinition/crmi-shareableplandefinition",
    "http://hl7.org/fhir/uv/crmi/StructureDefinition/crmi-publishableplandefinition"]
  },
  "text" : {
    "status" : "extensions",
    "div" : "<div xmlns=\"http://www.w3.org/1999/xhtml\"><p class=\"res-header-id\"><b>Generated Narrative: PlanDefinition IMMZD5DTMeaslesCI</b></p><a name=\"IMMZD5DTMeaslesCI\"> </a><a name=\"hcIMMZD5DTMeaslesCI\"> </a><a name=\"IMMZD5DTMeaslesCI-en-US\"> </a><p><b>CQF Knowledge capability</b>: computable</p><p><b>url</b>: <a href=\"PlanDefinition-IMMZD5DTMeaslesCI.html\">PlanDefinition IMMZ.D5.DT.Measles.Contraindication</a></p><p><b>version</b>: 0.1.0</p><p><b>name</b>: IMMZD5DTMeaslesContraindication</p><p><b>title</b>: IMMZ.D5.DT.Measles.Contraindication</p><p><b>type</b>: <span title=\"Codes:{http://terminology.hl7.org/CodeSystem/plan-definition-type eca-rule}\">ECA Rule</span></p><p><b>status</b>: Draft</p><p><b>experimental</b>: true</p><p><b>date</b>: 2024-12-02 20:40:29+0000</p><p><b>publisher</b>: WHO</p><p><b>contact</b>: WHO: <a href=\"http://who.int\">http://who.int</a></p><p><b>description</b>: </p><div><p>Check contraindications for Measles vaccine</p>\n</div><h3>RelatedArtifacts</h3><table class=\"grid\"><tr><td style=\"display: none\">-</td><td><b>Type</b></td><td><b>Citation</b></td></tr><tr><td style=\"display: none\">*</td><td>Citation</td><td><div><p>WHO recommendations for routine immunization - summary tables (March 2023)</p>\n</div></td></tr></table><p><b>library</b>: <a href=\"Library-IMMZD5DTMeaslesCILogic.html\">IMMZD5DTMeaslesCILogic</a></p><blockquote><p><b>action</b></p><p><b>CPG Rationale Extension</b>: </p><div><p>While vaccines are universally recommended, some clients may have contraindications to particular vaccines.&lt;br/&gt;Additional contraindications may be included in WHO position papers for the vaccine - Measles vaccines: WHO position paper (April 2017).</p>\n</div><p><b>title</b>: Check Contraindication for Measles Immunization</p><p><b>description</b>: Contraindication for measles immunization</p><blockquote><p><b>condition</b></p><p><b>kind</b>: Applicability</p><h3>Expressions</h3><table class=\"grid\"><tr><td style=\"display: none\">-</td><td><b>Description</b></td><td><b>Language</b></td><td><b>Expression</b></td></tr><tr><td style=\"display: none\">*</td><td>MCV Dose Contraindicated</td><td>text/cql-identifier</td><td>MCV Dose Contraindicated</td></tr></table></blockquote><p><b>type</b>: <span title=\"Codes:{http://terminology.hl7.org/CodeSystem/action-type update}\">Update</span></p><p><b>definition</b>: <a href=\"ActivityDefinition-IMMZD2DTMeaslesCIMR.html\">IMMZ.D2.DT.Measles.Contraindication</a></p></blockquote><blockquote><p><b>action</b></p><p><b>CPG Rationale Extension</b>: </p><div><p>While vaccines are universally recommended, some clients may have contraindications to particular vaccines.&lt;br/&gt;Additional contraindications may be included in WHO position papers for the vaccine - Measles vaccines: WHO position paper (April 2017).</p>\n</div><p><b>title</b>: Evaluate Contraindication for Measles</p><p><b>description</b>: Provide further evaluation for measles contraindication</p><blockquote><p><b>condition</b></p><p><b>kind</b>: Applicability</p><h3>Expressions</h3><table class=\"grid\"><tr><td style=\"display: none\">-</td><td><b>Description</b></td><td><b>Language</b></td><td><b>Expression</b></td></tr><tr><td style=\"display: none\">*</td><td>Contraindication Evaluation of the MCV dose</td><td>text/cql-identifier</td><td>Contraindication Evaluation of the MCV dose</td></tr></table></blockquote><p><b>definition</b>: <a href=\"ActivityDefinition-IMMZD2DTMeaslesEval.html\">IMMZ.D2.DT.Measles.Eval</a></p></blockquote></div>"
  },
  "extension" : [{
    "url" : "http://hl7.org/fhir/StructureDefinition/cqf-knowledgeCapability",
    "valueCode" : "computable"
  }],
  "url" : "http://smart.who.int/example-workshop/PlanDefinition/IMMZD5DTMeaslesCI",
  "version" : "0.1.0",
  "name" : "IMMZD5DTMeaslesContraindication",
  "title" : "IMMZ.D5.DT.Measles.Contraindication",
  "type" : {
    "coding" : [{
      "system" : "http://terminology.hl7.org/CodeSystem/plan-definition-type",
      "code" : "eca-rule"
    }]
  },
  "status" : "draft",
  "experimental" : true,
  "date" : "2024-12-02T20:40:29+00:00",
  "publisher" : "WHO",
  "contact" : [{
    "name" : "WHO",
    "telecom" : [{
      "system" : "url",
      "value" : "http://who.int"
    }]
  }],
  "description" : "Check contraindications for Measles vaccine",
  "relatedArtifact" : [{
    "type" : "citation",
    "citation" : "WHO recommendations for routine immunization - summary tables (March 2023)"
  }],
  "library" : ["http://smart.who.int/example-workshop/Library/IMMZD5DTMeaslesCILogic"],
  "action" : [{
    "extension" : [{
      "url" : "http://hl7.org/fhir/uv/cpg/StructureDefinition/cpg-rationale",
      "valueMarkdown" : "While vaccines are universally recommended, some clients may have contraindications to particular vaccines.<br/>Additional contraindications may be included in WHO position papers for the vaccine - Measles vaccines: WHO position paper (April 2017)."
    }],
    "title" : "Check Contraindication for Measles Immunization",
    "description" : "Contraindication for measles immunization",
    "condition" : [{
      "kind" : "applicability",
      "expression" : {
        "description" : "MCV Dose Contraindicated",
        "language" : "text/cql-identifier",
        "expression" : "MCV Dose Contraindicated"
      }
    }],
    "type" : {
      "coding" : [{
        "system" : "http://terminology.hl7.org/CodeSystem/action-type",
        "code" : "update"
      }]
    },
    "definitionCanonical" : "http://smart.who.int/example-workshop/ActivityDefinition/IMMZD2DTMeaslesCIMR"
  },
  {
    "extension" : [{
      "url" : "http://hl7.org/fhir/uv/cpg/StructureDefinition/cpg-rationale",
      "valueMarkdown" : "While vaccines are universally recommended, some clients may have contraindications to particular vaccines.<br/>Additional contraindications may be included in WHO position papers for the vaccine - Measles vaccines: WHO position paper (April 2017)."
    }],
    "title" : "Evaluate Contraindication for Measles",
    "description" : "Provide further evaluation for measles contraindication",
    "condition" : [{
      "kind" : "applicability",
      "expression" : {
        "description" : "Contraindication Evaluation of the MCV dose",
        "language" : "text/cql-identifier",
        "expression" : "Contraindication Evaluation of the MCV dose"
      }
    }],
    "definitionCanonical" : "http://smart.who.int/example-workshop/ActivityDefinition/IMMZD2DTMeaslesEval"
  }]
}