<?xml version="1.0" encoding="UTF-8"?><ImplementationGuide xmlns="http://hl7.org/fhir"><id value="smart.who.int.example-workshop"/><meta><profile value="http://hl7.org/fhir/uv/crmi/StructureDefinition/crmi-shareableimplementationguide"/><profile value="http://hl7.org/fhir/uv/crmi/StructureDefinition/crmi-publishableimplementationguide"/><profile value="http://hl7.org/fhir/uv/cpg/StructureDefinition/cpg-computableguideline"/></meta><text><status value="generated"/><div xmlns="http://www.w3.org/1999/xhtml"><p class="res-header-id"><b>Generated Narrative: ImplementationGuide smart.who.int.example-workshop</b></p><a name="smart.who.int.example-workshop"> </a><a name="hcsmart.who.int.example-workshop"> </a><a name="smart.who.int.example-workshop-en-US"> </a><h2>ExampleWorkshop</h2><p>The official URL for this implementation guide is: </p><pre>http://smart.who.int/example-workshop/ImplementationGuide/smart.who.int.example-workshop</pre><div><p>WHO SMART Guidelines - Example Workshop IG based on Measles Immunization (Demonstration of authoring process)</p>
</div></div></text><url value="http://smart.who.int/example-workshop/ImplementationGuide/smart.who.int.example-workshop"/><version value="0.1.0"/><name value="ExampleWorkshop"/><title value="WHO SMART Guidelines - Example Workshop IG"/><status value="draft"/><experimental value="true"/><date value="2024-12-02T20:40:29+00:00"/><publisher value="WHO"/><contact><name value="WHO"/><telecom><system value="url"/><value value="http://who.int"/></telecom></contact><description value="WHO SMART Guidelines - Example Workshop IG based on Measles Immunization (Demonstration of authoring process)"/><packageId value="smart.who.int.example-workshop"/><license value="CC-BY-SA-3.0"/><fhirVersion value="4.0.1"/><dependsOn id="hl7_terminology"><uri value="http://terminology.hl7.org/ImplementationGuide/hl7.terminology"/><packageId value="hl7.terminology"/><version value="5.5.0"/></dependsOn><dependsOn id="hl7_fhir_uv_extensions_r4"><uri value="http://hl7.org/fhir/extensions/ImplementationGuide/hl7.fhir.uv.extensions"/><packageId value="hl7.fhir.uv.extensions.r4"/><version value="5.1.0"/></dependsOn><dependsOn id="hl7_fhir_uv_cql"><uri value="http://hl7.org/fhir/uv/cql/ImplementationGuide/hl7.fhir.uv.cql"/><packageId value="hl7.fhir.uv.cql"/><version value="1.0.0"/></dependsOn><dependsOn id="hl7_fhir_uv_crmi"><uri value="http://hl7.org/fhir/uv/crmi/ImplementationGuide/hl7.fhir.uv.crmi"/><packageId value="hl7.fhir.uv.crmi"/><version value="1.0.0"/></dependsOn><dependsOn id="hl7_fhir_uv_sdc"><uri value="http://hl7.org/fhir/uv/sdc/ImplementationGuide/hl7.fhir.uv.sdc"/><packageId value="hl7.fhir.uv.sdc"/><version value="3.0.0"/></dependsOn><dependsOn id="hl7_fhir_uv_cpg"><uri value="http://hl7.org/fhir/uv/cpg/ImplementationGuide/hl7.fhir.uv.cpg"/><packageId value="hl7.fhir.uv.cpg"/><version value="2.0.0"/></dependsOn><dependsOn id="hl7_fhir_us_cqfmeasures"><uri value="http://hl7.org/fhir/us/cqfmeasures/ImplementationGuide/hl7.fhir.us.cqfmeasures"/><packageId value="hl7.fhir.us.cqfmeasures"/><version value="5.0.0"/></dependsOn><dependsOn id="fhir_cqf_common"><uri value="http://fhir.org/guides/cqf/common/ImplementationGuide/fhir.cqf.common"/><packageId value="fhir.cqf.common"/><version value="4.0.1"/></dependsOn><dependsOn id="smart_who_int_base"><uri value="http://smart.who.int/base/ImplementationGuide/smart.who.int.base"/><packageId value="smart.who.int.base"/><version value="dev"/></dependsOn><dependsOn id="smart_who_int_base_clinical"><uri value="http://smart.who.int/base-clinical/ImplementationGuide/smart.who.int.base-clinical"/><packageId value="smart.who.int.base-clinical"/><version value="dev"/></dependsOn><definition><extension url="http://hl7.org/fhir/tools/StructureDefinition/ig-parameter"><extension url="code"><valueString value="copyrightyear"/></extension><extension url="value"><valueString value="2023+"/></extension></extension><extension url="http://hl7.org/fhir/tools/StructureDefinition/ig-parameter"><extension url="code"><valueString value="releaselabel"/></extension><extension url="value"><valueString value="ci-build"/></extension></extension><extension url="http://hl7.org/fhir/tools/StructureDefinition/ig-parameter"><extension url="code"><valueString value="produce-jekyll-data"/></extension><extension url="value"><valueString value="true"/></extension></extension><extension url="http://hl7.org/fhir/tools/StructureDefinition/ig-parameter"><extension url="code"><valueString value="path-expansion-params"/></extension><extension url="value"><valueString value="../../input/_resources/exp-params.json"/></extension></extension><extension url="http://hl7.org/fhir/tools/StructureDefinition/ig-parameter"><extension url="code"><valueString value="path-binary"/></extension><extension url="value"><valueString value="input/cql"/></extension></extension><extension url="http://hl7.org/fhir/tools/StructureDefinition/ig-parameter"><extension url="code"><valueString value="special-url"/></extension><extension url="value"><valueString value="http://id.who.int/icd/release/11/mms"/></extension></extension><extension url="http://hl7.org/fhir/tools/StructureDefinition/ig-parameter"><extension url="code"><valueString value="special-url"/></extension><extension url="value"><valueString value="http://hl7.org/fhir/ValueSet/immunization-status"/></extension></extension><extension url="http://hl7.org/fhir/tools/StructureDefinition/ig-parameter"><extension url="code"><valueString value="special-url"/></extension><extension url="value"><valueString value="http://hl7.org/fhir/ValueSet/country"/></extension></extension><extension url="http://hl7.org/fhir/tools/StructureDefinition/ig-parameter"><extension url="code"><valueString value="special-url"/></extension><extension url="value"><valueString value="http://smart.who.int/base-clinical/Library/WHOCommon"/></extension></extension><extension url="http://hl7.org/fhir/tools/StructureDefinition/ig-parameter"><extension url="code"><valueString value="special-url"/></extension><extension url="value"><valueString value="http://smart.who.int/base-clinical/Library/WHOConcepts"/></extension></extension><extension url="http://hl7.org/fhir/tools/StructureDefinition/ig-parameter"><extension url="code"><valueString value="special-url"/></extension><extension url="value"><valueString value="http://smart.who.int/base-clinical/Library/WHOElements"/></extension></extension><extension url="http://hl7.org/fhir/tools/StructureDefinition/ig-parameter"><extension url="code"><valueString value="special-url"/></extension><extension url="value"><valueString value="http://smart.who.int/base-clinical/Library/WHOEncounterElements"/></extension></extension><extension url="http://hl7.org/fhir/tools/StructureDefinition/ig-parameter"><extension url="code"><valueString value="autoload-resources"/></extension><extension url="value"><valueString value="true"/></extension></extension><extension url="http://hl7.org/fhir/tools/StructureDefinition/ig-parameter"><extension url="code"><valueString value="path-liquid"/></extension><extension url="value"><valueString value="template/liquid"/></extension></extension><extension url="http://hl7.org/fhir/tools/StructureDefinition/ig-parameter"><extension url="code"><valueString value="path-liquid"/></extension><extension url="value"><valueString value="input/liquid"/></extension></extension><extension url="http://hl7.org/fhir/tools/StructureDefinition/ig-parameter"><extension url="code"><valueString value="path-qa"/></extension><extension url="value"><valueString value="temp/qa"/></extension></extension><extension url="http://hl7.org/fhir/tools/StructureDefinition/ig-parameter"><extension url="code"><valueString value="path-temp"/></extension><extension url="value"><valueString value="temp/pages"/></extension></extension><extension url="http://hl7.org/fhir/tools/StructureDefinition/ig-parameter"><extension url="code"><valueString value="path-output"/></extension><extension url="value"><valueString value="output"/></extension></extension><extension url="http://hl7.org/fhir/tools/StructureDefinition/ig-parameter"><extension url="code"><valueString value="path-suppressed-warnings"/></extension><extension url="value"><valueString value="input/ignoreWarnings.txt"/></extension></extension><extension url="http://hl7.org/fhir/tools/StructureDefinition/ig-parameter"><extension url="code"><valueString value="path-history"/></extension><extension url="value"><valueString value="http://smart.who.int/example-workshop/history.html"/></extension></extension><extension url="http://hl7.org/fhir/tools/StructureDefinition/ig-parameter"><extension url="code"><valueString value="template-html"/></extension><extension url="value"><valueString value="template-page.html"/></extension></extension><extension url="http://hl7.org/fhir/tools/StructureDefinition/ig-parameter"><extension url="code"><valueString value="template-md"/></extension><extension url="value"><valueString value="template-page-md.html"/></extension></extension><extension url="http://hl7.org/fhir/tools/StructureDefinition/ig-parameter"><extension url="code"><valueString value="apply-contact"/></extension><extension url="value"><valueString value="true"/></extension></extension><extension url="http://hl7.org/fhir/tools/StructureDefinition/ig-parameter"><extension url="code"><valueString value="apply-context"/></extension><extension url="value"><valueString value="true"/></extension></extension><extension url="http://hl7.org/fhir/tools/StructureDefinition/ig-parameter"><extension url="code"><valueString value="apply-copyright"/></extension><extension url="value"><valueString value="true"/></extension></extension><extension url="http://hl7.org/fhir/tools/StructureDefinition/ig-parameter"><extension url="code"><valueString value="apply-jurisdiction"/></extension><extension url="value"><valueString value="true"/></extension></extension><extension url="http://hl7.org/fhir/tools/StructureDefinition/ig-parameter"><extension url="code"><valueString value="apply-license"/></extension><extension url="value"><valueString value="true"/></extension></extension><extension url="http://hl7.org/fhir/tools/StructureDefinition/ig-parameter"><extension url="code"><valueString value="apply-publisher"/></extension><extension url="value"><valueString value="true"/></extension></extension><extension url="http://hl7.org/fhir/tools/StructureDefinition/ig-parameter"><extension url="code"><valueString value="apply-version"/></extension><extension url="value"><valueString value="true"/></extension></extension><extension url="http://hl7.org/fhir/tools/StructureDefinition/ig-parameter"><extension url="code"><valueString value="apply-wg"/></extension><extension url="value"><valueString value="true"/></extension></extension><extension url="http://hl7.org/fhir/tools/StructureDefinition/ig-parameter"><extension url="code"><valueString value="active-tables"/></extension><extension url="value"><valueString value="true"/></extension></extension><extension url="http://hl7.org/fhir/tools/StructureDefinition/ig-parameter"><extension url="code"><valueString value="fmm-definition"/></extension><extension url="value"><valueString value="http://hl7.org/fhir/versions.html#maturity"/></extension></extension><extension url="http://hl7.org/fhir/tools/StructureDefinition/ig-parameter"><extension url="code"><valueString value="propagate-status"/></extension><extension url="value"><valueString value="true"/></extension></extension><extension url="http://hl7.org/fhir/tools/StructureDefinition/ig-parameter"><extension url="code"><valueString value="excludelogbinaryformat"/></extension><extension url="value"><valueString value="true"/></extension></extension><extension url="http://hl7.org/fhir/tools/StructureDefinition/ig-parameter"><extension url="code"><valueString value="tabbed-snapshots"/></extension><extension url="value"><valueString value="true"/></extension></extension><extension url="http://hl7.org/fhir/tools/StructureDefinition/ig-internal-dependency"><valueCode value="hl7.fhir.uv.tools.r4#0.3.0"/></extension><extension url="http://hl7.org/fhir/tools/StructureDefinition/ig-parameter"><extension url="code"><valueCode value="copyrightyear"/></extension><extension url="value"><valueString value="2023+"/></extension></extension><extension url="http://hl7.org/fhir/tools/StructureDefinition/ig-parameter"><extension url="code"><valueCode value="releaselabel"/></extension><extension url="value"><valueString value="ci-build"/></extension></extension><extension url="http://hl7.org/fhir/tools/StructureDefinition/ig-parameter"><extension url="code"><valueCode value="produce-jekyll-data"/></extension><extension url="value"><valueString value="true"/></extension></extension><extension url="http://hl7.org/fhir/tools/StructureDefinition/ig-parameter"><extension url="code"><valueCode value="path-expansion-params"/></extension><extension url="value"><valueString value="../../input/_resources/exp-params.json"/></extension></extension><extension url="http://hl7.org/fhir/tools/StructureDefinition/ig-parameter"><extension url="code"><valueCode value="path-binary"/></extension><extension url="value"><valueString value="input/cql"/></extension></extension><extension url="http://hl7.org/fhir/tools/StructureDefinition/ig-parameter"><extension url="code"><valueCode value="special-url"/></extension><extension url="value"><valueString value="http://id.who.int/icd/release/11/mms"/></extension></extension><extension url="http://hl7.org/fhir/tools/StructureDefinition/ig-parameter"><extension url="code"><valueCode value="special-url"/></extension><extension url="value"><valueString value="http://hl7.org/fhir/ValueSet/immunization-status"/></extension></extension><extension url="http://hl7.org/fhir/tools/StructureDefinition/ig-parameter"><extension url="code"><valueCode value="special-url"/></extension><extension url="value"><valueString value="http://hl7.org/fhir/ValueSet/country"/></extension></extension><extension url="http://hl7.org/fhir/tools/StructureDefinition/ig-parameter"><extension url="code"><valueCode value="special-url"/></extension><extension url="value"><valueString value="http://smart.who.int/base-clinical/Library/WHOCommon"/></extension></extension><extension url="http://hl7.org/fhir/tools/StructureDefinition/ig-parameter"><extension url="code"><valueCode value="special-url"/></extension><extension url="value"><valueString value="http://smart.who.int/base-clinical/Library/WHOConcepts"/></extension></extension><extension url="http://hl7.org/fhir/tools/StructureDefinition/ig-parameter"><extension url="code"><valueCode value="special-url"/></extension><extension url="value"><valueString value="http://smart.who.int/base-clinical/Library/WHOElements"/></extension></extension><extension url="http://hl7.org/fhir/tools/StructureDefinition/ig-parameter"><extension url="code"><valueCode value="special-url"/></extension><extension url="value"><valueString value="http://smart.who.int/base-clinical/Library/WHOEncounterElements"/></extension></extension><extension url="http://hl7.org/fhir/tools/StructureDefinition/ig-parameter"><extension url="code"><valueCode value="autoload-resources"/></extension><extension url="value"><valueString value="true"/></extension></extension><extension url="http://hl7.org/fhir/tools/StructureDefinition/ig-parameter"><extension url="code"><valueCode value="path-liquid"/></extension><extension url="value"><valueString value="template/liquid"/></extension></extension><extension url="http://hl7.org/fhir/tools/StructureDefinition/ig-parameter"><extension url="code"><valueCode value="path-liquid"/></extension><extension url="value"><valueString value="input/liquid"/></extension></extension><extension url="http://hl7.org/fhir/tools/StructureDefinition/ig-parameter"><extension url="code"><valueCode value="path-qa"/></extension><extension url="value"><valueString value="temp/qa"/></extension></extension><extension url="http://hl7.org/fhir/tools/StructureDefinition/ig-parameter"><extension url="code"><valueCode value="path-temp"/></extension><extension url="value"><valueString value="temp/pages"/></extension></extension><extension url="http://hl7.org/fhir/tools/StructureDefinition/ig-parameter"><extension url="code"><valueCode value="path-output"/></extension><extension url="value"><valueString value="output"/></extension></extension><extension url="http://hl7.org/fhir/tools/StructureDefinition/ig-parameter"><extension url="code"><valueCode value="path-suppressed-warnings"/></extension><extension url="value"><valueString value="input/ignoreWarnings.txt"/></extension></extension><extension url="http://hl7.org/fhir/tools/StructureDefinition/ig-parameter"><extension url="code"><valueCode value="path-history"/></extension><extension url="value"><valueString value="http://smart.who.int/example-workshop/history.html"/></extension></extension><extension url="http://hl7.org/fhir/tools/StructureDefinition/ig-parameter"><extension url="code"><valueCode value="template-html"/></extension><extension url="value"><valueString value="template-page.html"/></extension></extension><extension url="http://hl7.org/fhir/tools/StructureDefinition/ig-parameter"><extension url="code"><valueCode value="template-md"/></extension><extension url="value"><valueString value="template-page-md.html"/></extension></extension><extension url="http://hl7.org/fhir/tools/StructureDefinition/ig-parameter"><extension url="code"><valueCode value="apply-contact"/></extension><extension url="value"><valueString value="true"/></extension></extension><extension url="http://hl7.org/fhir/tools/StructureDefinition/ig-parameter"><extension url="code"><valueCode value="apply-context"/></extension><extension url="value"><valueString value="true"/></extension></extension><extension url="http://hl7.org/fhir/tools/StructureDefinition/ig-parameter"><extension url="code"><valueCode value="apply-copyright"/></extension><extension url="value"><valueString value="true"/></extension></extension><extension url="http://hl7.org/fhir/tools/StructureDefinition/ig-parameter"><extension url="code"><valueCode value="apply-jurisdiction"/></extension><extension url="value"><valueString value="true"/></extension></extension><extension url="http://hl7.org/fhir/tools/StructureDefinition/ig-parameter"><extension url="code"><valueCode value="apply-license"/></extension><extension url="value"><valueString value="true"/></extension></extension><extension url="http://hl7.org/fhir/tools/StructureDefinition/ig-parameter"><extension url="code"><valueCode value="apply-publisher"/></extension><extension url="value"><valueString value="true"/></extension></extension><extension url="http://hl7.org/fhir/tools/StructureDefinition/ig-parameter"><extension url="code"><valueCode value="apply-version"/></extension><extension url="value"><valueString value="true"/></extension></extension><extension url="http://hl7.org/fhir/tools/StructureDefinition/ig-parameter"><extension url="code"><valueCode value="apply-wg"/></extension><extension url="value"><valueString value="true"/></extension></extension><extension url="http://hl7.org/fhir/tools/StructureDefinition/ig-parameter"><extension url="code"><valueCode value="active-tables"/></extension><extension url="value"><valueString value="true"/></extension></extension><extension url="http://hl7.org/fhir/tools/StructureDefinition/ig-parameter"><extension url="code"><valueCode value="fmm-definition"/></extension><extension url="value"><valueString value="http://hl7.org/fhir/versions.html#maturity"/></extension></extension><extension url="http://hl7.org/fhir/tools/StructureDefinition/ig-parameter"><extension url="code"><valueCode value="propagate-status"/></extension><extension url="value"><valueString value="true"/></extension></extension><extension url="http://hl7.org/fhir/tools/StructureDefinition/ig-parameter"><extension url="code"><valueCode value="excludelogbinaryformat"/></extension><extension url="value"><valueString value="true"/></extension></extension><extension url="http://hl7.org/fhir/tools/StructureDefinition/ig-parameter"><extension url="code"><valueCode value="tabbed-snapshots"/></extension><extension url="value"><valueString value="true"/></extension></extension><extension url="http://hl7.org/fhir/tools/StructureDefinition/ig-parameter"><extension url="code"><valueCode value="copyrightyear"/></extension><extension url="value"><valueString value="2023+"/></extension></extension><extension url="http://hl7.org/fhir/tools/StructureDefinition/ig-parameter"><extension url="code"><valueCode value="releaselabel"/></extension><extension url="value"><valueString value="ci-build"/></extension></extension><extension url="http://hl7.org/fhir/tools/StructureDefinition/ig-parameter"><extension url="code"><valueCode value="produce-jekyll-data"/></extension><extension url="value"><valueString value="true"/></extension></extension><extension url="http://hl7.org/fhir/tools/StructureDefinition/ig-parameter"><extension url="code"><valueCode value="path-expansion-params"/></extension><extension url="value"><valueString value="../../input/_resources/exp-params.json"/></extension></extension><extension url="http://hl7.org/fhir/tools/StructureDefinition/ig-parameter"><extension url="code"><valueCode value="path-binary"/></extension><extension url="value"><valueString value="input/cql"/></extension></extension><extension url="http://hl7.org/fhir/tools/StructureDefinition/ig-parameter"><extension url="code"><valueCode value="special-url"/></extension><extension url="value"><valueString value="http://id.who.int/icd/release/11/mms"/></extension></extension><extension url="http://hl7.org/fhir/tools/StructureDefinition/ig-parameter"><extension url="code"><valueCode value="special-url"/></extension><extension url="value"><valueString value="http://hl7.org/fhir/ValueSet/immunization-status"/></extension></extension><extension url="http://hl7.org/fhir/tools/StructureDefinition/ig-parameter"><extension url="code"><valueCode value="special-url"/></extension><extension url="value"><valueString value="http://hl7.org/fhir/ValueSet/country"/></extension></extension><extension url="http://hl7.org/fhir/tools/StructureDefinition/ig-parameter"><extension url="code"><valueCode value="special-url"/></extension><extension url="value"><valueString value="http://smart.who.int/base-clinical/Library/WHOCommon"/></extension></extension><extension url="http://hl7.org/fhir/tools/StructureDefinition/ig-parameter"><extension url="code"><valueCode value="special-url"/></extension><extension url="value"><valueString value="http://smart.who.int/base-clinical/Library/WHOConcepts"/></extension></extension><extension url="http://hl7.org/fhir/tools/StructureDefinition/ig-parameter"><extension url="code"><valueCode value="special-url"/></extension><extension url="value"><valueString value="http://smart.who.int/base-clinical/Library/WHOElements"/></extension></extension><extension url="http://hl7.org/fhir/tools/StructureDefinition/ig-parameter"><extension url="code"><valueCode value="special-url"/></extension><extension url="value"><valueString value="http://smart.who.int/base-clinical/Library/WHOEncounterElements"/></extension></extension><extension url="http://hl7.org/fhir/tools/StructureDefinition/ig-parameter"><extension url="code"><valueCode value="autoload-resources"/></extension><extension url="value"><valueString value="true"/></extension></extension><extension url="http://hl7.org/fhir/tools/StructureDefinition/ig-parameter"><extension url="code"><valueCode value="path-liquid"/></extension><extension url="value"><valueString value="template/liquid"/></extension></extension><extension url="http://hl7.org/fhir/tools/StructureDefinition/ig-parameter"><extension url="code"><valueCode value="path-liquid"/></extension><extension url="value"><valueString value="input/liquid"/></extension></extension><extension url="http://hl7.org/fhir/tools/StructureDefinition/ig-parameter"><extension url="code"><valueCode value="path-qa"/></extension><extension url="value"><valueString value="temp/qa"/></extension></extension><extension url="http://hl7.org/fhir/tools/StructureDefinition/ig-parameter"><extension url="code"><valueCode value="path-temp"/></extension><extension url="value"><valueString value="temp/pages"/></extension></extension><extension url="http://hl7.org/fhir/tools/StructureDefinition/ig-parameter"><extension url="code"><valueCode value="path-output"/></extension><extension url="value"><valueString value="output"/></extension></extension><extension url="http://hl7.org/fhir/tools/StructureDefinition/ig-parameter"><extension url="code"><valueCode value="path-suppressed-warnings"/></extension><extension url="value"><valueString value="input/ignoreWarnings.txt"/></extension></extension><extension url="http://hl7.org/fhir/tools/StructureDefinition/ig-parameter"><extension url="code"><valueCode value="path-history"/></extension><extension url="value"><valueString value="http://smart.who.int/example-workshop/history.html"/></extension></extension><extension url="http://hl7.org/fhir/tools/StructureDefinition/ig-parameter"><extension url="code"><valueCode value="template-html"/></extension><extension url="value"><valueString value="template-page.html"/></extension></extension><extension url="http://hl7.org/fhir/tools/StructureDefinition/ig-parameter"><extension url="code"><valueCode value="template-md"/></extension><extension url="value"><valueString value="template-page-md.html"/></extension></extension><extension url="http://hl7.org/fhir/tools/StructureDefinition/ig-parameter"><extension url="code"><valueCode value="apply-contact"/></extension><extension url="value"><valueString value="true"/></extension></extension><extension url="http://hl7.org/fhir/tools/StructureDefinition/ig-parameter"><extension url="code"><valueCode value="apply-context"/></extension><extension url="value"><valueString value="true"/></extension></extension><extension url="http://hl7.org/fhir/tools/StructureDefinition/ig-parameter"><extension url="code"><valueCode value="apply-copyright"/></extension><extension url="value"><valueString value="true"/></extension></extension><extension url="http://hl7.org/fhir/tools/StructureDefinition/ig-parameter"><extension url="code"><valueCode value="apply-jurisdiction"/></extension><extension url="value"><valueString value="true"/></extension></extension><extension url="http://hl7.org/fhir/tools/StructureDefinition/ig-parameter"><extension url="code"><valueCode value="apply-license"/></extension><extension url="value"><valueString value="true"/></extension></extension><extension url="http://hl7.org/fhir/tools/StructureDefinition/ig-parameter"><extension url="code"><valueCode value="apply-publisher"/></extension><extension url="value"><valueString value="true"/></extension></extension><extension url="http://hl7.org/fhir/tools/StructureDefinition/ig-parameter"><extension url="code"><valueCode value="apply-version"/></extension><extension url="value"><valueString value="true"/></extension></extension><extension url="http://hl7.org/fhir/tools/StructureDefinition/ig-parameter"><extension url="code"><valueCode value="apply-wg"/></extension><extension url="value"><valueString value="true"/></extension></extension><extension url="http://hl7.org/fhir/tools/StructureDefinition/ig-parameter"><extension url="code"><valueCode value="active-tables"/></extension><extension url="value"><valueString value="true"/></extension></extension><extension url="http://hl7.org/fhir/tools/StructureDefinition/ig-parameter"><extension url="code"><valueCode value="fmm-definition"/></extension><extension url="value"><valueString value="http://hl7.org/fhir/versions.html#maturity"/></extension></extension><extension url="http://hl7.org/fhir/tools/StructureDefinition/ig-parameter"><extension url="code"><valueCode value="propagate-status"/></extension><extension url="value"><valueString value="true"/></extension></extension><extension url="http://hl7.org/fhir/tools/StructureDefinition/ig-parameter"><extension url="code"><valueCode value="excludelogbinaryformat"/></extension><extension url="value"><valueString value="true"/></extension></extension><extension url="http://hl7.org/fhir/tools/StructureDefinition/ig-parameter"><extension url="code"><valueCode value="tabbed-snapshots"/></extension><extension url="value"><valueString value="true"/></extension></extension><grouping id="-ka-activitydefinition"><name value="Knowledge Artifacts: Activity Definitions"/><description value="These define activities that can be performed as part of content in this implementation guide."/></grouping><grouping id="-ka-plandefinition"><name value="Knowledge Artifacts: Plan Definitions"/><description value="These define workflows, rules, strategies, or protocols as part of content in this implementation guide."/></grouping><grouping id="-ka-library"><name value="Knowledge Artifacts: Libraries"/><description value="These define logic, asset collections and other libraries as part of content in this implementation guide."/></grouping><grouping id="-str-profile"><name value="Structures: Resource Profiles"/><description value="These define constraints on FHIR resources for systems conforming to this implementation guide."/></grouping><grouping id="-str-extension"><name value="Structures: Extension Definitions"/><description value="These define constraints on FHIR data types for systems conforming to this implementation guide."/></grouping><grouping id="-term-valueset"><name value="Terminology: Value Sets"/><description value="These define sets of codes used by systems conforming to this implementation guide."/></grouping><grouping id="-term-codesystem"><name value="Terminology: Code Systems"/><description value="These define new code systems used by systems conforming to this implementation guide."/></grouping><grouping id="-map-conceptmap"><name value="Terminology: Concept Maps"/><description value="These define transformations to convert between codes by systems conforming with this implementation guide."/></grouping><grouping id="-ex-example"><name value="Example: Example Instances"/><description value="These are example instances that show what data produced and consumed by systems conforming with this implementation guide might look like."/></grouping><resource><extension url="http://hl7.org/fhir/tools/StructureDefinition/resource-sort"><valueInteger value="999999999"/></extension><extension url="http://hl7.org/fhir/StructureDefinition/implementationguide-page"><valueUri value="ActivityDefinition-IMMZD2DTMeaslesCIMR.html"/></extension><reference><reference value="ActivityDefinition/IMMZD2DTMeaslesCIMR"/></reference><name value="IMMZ.D2.DT.Measles.Contraindication"/><description value="Provide measles immunization"/><exampleBoolean value="false"/><groupingId value="-ka-activitydefinition"/></resource><resource><extension url="http://hl7.org/fhir/tools/StructureDefinition/resource-sort"><valueInteger value="999999999"/></extension><extension url="http://hl7.org/fhir/StructureDefinition/implementationguide-page"><valueUri value="ActivityDefinition-IMMZD2DTMeaslesEval.html"/></extension><reference><reference value="ActivityDefinition/IMMZD2DTMeaslesEval"/></reference><name value="IMMZ.D2.DT.Measles.Eval"/><description value="Provide measles immunization"/><exampleBoolean value="false"/><groupingId value="-ka-activitydefinition"/></resource><resource><extension url="http://hl7.org/fhir/tools/StructureDefinition/resource-sort"><valueInteger value="999999999"/></extension><extension url="http://hl7.org/fhir/StructureDefinition/implementationguide-page"><valueUri value="ActivityDefinition-IMMZD2DTMeaslesMR.html"/></extension><reference><reference value="ActivityDefinition/IMMZD2DTMeaslesMR"/></reference><name value="IMMZ.D2.DT.Measles.MR"/><description value="Provide measles immunization"/><exampleBoolean value="false"/><groupingId value="-ka-activitydefinition"/></resource><resource><extension url="http://hl7.org/fhir/tools/StructureDefinition/resource-sort"><valueInteger value="999999999"/></extension><extension url="http://hl7.org/fhir/StructureDefinition/implementationguide-page"><valueUri value="PlanDefinition-IMMZD2DTMeaslesLT.html"/></extension><reference><reference value="PlanDefinition/IMMZD2DTMeaslesLT"/></reference><name value="IMMZ.D2.DT.Measles Low Transmission"/><description value="If the child or patient has not been given MCV1 (at 12 months) and MCV2 (between 15-18 months) vaccination"/><exampleBoolean value="false"/><groupingId value="-ka-plandefinition"/></resource><resource><extension url="http://hl7.org/fhir/tools/StructureDefinition/resource-sort"><valueInteger value="999999999"/></extension><extension url="http://hl7.org/fhir/StructureDefinition/implementationguide-page"><valueUri value="PlanDefinition-IMMZD2DTMeaslesDose0.html"/></extension><reference><reference value="PlanDefinition/IMMZD2DTMeaslesDose0"/></reference><name value="IMMZ.D2.DT.Measles MCV Dose 0"/><description value="If the child or patient has not been given MCV0 between 6 and 9 months"/><exampleBoolean value="false"/><groupingId value="-ka-plandefinition"/></resource><resource><extension url="http://hl7.org/fhir/tools/StructureDefinition/resource-sort"><valueInteger value="999999999"/></extension><extension url="http://hl7.org/fhir/StructureDefinition/implementationguide-page"><valueUri value="PlanDefinition-IMMZD2DTMeaslesSupplementary.html"/></extension><reference><reference value="PlanDefinition/IMMZD2DTMeaslesSupplementary"/></reference><name value="IMMZ.D2.DT.Measles MCV Dose 0"/><description value="If the child or patient has not been given a supplementary dose"/><exampleBoolean value="false"/><groupingId value="-ka-plandefinition"/></resource><resource><extension url="http://hl7.org/fhir/tools/StructureDefinition/resource-sort"><valueInteger value="999999999"/></extension><extension url="http://hl7.org/fhir/StructureDefinition/implementationguide-page"><valueUri value="PlanDefinition-IMMZD2DTMeaslesOT.html"/></extension><reference><reference value="PlanDefinition/IMMZD2DTMeaslesOT"/></reference><name value="IMMZ.D2.DT.Measles Ongoing Transmission"/><description value="If the child or patient has not been given MCV1 (at 9 months) and MCV2 (between 15-18 months) vaccination"/><exampleBoolean value="false"/><groupingId value="-ka-plandefinition"/></resource><resource><extension url="http://hl7.org/fhir/tools/StructureDefinition/resource-sort"><valueInteger value="999999999"/></extension><extension url="http://hl7.org/fhir/StructureDefinition/implementationguide-page"><valueUri value="PlanDefinition-IMMZD5DTMeaslesCI.html"/></extension><reference><reference value="PlanDefinition/IMMZD5DTMeaslesCI"/></reference><name value="IMMZ.D5.DT.Measles.Contraindication"/><description value="Check contraindications for Measles vaccine"/><exampleBoolean value="false"/><groupingId value="-ka-plandefinition"/></resource><resource><extension url="http://hl7.org/fhir/tools/StructureDefinition/resource-sort"><valueInteger value="999999999"/></extension><extension url="http://hl7.org/fhir/StructureDefinition/implementationguide-page"><valueUri value="PlanDefinition-IMMZDTImmunizationStrategy.html"/></extension><reference><reference value="PlanDefinition/IMMZDTImmunizationStrategy"/></reference><name value="IMMZ.DT.Immunization Strategy"/><description value="Provide vaccinations according to the recommended schedule"/><exampleBoolean value="false"/><groupingId value="-ka-plandefinition"/></resource><resource><extension url="http://hl7.org/fhir/tools/StructureDefinition/resource-sort"><valueInteger value="999999999"/></extension><extension url="http://hl7.org/fhir/StructureDefinition/implementationguide-page"><valueUri value="Library-IMMZIND08Logic.html"/></extension><reference><reference value="Library/IMMZIND08Logic"/></reference><name value="IMMZ.IND.08 Logic"/><description value="This library defines population criteria for the IND.08 indicator in the Immunization CPG"/><exampleBoolean value="false"/><groupingId value="-ka-library"/></resource><resource><extension url="http://hl7.org/fhir/tools/StructureDefinition/resource-sort"><valueInteger value="999999999"/></extension><extension url="http://hl7.org/fhir/StructureDefinition/implementationguide-page"><valueUri value="Library-IMMZIND12Logic.html"/></extension><reference><reference value="Library/IMMZIND12Logic"/></reference><name value="IMMZ.IND.12 Logic"/><description value="This library defines population criteria logic for the IND.12 indicator in the Immunization CPG"/><exampleBoolean value="false"/><groupingId value="-ka-library"/></resource><resource><extension url="http://hl7.org/fhir/tools/StructureDefinition/resource-sort"><valueInteger value="999999999"/></extension><extension url="http://hl7.org/fhir/StructureDefinition/implementationguide-page"><valueUri value="Library-IMMZIND13Logic.html"/></extension><reference><reference value="Library/IMMZIND13Logic"/></reference><name value="IMMZ.IND.13 Logic"/><description value="This library defines population criteria logic for the IND.13 indicator in the Immunization CPG"/><exampleBoolean value="false"/><groupingId value="-ka-library"/></resource><resource><extension url="http://hl7.org/fhir/tools/StructureDefinition/resource-sort"><valueInteger value="999999999"/></extension><extension url="http://hl7.org/fhir/StructureDefinition/implementationguide-page"><valueUri value="Library-IMMZCommon.html"/></extension><reference><reference value="Library/IMMZCommon"/></reference><name value="IMMZCommon"/><description value="This library defines common terminologies and functions used throughout the Immunization CPG"/><exampleBoolean value="false"/><groupingId value="-ka-library"/></resource><resource><extension url="http://hl7.org/fhir/tools/StructureDefinition/resource-sort"><valueInteger value="999999999"/></extension><extension url="http://hl7.org/fhir/StructureDefinition/implementationguide-page"><valueUri value="Library-IMMZConcepts.html"/></extension><reference><reference value="Library/IMMZConcepts"/></reference><name value="IMMZConcepts"/><description value="This library defines concepts used throughout the Immunization CPG"/><exampleBoolean value="false"/><groupingId value="-ka-library"/></resource><resource><extension url="http://hl7.org/fhir/tools/StructureDefinition/resource-sort"><valueInteger value="999999999"/></extension><extension url="http://hl7.org/fhir/StructureDefinition/implementationguide-page"><valueUri value="Library-IMMZConfig.html"/></extension><reference><reference value="Library/IMMZConfig"/></reference><name value="IMMZConfig"/><description value="This library defines configuration points for the Immunization CPG"/><exampleBoolean value="false"/><groupingId value="-ka-library"/></resource><resource><extension url="http://hl7.org/fhir/tools/StructureDefinition/resource-sort"><valueInteger value="999999999"/></extension><extension url="http://hl7.org/fhir/StructureDefinition/implementationguide-page"><valueUri value="Library-IMMZD2DTMeaslesDose0Logic.html"/></extension><reference><reference value="Library/IMMZD2DTMeaslesDose0Logic"/></reference><name value="IMMZD2DTMeaslesDose0Logic"/><description value="This library defines decision support logic for the D2.DT.Measles Dose 0 decision table in the Immunization CPG"/><exampleBoolean value="false"/><groupingId value="-ka-library"/></resource><resource><extension url="http://hl7.org/fhir/tools/StructureDefinition/resource-sort"><valueInteger value="999999999"/></extension><extension url="http://hl7.org/fhir/StructureDefinition/implementationguide-page"><valueUri value="Library-IMMZD2DTMeaslesLTLogic.html"/></extension><reference><reference value="Library/IMMZD2DTMeaslesLTLogic"/></reference><name value="IMMZD2DTMeaslesLTLogic"/><description value="This library defines decision support logic for the D2.DT.Measles Dose 0 decision table in the Immunization CPG"/><exampleBoolean value="false"/><groupingId value="-ka-library"/></resource><resource><extension url="http://hl7.org/fhir/tools/StructureDefinition/resource-sort"><valueInteger value="999999999"/></extension><extension url="http://hl7.org/fhir/StructureDefinition/implementationguide-page"><valueUri value="Library-IMMZD2DTMeaslesLogic.html"/></extension><reference><reference value="Library/IMMZD2DTMeaslesLogic"/></reference><name value="IMMZD2DTMeaslesLogic"/><description value="This library defines decision support logic for the D2.DT.Measles decision table in the Immunization CPG"/><exampleBoolean value="false"/><groupingId value="-ka-library"/></resource><resource><extension url="http://hl7.org/fhir/tools/StructureDefinition/resource-sort"><valueInteger value="999999999"/></extension><extension url="http://hl7.org/fhir/StructureDefinition/implementationguide-page"><valueUri value="Library-IMMZD2DTMeaslesOTLogic.html"/></extension><reference><reference value="Library/IMMZD2DTMeaslesOTLogic"/></reference><name value="IMMZD2DTMeaslesOTLogic"/><description value="This library defines decision support logic for the D2.DT.Measles Dose 0 decision table in the Immunization CPG"/><exampleBoolean value="false"/><groupingId value="-ka-library"/></resource><resource><extension url="http://hl7.org/fhir/tools/StructureDefinition/resource-sort"><valueInteger value="999999999"/></extension><extension url="http://hl7.org/fhir/StructureDefinition/implementationguide-page"><valueUri value="Library-IMMZD2DTMeaslesSupplementaryLogic.html"/></extension><reference><reference value="Library/IMMZD2DTMeaslesSupplementaryLogic"/></reference><name value="IMMZD2DTMeaslesSupplementaryLogic"/><description value="This library defines decision support logic for the D2.DT.Measles Dose 0 decision table in the Immunization CPG"/><exampleBoolean value="false"/><groupingId value="-ka-library"/></resource><resource><extension url="http://hl7.org/fhir/tools/StructureDefinition/resource-sort"><valueInteger value="999999999"/></extension><extension url="http://hl7.org/fhir/StructureDefinition/implementationguide-page"><valueUri value="Library-IMMZD5DTMeaslesCILogic.html"/></extension><reference><reference value="Library/IMMZD5DTMeaslesCILogic"/></reference><name value="IMMZD5DTMeaslesCILogic"/><description value="This library defines decision support logic for the D2.DT.Measles Dose 0 decision table in the Immunization CPG"/><exampleBoolean value="false"/><groupingId value="-ka-library"/></resource><resource><extension url="http://hl7.org/fhir/tools/StructureDefinition/resource-sort"><valueInteger value="999999999"/></extension><extension url="http://hl7.org/fhir/StructureDefinition/implementationguide-page"><valueUri value="Library-IMMZElements.html"/></extension><reference><reference value="Library/IMMZElements"/></reference><name value="IMMZElements"/><description value="This library defines context-independent elements used throughout the Immunization CPG"/><exampleBoolean value="false"/><groupingId value="-ka-library"/></resource><resource><extension url="http://hl7.org/fhir/tools/StructureDefinition/resource-sort"><valueInteger value="999999999"/></extension><extension url="http://hl7.org/fhir/StructureDefinition/implementationguide-page"><valueUri value="Library-IMMZEncounterElements.html"/></extension><reference><reference value="Library/IMMZEncounterElements"/></reference><name value="IMMZEncounterElements"/><description value="This library defines encounter-based elements used throughout the Immunization CPG"/><exampleBoolean value="false"/><groupingId value="-ka-library"/></resource><resource><extension url="http://hl7.org/fhir/tools/StructureDefinition/resource-sort"><valueInteger value="999999999"/></extension><extension url="http://hl7.org/fhir/StructureDefinition/implementationguide-page"><valueUri value="Library-IMMZIndicatorElements.html"/></extension><reference><reference value="Library/IMMZIndicatorElements"/></reference><name value="IMMZIndicatorElements"/><description value="This library defines indicator-based elements and terminologies used throughout the Immunization CPG indicators"/><exampleBoolean value="false"/><groupingId value="-ka-library"/></resource><resource><extension url="http://hl7.org/fhir/tools/StructureDefinition/resource-sort"><valueInteger value="999999999"/></extension><extension url="http://hl7.org/fhir/StructureDefinition/implementationguide-page"><valueUri value="Library-IMMZVaccineLibrary.html"/></extension><reference><reference value="Library/IMMZVaccineLibrary"/></reference><name value="IMMZVaccineLibrary"/><description value="This library defines logic and mappings for the use of vaccines in the Immunization CPG"/><exampleBoolean value="false"/><groupingId value="-ka-library"/></resource><resource><extension url="http://hl7.org/fhir/tools/StructureDefinition/resource-sort"><valueInteger value="999999999"/></extension><extension url="http://hl7.org/fhir/StructureDefinition/implementationguide-page"><valueUri value="Library-WHOCommon.html"/></extension><reference><reference value="Library/WHOCommon"/></reference><name value="WHOCommon"/><description value="This library defines common terminologies and functions used throughout WHO SMART Guidelines content"/><exampleBoolean value="false"/><groupingId value="-ka-library"/></resource><resource><extension url="http://hl7.org/fhir/tools/StructureDefinition/resource-sort"><valueInteger value="999999999"/></extension><extension url="http://hl7.org/fhir/StructureDefinition/implementationguide-page"><valueUri value="Library-WHOConcepts.html"/></extension><reference><reference value="Library/WHOConcepts"/></reference><name value="WHOConcepts"/><description value="This library defines common concepts used throughout WHO SMART Guidelines content"/><exampleBoolean value="false"/><groupingId value="-ka-library"/></resource><resource><extension url="http://hl7.org/fhir/tools/StructureDefinition/resource-sort"><valueInteger value="999999999"/></extension><extension url="http://hl7.org/fhir/StructureDefinition/implementationguide-page"><valueUri value="Library-WHOElements.html"/></extension><reference><reference value="Library/WHOElements"/></reference><name value="WHOElements"/><description value="This library defines context-independent elements used throughout WHO SMART Guidelines content"/><exampleBoolean value="false"/><groupingId value="-ka-library"/></resource><resource><extension url="http://hl7.org/fhir/tools/StructureDefinition/resource-sort"><valueInteger value="999999999"/></extension><extension url="http://hl7.org/fhir/StructureDefinition/implementationguide-page"><valueUri value="Library-WHOEncounterElements.html"/></extension><reference><reference value="Library/WHOEncounterElements"/></reference><name value="WHOEncounterElements"/><description value="This library defines encounter-based elements used throughout WHO SMART Guidelines content"/><exampleBoolean value="false"/><groupingId value="-ka-library"/></resource><resource><extension url="http://hl7.org/fhir/tools/StructureDefinition/resource-sort"><valueInteger value="999999999"/></extension><extension url="http://hl7.org/fhir/StructureDefinition/implementationguide-page"><valueUri value="StructureDefinition-SGVaccineProduct.html"/></extension><reference><reference value="StructureDefinition/SGVaccineProduct"/></reference><name value="A Vaccine product"/><description value="A Vaccine product"/><exampleBoolean value="false"/><groupingId value="-str-profile"/></resource><resource><extension url="http://hl7.org/fhir/tools/StructureDefinition/resource-sort"><valueInteger value="999999999"/></extension><extension url="http://hl7.org/fhir/StructureDefinition/implementationguide-page"><valueUri value="StructureDefinition-SGImmunization.html"/></extension><reference><reference value="StructureDefinition/SGImmunization"/></reference><name value="A record of an immunization, with a given product"/><description value="A record of an immunization, with a given product"/><exampleBoolean value="false"/><groupingId value="-str-profile"/></resource><resource><extension url="http://hl7.org/fhir/tools/StructureDefinition/resource-sort"><valueInteger value="999999999"/></extension><extension url="http://hl7.org/fhir/StructureDefinition/implementationguide-page"><valueUri value="StructureDefinition-SGVaccineRequest.html"/></extension><reference><reference value="StructureDefinition/SGVaccineRequest"/></reference><name value="An order for an actual product"/><description value="An order for an actual product"/><exampleBoolean value="false"/><groupingId value="-str-profile"/></resource><resource><extension url="http://hl7.org/fhir/tools/StructureDefinition/resource-sort"><valueInteger value="999999999"/></extension><extension url="http://hl7.org/fhir/StructureDefinition/implementationguide-page"><valueUri value="StructureDefinition-SGVaccineProposal.html"/></extension><reference><reference value="StructureDefinition/SGVaccineProposal"/></reference><name value="An order for immunization (for a disease, not a specific product)"/><description value="An order for immunization (for a disease, not a specific product)"/><exampleBoolean value="false"/><groupingId value="-str-profile"/></resource><resource><extension url="http://hl7.org/fhir/tools/StructureDefinition/resource-sort"><valueInteger value="999999999"/></extension><extension url="http://hl7.org/fhir/StructureDefinition/implementationguide-page"><valueUri value="StructureDefinition-sg-ext-administeredProduct.html"/></extension><reference><reference value="StructureDefinition/sg-ext-administeredProduct"/></reference><name value="SGAdministeredProduct"/><description value="The product administered"/><exampleBoolean value="false"/><groupingId value="-str-extension"/></resource><resource><extension url="http://hl7.org/fhir/tools/StructureDefinition/resource-sort"><valueInteger value="999999999"/></extension><extension url="http://hl7.org/fhir/StructureDefinition/implementationguide-page"><valueUri value="StructureDefinition-SGMedicationClassification.html"/></extension><reference><reference value="StructureDefinition/SGMedicationClassification"/></reference><name value="SGMedicationClassification"/><description value="Medication Classification."/><exampleBoolean value="false"/><groupingId value="-str-extension"/></resource><resource><extension url="http://hl7.org/fhir/tools/StructureDefinition/resource-sort"><valueInteger value="999999999"/></extension><extension url="http://hl7.org/fhir/StructureDefinition/implementationguide-page"><valueUri value="ValueSet-ARVDrugs-values.html"/></extension><reference><reference value="ValueSet/ARVDrugs-values"/></reference><name value="ARV Drugs values"/><description value="Codes representing ARV Drugs values"/><exampleBoolean value="false"/><groupingId value="-term-valueset"/></resource><resource><extension url="http://hl7.org/fhir/tools/StructureDefinition/resource-sort"><valueInteger value="999999999"/></extension><extension url="http://hl7.org/fhir/StructureDefinition/implementationguide-page"><valueUri value="ValueSet-Birthweight-values.html"/></extension><reference><reference value="ValueSet/Birthweight-values"/></reference><name value="Birthweight valueset"/><description value="Codes representing Birthweight values"/><exampleBoolean value="false"/><groupingId value="-term-valueset"/></resource><resource><extension url="http://hl7.org/fhir/tools/StructureDefinition/resource-sort"><valueInteger value="999999999"/></extension><extension url="http://hl7.org/fhir/StructureDefinition/implementationguide-page"><valueUri value="ValueSet-sgcountry.html"/></extension><reference><reference value="ValueSet/sgcountry"/></reference><name value="Country ValueSet"/><description value="This value set defines a base set of codes for countries.   &#xA;&#xA;   Note: The codes for countries are taken from    [ISO 3166](https://www.iso.org/iso-3166-country-codes.html)."/><exampleBoolean value="false"/><groupingId value="-term-valueset"/></resource><resource><extension url="http://hl7.org/fhir/tools/StructureDefinition/resource-sort"><valueInteger value="999999999"/></extension><extension url="http://hl7.org/fhir/StructureDefinition/implementationguide-page"><valueUri value="ValueSet-HIVstatus-values.html"/></extension><reference><reference value="ValueSet/HIVstatus-values"/></reference><name value="HIV status values"/><description value="Codes representing HIV status values"/><exampleBoolean value="false"/><groupingId value="-term-valueset"/></resource><resource><extension url="http://hl7.org/fhir/tools/StructureDefinition/resource-sort"><valueInteger value="999999999"/></extension><extension url="http://hl7.org/fhir/StructureDefinition/implementationguide-page"><valueUri value="ValueSet-IMMZ.C.DE5.html"/></extension><reference><reference value="ValueSet/IMMZ.C.DE5"/></reference><name value="IMMZ.C.DE5 ValueSet for Sex"/><description value="ValueSet for Sex for IMMZ.C.DE5."/><exampleBoolean value="false"/><groupingId value="-term-valueset"/></resource><resource><extension url="http://hl7.org/fhir/tools/StructureDefinition/resource-sort"><valueInteger value="999999999"/></extension><extension url="http://hl7.org/fhir/StructureDefinition/implementationguide-page"><valueUri value="ValueSet-IMMZ.D1.DE1VS.html"/></extension><reference><reference value="ValueSet/IMMZ.D1.DE1VS"/></reference><name value="IMMZ.D1.DE1 CodeSystem for Immunization status"/><description value="CodeSystem for IMMZ.D1.DE1 Immunization status"/><exampleBoolean value="false"/><groupingId value="-term-valueset"/></resource><resource><extension url="http://hl7.org/fhir/tools/StructureDefinition/resource-sort"><valueInteger value="999999999"/></extension><extension url="http://hl7.org/fhir/StructureDefinition/implementationguide-page"><valueUri value="ValueSet-IMMZ.D1.DE10.html"/></extension><reference><reference value="ValueSet/IMMZ.D1.DE10"/></reference><name value="IMMZ.D1.DE10 ValueSet for HIV Status"/><description value="ValueSet for HIV Status for IMMZ.D1.DE10."/><exampleBoolean value="false"/><groupingId value="-term-valueset"/></resource><resource><extension url="http://hl7.org/fhir/tools/StructureDefinition/resource-sort"><valueInteger value="999999999"/></extension><extension url="http://hl7.org/fhir/StructureDefinition/implementationguide-page"><valueUri value="ValueSet-IMMZ.D1.DE5VS.html"/></extension><reference><reference value="ValueSet/IMMZ.D1.DE5VS"/></reference><name value="IMMZ.D1.DE5 values for Reason Not Done"/><description value="Values for IMMZ.D1.DE5 Reason Not Done"/><exampleBoolean value="false"/><groupingId value="-term-valueset"/></resource><resource><extension url="http://hl7.org/fhir/tools/StructureDefinition/resource-sort"><valueInteger value="999999999"/></extension><extension url="http://hl7.org/fhir/StructureDefinition/implementationguide-page"><valueUri value="ValueSet-IMMZ.D4.DE161.html"/></extension><reference><reference value="ValueSet/IMMZ.D4.DE161"/></reference><name value="IMMZ.D4.DE161 ValueSet for Potential Contraindications"/><description value="ValueSet for Potential Contraindications for IMMZ.D4.DE161."/><exampleBoolean value="false"/><groupingId value="-term-valueset"/></resource><resource><extension url="http://hl7.org/fhir/tools/StructureDefinition/resource-sort"><valueInteger value="999999999"/></extension><extension url="http://hl7.org/fhir/StructureDefinition/implementationguide-page"><valueUri value="ValueSet-IMMZ.Z.DE9.html"/></extension><reference><reference value="ValueSet/IMMZ.Z.DE9"/></reference><name value="IMMZ.Z.DE9 ValueSet for Measles Vaccines"/><description value="ValueSet for Measles Vaccines for IMMZ.Z.DE9"/><exampleBoolean value="false"/><groupingId value="-term-valueset"/></resource><resource><extension url="http://hl7.org/fhir/tools/StructureDefinition/resource-sort"><valueInteger value="999999999"/></extension><extension url="http://hl7.org/fhir/StructureDefinition/implementationguide-page"><valueUri value="ValueSet-SGImmunizationStatusCodes.html"/></extension><reference><reference value="ValueSet/SGImmunizationStatusCodes"/></reference><name value="Immunization Status Codes"/><description value="The value set to instantiate this attribute should be drawn from a terminologically robust code system that consists of or contains concepts to support describing the current status of the administered dose of vaccine."/><exampleBoolean value="false"/><groupingId value="-term-valueset"/></resource><resource><extension url="http://hl7.org/fhir/tools/StructureDefinition/resource-sort"><valueInteger value="999999999"/></extension><extension url="http://hl7.org/fhir/StructureDefinition/implementationguide-page"><valueUri value="ValueSet-Immunocompromised-values.html"/></extension><reference><reference value="ValueSet/Immunocompromised-values"/></reference><name value="Immunocompromised valueset"/><description value="Codes representing Immunocompromised values"/><exampleBoolean value="false"/><groupingId value="-term-valueset"/></resource><resource><extension url="http://hl7.org/fhir/tools/StructureDefinition/resource-sort"><valueInteger value="999999999"/></extension><extension url="http://hl7.org/fhir/StructureDefinition/implementationguide-page"><valueUri value="ValueSet-VaccineTypes.html"/></extension><reference><reference value="ValueSet/VaccineTypes"/></reference><name value="Measles Vaccine Type ValueSet"/><description value="Measles Vaccine type Codes, containing the different types of antigens used in vaccine guidelines."/><exampleBoolean value="false"/><groupingId value="-term-valueset"/></resource><resource><extension url="http://hl7.org/fhir/tools/StructureDefinition/resource-sort"><valueInteger value="999999999"/></extension><extension url="http://hl7.org/fhir/StructureDefinition/implementationguide-page"><valueUri value="ValueSet-VSMeaslesVaccineProducts.html"/></extension><reference><reference value="ValueSet/VSMeaslesVaccineProducts"/></reference><name value="MeaslesVaccine Products ValueSet"/><description value="Vaccine Product Codes - representing the codes of the products currently available."/><exampleBoolean value="false"/><groupingId value="-term-valueset"/></resource><resource><extension url="http://hl7.org/fhir/tools/StructureDefinition/resource-sort"><valueInteger value="999999999"/></extension><extension url="http://hl7.org/fhir/StructureDefinition/implementationguide-page"><valueUri value="ValueSet-Negativetestresult-values.html"/></extension><reference><reference value="ValueSet/Negativetestresult-values"/></reference><name value="Negative Test Results"/><description value="Codes representing negative test result values"/><exampleBoolean value="false"/><groupingId value="-term-valueset"/></resource><resource><extension url="http://hl7.org/fhir/tools/StructureDefinition/resource-sort"><valueInteger value="999999999"/></extension><extension url="http://hl7.org/fhir/StructureDefinition/implementationguide-page"><valueUri value="ValueSet-PositiveTestResult-values.html"/></extension><reference><reference value="ValueSet/PositiveTestResult-values"/></reference><name value="Positive Test Result valuest"/><description value="Codes representing Positive Test Result values"/><exampleBoolean value="false"/><groupingId value="-term-valueset"/></resource><resource><extension url="http://hl7.org/fhir/tools/StructureDefinition/resource-sort"><valueInteger value="999999999"/></extension><extension url="http://hl7.org/fhir/StructureDefinition/implementationguide-page"><valueUri value="ValueSet-pregnancystatus-values.html"/></extension><reference><reference value="ValueSet/pregnancystatus-values"/></reference><name value="Pregnancy status values"/><description value="Codes representing possible values for the Pregnancy status element"/><exampleBoolean value="false"/><groupingId value="-term-valueset"/></resource><resource><extension url="http://hl7.org/fhir/tools/StructureDefinition/resource-sort"><valueInteger value="999999999"/></extension><extension url="http://hl7.org/fhir/StructureDefinition/implementationguide-page"><valueUri value="ValueSet-LiveAttenuatedVaccines.html"/></extension><reference><reference value="ValueSet/LiveAttenuatedVaccines"/></reference><name value="Set of live attenuated vaccines"/><description value="Codes representing live attenuated vaccines"/><exampleBoolean value="false"/><groupingId value="-term-valueset"/></resource><resource><extension url="http://hl7.org/fhir/tools/StructureDefinition/resource-sort"><valueInteger value="999999999"/></extension><extension url="http://hl7.org/fhir/StructureDefinition/implementationguide-page"><valueUri value="ValueSet-AllVaccineTypes.html"/></extension><reference><reference value="ValueSet/AllVaccineTypes"/></reference><name value="Vaccine Type ValueSet"/><description value="Vaccine type Codes, containing the different types of antigens used in vaccine guidelines."/><exampleBoolean value="false"/><groupingId value="-term-valueset"/></resource><resource><extension url="http://hl7.org/fhir/tools/StructureDefinition/resource-sort"><valueInteger value="999999999"/></extension><extension url="http://hl7.org/fhir/StructureDefinition/implementationguide-page"><valueUri value="CodeSystem-ICD11.html"/></extension><reference><reference value="CodeSystem/ICD11"/></reference><name value="ICD-11"/><description value="ICD-11."/><exampleBoolean value="false"/><groupingId value="-term-codesystem"/></resource><resource><extension url="http://hl7.org/fhir/tools/StructureDefinition/resource-sort"><valueInteger value="999999999"/></extension><extension url="http://hl7.org/fhir/StructureDefinition/implementationguide-page"><valueUri value="CodeSystem-IMMZConcepts.html"/></extension><reference><reference value="CodeSystem/IMMZConcepts"/></reference><name value="Immunizations Concepts CodeSystem"/><description value="This code system defines concepts used in SMART Immunizations"/><exampleBoolean value="false"/><groupingId value="-term-codesystem"/></resource><resource><extension url="http://hl7.org/fhir/tools/StructureDefinition/resource-sort"><valueInteger value="999999999"/></extension><extension url="http://hl7.org/fhir/StructureDefinition/implementationguide-page"><valueUri value="CodeSystem-VaccineProducts.html"/></extension><reference><reference value="CodeSystem/VaccineProducts"/></reference><name value="Vaccine Product codes CodeSet"/><description value="Vaccine Product codes, containing the different available products."/><exampleBoolean value="false"/><groupingId value="-term-codesystem"/></resource><resource><extension url="http://hl7.org/fhir/tools/StructureDefinition/resource-sort"><valueInteger value="999999999"/></extension><extension url="http://hl7.org/fhir/StructureDefinition/implementationguide-page"><valueUri value="ConceptMap-IMMZConceptsToICD11.html"/></extension><reference><reference value="ConceptMap/IMMZConceptsToICD11"/></reference><name value="ConceptMap to and from ICD-11"/><description value="Mapping to and from IMMZ Concepts to ICD-11"/><exampleBoolean value="false"/><groupingId value="-map-conceptmap"/></resource><resource><extension url="http://hl7.org/fhir/tools/StructureDefinition/resource-sort"><valueInteger value="999999999"/></extension><extension url="http://hl7.org/fhir/StructureDefinition/implementationguide-page"><valueUri value="ConceptMap-IMMZConceptsToAdministrativeGender.html"/></extension><reference><reference value="ConceptMap/IMMZConceptsToAdministrativeGender"/></reference><name value="ConceptMap to and from Immunization Concepts to administrative gender"/><description value="Mapping to and from IMMZ.C sex coding to FHIR Administrative Gender."/><exampleBoolean value="false"/><groupingId value="-map-conceptmap"/></resource><resource><extension url="http://hl7.org/fhir/tools/StructureDefinition/resource-sort"><valueInteger value="999999999"/></extension><extension url="http://hl7.org/fhir/StructureDefinition/implementationguide-page"><valueUri value="ConceptMap-IMMZConceptsToLOINC.html"/></extension><reference><reference value="ConceptMap/IMMZConceptsToLOINC"/></reference><name value="ConceptMap to and from LOINC"/><description value="Mapping to and from IMMZ Concepts to LOINC"/><exampleBoolean value="false"/><groupingId value="-map-conceptmap"/></resource><resource><extension url="http://hl7.org/fhir/tools/StructureDefinition/resource-sort"><valueInteger value="999999999"/></extension><extension url="http://hl7.org/fhir/StructureDefinition/implementationguide-page"><valueUri value="ConceptMap-IMMZConceptsToSNOMED.html"/></extension><reference><reference value="ConceptMap/IMMZConceptsToSNOMED"/></reference><name value="ConceptMap to and from SNOMED"/><description value="Mapping to and from IMMZ Concepts to SNOMED"/><exampleBoolean value="false"/><groupingId value="-map-conceptmap"/></resource><resource><extension url="http://hl7.org/fhir/tools/StructureDefinition/resource-sort"><valueInteger value="999999999"/></extension><extension url="http://hl7.org/fhir/StructureDefinition/implementationguide-page"><valueUri value="Measure-IMMZIND08.html"/></extension><reference><reference value="Measure/IMMZIND08"/></reference><name value="IMMZ.IND.08 Immunization coverage for Measles containing vaccine (Estimated Denominator)"/><description value="IMMZ.IND.08 Immunization coverage for Measles containing vaccine (Estimated Denominator)"/><exampleBoolean value="true"/><groupingId value="-ex-example"/></resource><resource><extension url="http://hl7.org/fhir/tools/StructureDefinition/resource-sort"><valueInteger value="999999999"/></extension><extension url="http://hl7.org/fhir/StructureDefinition/implementationguide-page"><valueUri value="Measure-IMMZIND12.html"/></extension><reference><reference value="Measure/IMMZIND12"/></reference><name value="IMMZ.IND.12 Measles indicator for first dose"/><description value="The percentage in the target population who have received one dose of measles and rubella vaccine during reporting period"/><exampleBoolean value="true"/><groupingId value="-ex-example"/></resource><resource><extension url="http://hl7.org/fhir/tools/StructureDefinition/resource-sort"><valueInteger value="999999999"/></extension><extension url="http://hl7.org/fhir/StructureDefinition/implementationguide-page"><valueUri value="Measure-IMMZIND13.html"/></extension><reference><reference value="Measure/IMMZIND13"/></reference><name value="IMMZ.IND.13 Measles indicator for second dose"/><description value="The percentage in the target population who have received second dose of measles and rubella vaccine during reporting period"/><exampleBoolean value="true"/><groupingId value="-ex-example"/></resource><page><extension url="http://hl7.org/fhir/tools/StructureDefinition/ig-page-name"><valueUrl value="toc.html"/></extension><nameUrl value="toc.html"/><title value="Table of Contents"/><generation value="html"/><page><extension url="http://hl7.org/fhir/tools/StructureDefinition/ig-page-name"><valueUrl value="index.html"/></extension><nameUrl value="index.html"/><title value="Home"/><generation value="markdown"/><page><extension url="http://hl7.org/fhir/tools/StructureDefinition/ig-page-name"><valueUrl value="changes.html"/></extension><nameUrl value="changes.html"/><title value="Changes"/><generation value="markdown"/></page><page><extension url="http://hl7.org/fhir/tools/StructureDefinition/ig-page-name"><valueUrl value="dependencies.html"/></extension><nameUrl value="dependencies.html"/><title value="Dependencies"/><generation value="markdown"/></page><page><extension url="http://hl7.org/fhir/tools/StructureDefinition/ig-page-name"><valueUrl value="references.html"/></extension><nameUrl value="references.html"/><title value="References"/><generation value="markdown"/></page><page><extension url="http://hl7.org/fhir/tools/StructureDefinition/ig-page-name"><valueUrl value="adapting.html"/></extension><nameUrl value="adapting.html"/><title value="Adapting Guidelines for Country use"/><generation value="markdown"/></page><page><extension url="http://hl7.org/fhir/tools/StructureDefinition/ig-page-name"><valueUrl value="license.html"/></extension><nameUrl value="license.html"/><title value="License"/><generation value="markdown"/></page></page><page><extension url="http://hl7.org/fhir/tools/StructureDefinition/ig-page-name"><valueUrl value="business-requirements.html"/></extension><nameUrl value="business-requirements.html"/><title value="Business Requirements"/><generation value="markdown"/><page><extension url="http://hl7.org/fhir/tools/StructureDefinition/ig-page-name"><valueUrl value="concepts.html"/></extension><nameUrl value="concepts.html"/><title value="Concepts"/><generation value="markdown"/></page><page><extension url="http://hl7.org/fhir/tools/StructureDefinition/ig-page-name"><valueUrl value="personas.html"/></extension><nameUrl value="personas.html"/><title value="Generic Personas"/><generation value="markdown"/></page><page><extension url="http://hl7.org/fhir/tools/StructureDefinition/ig-page-name"><valueUrl value="scenarios.html"/></extension><nameUrl value="scenarios.html"/><title value="User Scenarios"/><generation value="markdown"/></page><page><extension url="http://hl7.org/fhir/tools/StructureDefinition/ig-page-name"><valueUrl value="business-processes.html"/></extension><nameUrl value="business-processes.html"/><title value="Business Processes"/><generation value="markdown"/></page><page><extension url="http://hl7.org/fhir/tools/StructureDefinition/ig-page-name"><valueUrl value="dictionary.html"/></extension><nameUrl value="dictionary.html"/><title value="Data Dictionary"/><generation value="markdown"/></page><page><extension url="http://hl7.org/fhir/tools/StructureDefinition/ig-page-name"><valueUrl value="decision-logic.html"/></extension><nameUrl value="decision-logic.html"/><title value="Decision-support logic"/><generation value="markdown"/></page><page><extension url="http://hl7.org/fhir/tools/StructureDefinition/ig-page-name"><valueUrl value="indicators.html"/></extension><nameUrl value="indicators.html"/><title value="Indicator and Performance Metrics"/><generation value="markdown"/></page><page><extension url="http://hl7.org/fhir/tools/StructureDefinition/ig-page-name"><valueUrl value="functional-requirements.html"/></extension><nameUrl value="functional-requirements.html"/><title value="Functional Requirements"/><generation value="markdown"/></page><page><extension url="http://hl7.org/fhir/tools/StructureDefinition/ig-page-name"><valueUrl value="non-functional-requirements.html"/></extension><nameUrl value="non-functional-requirements.html"/><title value="Non-functional Requirements"/><generation value="markdown"/></page></page><page><extension url="http://hl7.org/fhir/tools/StructureDefinition/ig-page-name"><valueUrl value="data-models-and-exchange.html"/></extension><nameUrl value="data-models-and-exchange.html"/><title value="Data Models and Exchange"/><generation value="markdown"/><page><extension url="http://hl7.org/fhir/tools/StructureDefinition/ig-page-name"><valueUrl value="system-actors.html"/></extension><nameUrl value="system-actors.html"/><title value="System Actors"/><generation value="markdown"/></page><page><extension url="http://hl7.org/fhir/tools/StructureDefinition/ig-page-name"><valueUrl value="sequence-diagrams.html"/></extension><nameUrl value="sequence-diagrams.html"/><title value="Sequence Diagrams"/><generation value="markdown"/></page><page><extension url="http://hl7.org/fhir/tools/StructureDefinition/ig-page-name"><valueUrl value="transactions.html"/></extension><nameUrl value="transactions.html"/><title value="Transactions"/><generation value="markdown"/></page><page><extension url="http://hl7.org/fhir/tools/StructureDefinition/ig-page-name"><valueUrl value="indicators-measures.html"/></extension><nameUrl value="indicators-measures.html"/><title value="Indicators and Measures"/><generation value="markdown"/></page><page><extension url="http://hl7.org/fhir/tools/StructureDefinition/ig-page-name"><valueUrl value="codings.html"/></extension><nameUrl value="codings.html"/><title value="Codings"/><generation value="markdown"/></page></page><page><extension url="http://hl7.org/fhir/tools/StructureDefinition/ig-page-name"><valueUrl value="deployment.html"/></extension><nameUrl value="deployment.html"/><title value="Deployment"/><generation value="markdown"/><page><extension url="http://hl7.org/fhir/tools/StructureDefinition/ig-page-name"><valueUrl value="security-privacy.html"/></extension><nameUrl value="security-privacy.html"/><title value="Security and Privacy Considerations"/><generation value="markdown"/></page><page><extension url="http://hl7.org/fhir/tools/StructureDefinition/ig-page-name"><valueUrl value="testing.html"/></extension><nameUrl value="testing.html"/><title value="Testing"/><generation value="markdown"/></page><page><extension url="http://hl7.org/fhir/tools/StructureDefinition/ig-page-name"><valueUrl value="test-data.html"/></extension><nameUrl value="test-data.html"/><title value="Test Data"/><generation value="markdown"/></page><page><extension url="http://hl7.org/fhir/tools/StructureDefinition/ig-page-name"><valueUrl value="reference-implementations.html"/></extension><nameUrl value="reference-implementations.html"/><title value="Reference Implementations"/><generation value="markdown"/></page><page><extension url="http://hl7.org/fhir/tools/StructureDefinition/ig-page-name"><valueUrl value="downloads.html"/></extension><nameUrl value="downloads.html"/><title value="Downloads"/><generation value="markdown"/></page></page><page><extension url="http://hl7.org/fhir/tools/StructureDefinition/ig-page-name"><valueUrl value="indices.html"/></extension><nameUrl value="indices.html"/><title value="Indices"/><generation value="markdown"/><page><extension url="http://hl7.org/fhir/tools/StructureDefinition/ig-page-name"><valueUrl value="artifacts.html"/></extension><nameUrl value="artifacts.html"/><title value="Artifact Index"/><generation value="html"/><page><extension url="http://hl7.org/fhir/tools/StructureDefinition/ig-page-name"><valueUrl value="ActivityDefinition-IMMZD2DTMeaslesCIMR.html"/></extension><nameUrl value="ActivityDefinition-IMMZD2DTMeaslesCIMR.html"/><title value="IMMZ.D2.DT.Measles.Contraindication"/><generation value="generated"/></page><page><extension url="http://hl7.org/fhir/tools/StructureDefinition/ig-page-name"><valueUrl value="ActivityDefinition-IMMZD2DTMeaslesEval.html"/></extension><nameUrl value="ActivityDefinition-IMMZD2DTMeaslesEval.html"/><title value="IMMZ.D2.DT.Measles.Eval"/><generation value="generated"/></page><page><extension url="http://hl7.org/fhir/tools/StructureDefinition/ig-page-name"><valueUrl value="ActivityDefinition-IMMZD2DTMeaslesMR.html"/></extension><nameUrl value="ActivityDefinition-IMMZD2DTMeaslesMR.html"/><title value="IMMZ.D2.DT.Measles.MR"/><generation value="generated"/></page><page><extension url="http://hl7.org/fhir/tools/StructureDefinition/ig-page-name"><valueUrl value="PlanDefinition-IMMZD2DTMeaslesLT.html"/></extension><nameUrl value="PlanDefinition-IMMZD2DTMeaslesLT.html"/><title value="IMMZ.D2.DT.Measles Low Transmission"/><generation value="generated"/></page><page><extension url="http://hl7.org/fhir/tools/StructureDefinition/ig-page-name"><valueUrl value="PlanDefinition-IMMZD2DTMeaslesDose0.html"/></extension><nameUrl value="PlanDefinition-IMMZD2DTMeaslesDose0.html"/><title value="IMMZ.D2.DT.Measles MCV Dose 0"/><generation value="generated"/></page><page><extension url="http://hl7.org/fhir/tools/StructureDefinition/ig-page-name"><valueUrl value="PlanDefinition-IMMZD2DTMeaslesSupplementary.html"/></extension><nameUrl value="PlanDefinition-IMMZD2DTMeaslesSupplementary.html"/><title value="IMMZ.D2.DT.Measles MCV Dose 0"/><generation value="generated"/></page><page><extension url="http://hl7.org/fhir/tools/StructureDefinition/ig-page-name"><valueUrl value="PlanDefinition-IMMZD2DTMeaslesOT.html"/></extension><nameUrl value="PlanDefinition-IMMZD2DTMeaslesOT.html"/><title value="IMMZ.D2.DT.Measles Ongoing Transmission"/><generation value="generated"/></page><page><extension url="http://hl7.org/fhir/tools/StructureDefinition/ig-page-name"><valueUrl value="PlanDefinition-IMMZD5DTMeaslesCI.html"/></extension><nameUrl value="PlanDefinition-IMMZD5DTMeaslesCI.html"/><title value="IMMZ.D5.DT.Measles.Contraindication"/><generation value="generated"/></page><page><extension url="http://hl7.org/fhir/tools/StructureDefinition/ig-page-name"><valueUrl value="PlanDefinition-IMMZDTImmunizationStrategy.html"/></extension><nameUrl value="PlanDefinition-IMMZDTImmunizationStrategy.html"/><title value="IMMZ.DT.Immunization Strategy"/><generation value="generated"/></page><page><extension url="http://hl7.org/fhir/tools/StructureDefinition/ig-page-name"><valueUrl value="Library-IMMZIND08Logic.html"/></extension><nameUrl value="Library-IMMZIND08Logic.html"/><title value="IMMZ.IND.08 Logic"/><generation value="generated"/></page><page><extension url="http://hl7.org/fhir/tools/StructureDefinition/ig-page-name"><valueUrl value="Library-IMMZIND12Logic.html"/></extension><nameUrl value="Library-IMMZIND12Logic.html"/><title value="IMMZ.IND.12 Logic"/><generation value="generated"/></page><page><extension url="http://hl7.org/fhir/tools/StructureDefinition/ig-page-name"><valueUrl value="Library-IMMZIND13Logic.html"/></extension><nameUrl value="Library-IMMZIND13Logic.html"/><title value="IMMZ.IND.13 Logic"/><generation value="generated"/></page><page><extension url="http://hl7.org/fhir/tools/StructureDefinition/ig-page-name"><valueUrl value="Library-IMMZCommon.html"/></extension><nameUrl value="Library-IMMZCommon.html"/><title value="IMMZCommon"/><generation value="generated"/></page><page><extension url="http://hl7.org/fhir/tools/StructureDefinition/ig-page-name"><valueUrl value="Library-IMMZConcepts.html"/></extension><nameUrl value="Library-IMMZConcepts.html"/><title value="IMMZConcepts"/><generation value="generated"/></page><page><extension url="http://hl7.org/fhir/tools/StructureDefinition/ig-page-name"><valueUrl value="Library-IMMZConfig.html"/></extension><nameUrl value="Library-IMMZConfig.html"/><title value="IMMZConfig"/><generation value="generated"/></page><page><extension url="http://hl7.org/fhir/tools/StructureDefinition/ig-page-name"><valueUrl value="Library-IMMZD2DTMeaslesDose0Logic.html"/></extension><nameUrl value="Library-IMMZD2DTMeaslesDose0Logic.html"/><title value="IMMZD2DTMeaslesDose0Logic"/><generation value="generated"/></page><page><extension url="http://hl7.org/fhir/tools/StructureDefinition/ig-page-name"><valueUrl value="Library-IMMZD2DTMeaslesLogic.html"/></extension><nameUrl value="Library-IMMZD2DTMeaslesLogic.html"/><title value="IMMZD2DTMeaslesLogic"/><generation value="generated"/></page><page><extension url="http://hl7.org/fhir/tools/StructureDefinition/ig-page-name"><valueUrl value="Library-IMMZD2DTMeaslesLTLogic.html"/></extension><nameUrl value="Library-IMMZD2DTMeaslesLTLogic.html"/><title value="IMMZD2DTMeaslesLTLogic"/><generation value="generated"/></page><page><extension url="http://hl7.org/fhir/tools/StructureDefinition/ig-page-name"><valueUrl value="Library-IMMZD2DTMeaslesOTLogic.html"/></extension><nameUrl value="Library-IMMZD2DTMeaslesOTLogic.html"/><title value="IMMZD2DTMeaslesOTLogic"/><generation value="generated"/></page><page><extension url="http://hl7.org/fhir/tools/StructureDefinition/ig-page-name"><valueUrl value="Library-IMMZD2DTMeaslesSupplementaryLogic.html"/></extension><nameUrl value="Library-IMMZD2DTMeaslesSupplementaryLogic.html"/><title value="IMMZD2DTMeaslesSupplementaryLogic"/><generation value="generated"/></page><page><extension url="http://hl7.org/fhir/tools/StructureDefinition/ig-page-name"><valueUrl value="Library-IMMZD5DTMeaslesCILogic.html"/></extension><nameUrl value="Library-IMMZD5DTMeaslesCILogic.html"/><title value="IMMZD5DTMeaslesCILogic"/><generation value="generated"/></page><page><extension url="http://hl7.org/fhir/tools/StructureDefinition/ig-page-name"><valueUrl value="Library-IMMZElements.html"/></extension><nameUrl value="Library-IMMZElements.html"/><title value="IMMZElements"/><generation value="generated"/></page><page><extension url="http://hl7.org/fhir/tools/StructureDefinition/ig-page-name"><valueUrl value="Library-IMMZEncounterElements.html"/></extension><nameUrl value="Library-IMMZEncounterElements.html"/><title value="IMMZEncounterElements"/><generation value="generated"/></page><page><extension url="http://hl7.org/fhir/tools/StructureDefinition/ig-page-name"><valueUrl value="Library-IMMZIndicatorElements.html"/></extension><nameUrl value="Library-IMMZIndicatorElements.html"/><title value="IMMZIndicatorElements"/><generation value="generated"/></page><page><extension url="http://hl7.org/fhir/tools/StructureDefinition/ig-page-name"><valueUrl value="Library-IMMZVaccineLibrary.html"/></extension><nameUrl value="Library-IMMZVaccineLibrary.html"/><title value="IMMZVaccineLibrary"/><generation value="generated"/></page><page><extension url="http://hl7.org/fhir/tools/StructureDefinition/ig-page-name"><valueUrl value="Library-WHOCommon.html"/></extension><nameUrl value="Library-WHOCommon.html"/><title value="WHOCommon"/><generation value="generated"/></page><page><extension url="http://hl7.org/fhir/tools/StructureDefinition/ig-page-name"><valueUrl value="Library-WHOConcepts.html"/></extension><nameUrl value="Library-WHOConcepts.html"/><title value="WHOConcepts"/><generation value="generated"/></page><page><extension url="http://hl7.org/fhir/tools/StructureDefinition/ig-page-name"><valueUrl value="Library-WHOElements.html"/></extension><nameUrl value="Library-WHOElements.html"/><title value="WHOElements"/><generation value="generated"/></page><page><extension url="http://hl7.org/fhir/tools/StructureDefinition/ig-page-name"><valueUrl value="Library-WHOEncounterElements.html"/></extension><nameUrl value="Library-WHOEncounterElements.html"/><title value="WHOEncounterElements"/><generation value="generated"/></page><page><extension url="http://hl7.org/fhir/tools/StructureDefinition/ig-page-name"><valueUrl value="StructureDefinition-SGImmunization.html"/></extension><nameUrl value="StructureDefinition-SGImmunization.html"/><title value="A record of an immunization, with a given product"/><generation value="generated"/></page><page><extension url="http://hl7.org/fhir/tools/StructureDefinition/ig-page-name"><valueUrl value="StructureDefinition-SGVaccineProduct.html"/></extension><nameUrl value="StructureDefinition-SGVaccineProduct.html"/><title value="A Vaccine product"/><generation value="generated"/></page><page><extension url="http://hl7.org/fhir/tools/StructureDefinition/ig-page-name"><valueUrl value="StructureDefinition-SGVaccineRequest.html"/></extension><nameUrl value="StructureDefinition-SGVaccineRequest.html"/><title value="An order for an actual product"/><generation value="generated"/></page><page><extension url="http://hl7.org/fhir/tools/StructureDefinition/ig-page-name"><valueUrl value="StructureDefinition-SGVaccineProposal.html"/></extension><nameUrl value="StructureDefinition-SGVaccineProposal.html"/><title value="An order for immunization (for a disease, not a specific product)"/><generation value="generated"/></page><page><extension url="http://hl7.org/fhir/tools/StructureDefinition/ig-page-name"><valueUrl value="StructureDefinition-sg-ext-administeredProduct.html"/></extension><nameUrl value="StructureDefinition-sg-ext-administeredProduct.html"/><title value="SGAdministeredProduct"/><generation value="generated"/></page><page><extension url="http://hl7.org/fhir/tools/StructureDefinition/ig-page-name"><valueUrl value="StructureDefinition-SGMedicationClassification.html"/></extension><nameUrl value="StructureDefinition-SGMedicationClassification.html"/><title value="SGMedicationClassification"/><generation value="generated"/></page><page><extension url="http://hl7.org/fhir/tools/StructureDefinition/ig-page-name"><valueUrl value="ValueSet-ARVDrugs-values.html"/></extension><nameUrl value="ValueSet-ARVDrugs-values.html"/><title value="ARV Drugs values"/><generation value="generated"/></page><page><extension url="http://hl7.org/fhir/tools/StructureDefinition/ig-page-name"><valueUrl value="ValueSet-Birthweight-values.html"/></extension><nameUrl value="ValueSet-Birthweight-values.html"/><title value="Birthweight valueset"/><generation value="generated"/></page><page><extension url="http://hl7.org/fhir/tools/StructureDefinition/ig-page-name"><valueUrl value="ValueSet-sgcountry.html"/></extension><nameUrl value="ValueSet-sgcountry.html"/><title value="Country ValueSet"/><generation value="generated"/></page><page><extension url="http://hl7.org/fhir/tools/StructureDefinition/ig-page-name"><valueUrl value="ValueSet-HIVstatus-values.html"/></extension><nameUrl value="ValueSet-HIVstatus-values.html"/><title value="HIV status values"/><generation value="generated"/></page><page><extension url="http://hl7.org/fhir/tools/StructureDefinition/ig-page-name"><valueUrl value="ValueSet-SGImmunizationStatusCodes.html"/></extension><nameUrl value="ValueSet-SGImmunizationStatusCodes.html"/><title value="Immunization Status Codes"/><generation value="generated"/></page><page><extension url="http://hl7.org/fhir/tools/StructureDefinition/ig-page-name"><valueUrl value="ValueSet-Immunocompromised-values.html"/></extension><nameUrl value="ValueSet-Immunocompromised-values.html"/><title value="Immunocompromised valueset"/><generation value="generated"/></page><page><extension url="http://hl7.org/fhir/tools/StructureDefinition/ig-page-name"><valueUrl value="ValueSet-IMMZ.C.DE5.html"/></extension><nameUrl value="ValueSet-IMMZ.C.DE5.html"/><title value="IMMZ.C.DE5 ValueSet for Sex"/><generation value="generated"/></page><page><extension url="http://hl7.org/fhir/tools/StructureDefinition/ig-page-name"><valueUrl value="ValueSet-IMMZ.D1.DE1VS.html"/></extension><nameUrl value="ValueSet-IMMZ.D1.DE1VS.html"/><title value="IMMZ.D1.DE1 CodeSystem for Immunization status"/><generation value="generated"/></page><page><extension url="http://hl7.org/fhir/tools/StructureDefinition/ig-page-name"><valueUrl value="ValueSet-IMMZ.D1.DE10.html"/></extension><nameUrl value="ValueSet-IMMZ.D1.DE10.html"/><title value="IMMZ.D1.DE10 ValueSet for HIV Status"/><generation value="generated"/></page><page><extension url="http://hl7.org/fhir/tools/StructureDefinition/ig-page-name"><valueUrl value="ValueSet-IMMZ.D1.DE5VS.html"/></extension><nameUrl value="ValueSet-IMMZ.D1.DE5VS.html"/><title value="IMMZ.D1.DE5 values for Reason Not Done"/><generation value="generated"/></page><page><extension url="http://hl7.org/fhir/tools/StructureDefinition/ig-page-name"><valueUrl value="ValueSet-IMMZ.D4.DE161.html"/></extension><nameUrl value="ValueSet-IMMZ.D4.DE161.html"/><title value="IMMZ.D4.DE161 ValueSet for Potential Contraindications"/><generation value="generated"/></page><page><extension url="http://hl7.org/fhir/tools/StructureDefinition/ig-page-name"><valueUrl value="ValueSet-IMMZ.Z.DE9.html"/></extension><nameUrl value="ValueSet-IMMZ.Z.DE9.html"/><title value="IMMZ.Z.DE9 ValueSet for Measles Vaccines"/><generation value="generated"/></page><page><extension url="http://hl7.org/fhir/tools/StructureDefinition/ig-page-name"><valueUrl value="ValueSet-VaccineTypes.html"/></extension><nameUrl value="ValueSet-VaccineTypes.html"/><title value="Measles Vaccine Type ValueSet"/><generation value="generated"/></page><page><extension url="http://hl7.org/fhir/tools/StructureDefinition/ig-page-name"><valueUrl value="ValueSet-VSMeaslesVaccineProducts.html"/></extension><nameUrl value="ValueSet-VSMeaslesVaccineProducts.html"/><title value="MeaslesVaccine Products ValueSet"/><generation value="generated"/></page><page><extension url="http://hl7.org/fhir/tools/StructureDefinition/ig-page-name"><valueUrl value="ValueSet-Negativetestresult-values.html"/></extension><nameUrl value="ValueSet-Negativetestresult-values.html"/><title value="Negative Test Results"/><generation value="generated"/></page><page><extension url="http://hl7.org/fhir/tools/StructureDefinition/ig-page-name"><valueUrl value="ValueSet-PositiveTestResult-values.html"/></extension><nameUrl value="ValueSet-PositiveTestResult-values.html"/><title value="Positive Test Result valuest"/><generation value="generated"/></page><page><extension url="http://hl7.org/fhir/tools/StructureDefinition/ig-page-name"><valueUrl value="ValueSet-pregnancystatus-values.html"/></extension><nameUrl value="ValueSet-pregnancystatus-values.html"/><title value="Pregnancy status values"/><generation value="generated"/></page><page><extension url="http://hl7.org/fhir/tools/StructureDefinition/ig-page-name"><valueUrl value="ValueSet-LiveAttenuatedVaccines.html"/></extension><nameUrl value="ValueSet-LiveAttenuatedVaccines.html"/><title value="Set of live attenuated vaccines"/><generation value="generated"/></page><page><extension url="http://hl7.org/fhir/tools/StructureDefinition/ig-page-name"><valueUrl value="ValueSet-AllVaccineTypes.html"/></extension><nameUrl value="ValueSet-AllVaccineTypes.html"/><title value="Vaccine Type ValueSet"/><generation value="generated"/></page><page><extension url="http://hl7.org/fhir/tools/StructureDefinition/ig-page-name"><valueUrl value="CodeSystem-ICD11.html"/></extension><nameUrl value="CodeSystem-ICD11.html"/><title value="ICD-11"/><generation value="generated"/></page><page><extension url="http://hl7.org/fhir/tools/StructureDefinition/ig-page-name"><valueUrl value="CodeSystem-IMMZConcepts.html"/></extension><nameUrl value="CodeSystem-IMMZConcepts.html"/><title value="Immunizations Concepts CodeSystem"/><generation value="generated"/></page><page><extension url="http://hl7.org/fhir/tools/StructureDefinition/ig-page-name"><valueUrl value="CodeSystem-VaccineProducts.html"/></extension><nameUrl value="CodeSystem-VaccineProducts.html"/><title value="Vaccine Product codes CodeSet"/><generation value="generated"/></page><page><extension url="http://hl7.org/fhir/tools/StructureDefinition/ig-page-name"><valueUrl value="ConceptMap-IMMZConceptsToICD11.html"/></extension><nameUrl value="ConceptMap-IMMZConceptsToICD11.html"/><title value="ConceptMap to and from ICD-11"/><generation value="generated"/></page><page><extension url="http://hl7.org/fhir/tools/StructureDefinition/ig-page-name"><valueUrl value="ConceptMap-IMMZConceptsToAdministrativeGender.html"/></extension><nameUrl value="ConceptMap-IMMZConceptsToAdministrativeGender.html"/><title value="ConceptMap to and from Immunization Concepts to administrative gender"/><generation value="generated"/></page><page><extension url="http://hl7.org/fhir/tools/StructureDefinition/ig-page-name"><valueUrl value="ConceptMap-IMMZConceptsToLOINC.html"/></extension><nameUrl value="ConceptMap-IMMZConceptsToLOINC.html"/><title value="ConceptMap to and from LOINC"/><generation value="generated"/></page><page><extension url="http://hl7.org/fhir/tools/StructureDefinition/ig-page-name"><valueUrl value="ConceptMap-IMMZConceptsToSNOMED.html"/></extension><nameUrl value="ConceptMap-IMMZConceptsToSNOMED.html"/><title value="ConceptMap to and from SNOMED"/><generation value="generated"/></page><page><extension url="http://hl7.org/fhir/tools/StructureDefinition/ig-page-name"><valueUrl value="Measure-IMMZIND08.html"/></extension><nameUrl value="Measure-IMMZIND08.html"/><title value="IMMZ.IND.08 Immunization coverage for Measles containing vaccine (Estimated Denominator)"/><generation value="generated"/></page><page><extension url="http://hl7.org/fhir/tools/StructureDefinition/ig-page-name"><valueUrl value="Measure-IMMZIND12.html"/></extension><nameUrl value="Measure-IMMZIND12.html"/><title value="IMMZ.IND.12 Measles indicator for first dose"/><generation value="generated"/></page><page><extension url="http://hl7.org/fhir/tools/StructureDefinition/ig-page-name"><valueUrl value="Measure-IMMZIND13.html"/></extension><nameUrl value="Measure-IMMZIND13.html"/><title value="IMMZ.IND.13 Measles indicator for second dose"/><generation value="generated"/></page></page><page><extension url="http://hl7.org/fhir/tools/StructureDefinition/ig-page-name"><valueUrl value="maps.html"/></extension><nameUrl value="maps.html"/><title value="Mappings"/><generation value="markdown"/></page></page></page><parameter><code value="path-resource"/><value value="input/actors"/></parameter><parameter><code value="path-resource"/><value value="input/maps"/></parameter><parameter><code value="path-resource"/><value value="input/capabilities"/></parameter><parameter><code value="path-resource"/><value value="input/examples"/></parameter><parameter><code value="path-resource"/><value value="input/extensions"/></parameter><parameter><code value="path-resource"/><value value="input/models"/></parameter><parameter><code value="path-resource"/><value value="input/operations"/></parameter><parameter><code value="path-resource"/><value value="input/profiles"/></parameter><parameter><code value="path-resource"/><value value="input/resources"/></parameter><parameter><code value="path-resource"/><value value="input/vocabulary"/></parameter><parameter><code value="path-resource"/><value value="input/testing"/></parameter><parameter><code value="path-resource"/><value value="input/history"/></parameter><parameter><code value="path-resource"/><value value="fsh-generated/resources"/></parameter><parameter><code value="path-pages"/><value value="template/config"/></parameter><parameter><code value="path-pages"/><value value="input/images"/></parameter><parameter><code value="path-tx-cache"/><value value="input-cache/txcache"/></parameter></definition></ImplementationGuide>