<?xml version="1.0" encoding="UTF-8"?><Measure xmlns="http://hl7.org/fhir"><id value="IMMZIND12"/><meta><profile value="http://hl7.org/fhir/us/cqfmeasures/StructureDefinition/proportion-measure-cqfm"/><profile value="http://hl7.org/fhir/uv/crmi/StructureDefinition/crmi-shareablemeasure"/><profile value="http://hl7.org/fhir/uv/crmi/StructureDefinition/crmi-publishablemeasure"/></meta><extension url="http://hl7.org/fhir/us/cqfmeasures/StructureDefinition/cqfm-populationBasis"><valueCode value="boolean"/></extension><url value="http://smart.who.int/example-workshop/Measure/IMMZIND12"/><version value="0.1.0"/><name value="IMMZIND12"/><title value="IMMZ.IND.12 Measles indicator for first dose"/><status value="draft"/><experimental value="true"/><date value="2023-10-12"/><publisher value="WHO"/><contact><name value="WHO"/><telecom><system value="url"/><value value="http://who.int"/></telecom></contact><description value="The percentage in the target population who have received one dose of measles and rubella vaccine during reporting period"/><relatedArtifact><type value="citation"/><citation value="WHO Immunization facility analysis guide"/></relatedArtifact><relatedArtifact><type value="citation"/><citation value="WHO Handbook on immunization data"/></relatedArtifact><library value="http://smart.who.int/example-workshop/Library/IMMZIND12Logic"/><scoring><coding><system value="http://terminology.hl7.org/CodeSystem/measure-scoring"/><code value="proportion"/><display value="Proportion"/></coding></scoring><group><population id="IMMZ.IND.12.IP"><code><coding><system value="http://terminology.hl7.org/CodeSystem/measure-population"/><code value="initial-population"/><display value="Initial Population"/></coding></code><description value="Number in target group"/><criteria><language value="text/cql-identifier"/><expression value="Initial Population"/></criteria></population><population id="IMMZ.IND.12.DEN"><code><coding><system value="http://terminology.hl7.org/CodeSystem/measure-population"/><code value="denominator"/><display value="Denominator"/></coding></code><description value="Number in target group"/><criteria><language value="text/cql-identifier"/><expression value="Denominator"/></criteria></population><population id="IMMZ.IND.12.NUM"><code><coding><system value="http://terminology.hl7.org/CodeSystem/measure-population"/><code value="numerator"/><display value="Numerator"/></coding></code><description value="Number of measles and rubella doses (1st dose) administered through routine services during reporting period"/><criteria><language value="text/cql-identifier"/><expression value="Numerator"/></criteria></population><stratifier id="IMMZ.IND.12.S"><criteria><language value="text/cql-identifier"/><expression value="Stratification"/></criteria></stratifier></group></Measure>