<?xml version="1.0" encoding="UTF-8"?><Measure xmlns="http://hl7.org/fhir"><id value="IMMZIND08"/><meta><profile value="http://hl7.org/fhir/us/cqfmeasures/StructureDefinition/cv-measure-cqfm"/><profile value="http://hl7.org/fhir/uv/crmi/StructureDefinition/crmi-shareablemeasure"/><profile value="http://hl7.org/fhir/uv/crmi/StructureDefinition/crmi-publishablemeasure"/></meta><extension url="http://hl7.org/fhir/us/cqfmeasures/StructureDefinition/cqfm-populationBasis"><valueCode value="boolean"/></extension><url value="http://smart.who.int/example-workshop/Measure/IMMZIND08"/><version value="0.1.0"/><name value="IMMZIND08"/><title value="IMMZ.IND.08 Immunization coverage for Measles containing vaccine (Estimated Denominator)"/><status value="draft"/><experimental value="true"/><date value="2023-10-05"/><publisher value="WHO"/><contact><name value="WHO"/><telecom><system value="url"/><value value="http://who.int"/></telecom></contact><description value="IMMZ.IND.08 Immunization coverage for Measles containing vaccine (Estimated Denominator)"/><library value="http://smart.who.int/example-workshop/Library/IMMZIND08Logic"/><scoring><coding><system value="http://terminology.hl7.org/CodeSystem/measure-scoring"/><code value="continuous-variable"/><display value="Continuous Variable"/></coding></scoring><group><population id="IMMZ.IND.08.IP"><code><coding><system value="http://terminology.hl7.org/CodeSystem/measure-population"/><code value="initial-population"/><display value="Initial Population"/></coding></code><description value="Initial Population"/><criteria><language value="text/cql-identifier"/><expression value="Initial Population"/></criteria></population><population id="IMMZ.IND.08.MP"><extension url="http://hl7.org/fhir/us/cqfmeasures/StructureDefinition/cqfm-populationBasis"><valueCode value="boolean"/></extension><code><coding><system value="http://terminology.hl7.org/CodeSystem/measure-population"/><code value="measure-population"/><display value="Measure Population"/></coding></code><description value="Measure Population"/><criteria><language value="text/cql-identifier"/><expression value="Measure Population"/></criteria></population><population id="IMMZ.IND.08.MO"><extension url="http://hl7.org/fhir/us/cqfmeasures/StructureDefinition/cqfm-criteriaReference"><valueString value="measure-population"/></extension><extension url="http://hl7.org/fhir/us/cqfmeasures/StructureDefinition/cqfm-aggregateMethod"><valueCode value="count"/></extension><code><coding><system value="http://terminology.hl7.org/CodeSystem/measure-population"/><code value="measure-observation"/></coding></code><description value="Measure Observation"/><criteria><language value="text/cql-identifier"/><expression value="Measure Observation"/></criteria></population><stratifier id="IMMZ.IND.08.S"><criteria><language value="text/cql-identifier"/><expression value="Stratification"/></criteria></stratifier></group></Measure>