<?xml version="1.0" encoding="UTF-8"?><PlanDefinition xmlns="http://hl7.org/fhir"><id value="IMMZDTImmunizationStrategy"/><meta><profile value="http://hl7.org/fhir/uv/cpg/StructureDefinition/cpg-strategydefinition"/><profile value="http://hl7.org/fhir/uv/crmi/StructureDefinition/crmi-shareableplandefinition"/><profile value="http://hl7.org/fhir/uv/crmi/StructureDefinition/crmi-publishableplandefinition"/></meta><extension url="http://hl7.org/fhir/StructureDefinition/cqf-knowledgeCapability"><valueCode value="computable"/></extension><url value="http://smart.who.int/example-workshop/PlanDefinition/IMMZDTImmunizationStrategy"/><version value="0.1.0"/><name value="IMMZDTImmunizationStrategy"/><title value="IMMZ.DT.Immunization Strategy"/><type><coding><system value="http://terminology.hl7.org/CodeSystem/plan-definition-type"/><code value="workflow-definition"/></coding></type><status value="draft"/><experimental value="true"/><date value="2024-12-02T20:40:29+00:00"/><publisher value="WHO"/><contact><name value="WHO"/><telecom><system value="url"/><value value="http://who.int"/></telecom></contact><description value="Provide vaccinations according to the recommended schedule"/><relatedArtifact><type value="citation"/><citation value="WHO recommendations for routine immunization - summary tables (March 2023)"/></relatedArtifact><action><title value="Check Immunizations"/><description value="Check immunization plan definitions to see what is required."/><code><coding><system value="http://hl7.org/fhir/uv/cpg/CodeSystem/cpg-common-process-cs"/><code value="dispense-medications"/></coding></code><selectionBehavior value="all"/><action><title value="Measles Dose 0"/><description value="Consider measles dose 0 immunization"/><code><coding><system value="http://hl7.org/fhir/uv/cpg/CodeSystem/cpg-common-process-cs"/><code value="dispense-medications"/></coding></code><selectionBehavior value="all"/><definitionCanonical value="http://smart.who.int/example-workshop/PlanDefinition/IMMZD2DTMeaslesDose0"/></action><action><title value="Measles Routine Immunization"/><description value="Provide measles routine immunization"/><code><coding><system value="http://hl7.org/fhir/uv/cpg/CodeSystem/cpg-common-process-cs"/><code value="dispense-medications"/></coding></code><selectionBehavior value="all"/><definitionCanonical value="http://smart.who.int/example-workshop/PlanDefinition/IMMZD2DTMeaslesOT"/></action><action><title value="Measles Supplementary Dose"/><description value="Consider measles supplementary dose"/><code><coding><system value="http://hl7.org/fhir/uv/cpg/CodeSystem/cpg-common-process-cs"/><code value="dispense-medications"/></coding></code><selectionBehavior value="all"/><definitionCanonical value="http://smart.who.int/example-workshop/PlanDefinition/IMMZD2DTMeaslesSupplementary"/></action><action><title value="Measles Contraindications"/><description value="Check measles contraindications"/><code><coding><system value="http://hl7.org/fhir/uv/cpg/CodeSystem/cpg-common-process-cs"/><code value="dispense-medications"/></coding></code><selectionBehavior value="all"/><definitionCanonical value="http://smart.who.int/example-workshop/PlanDefinition/IMMZD5DTMeaslesCI"/></action></action></PlanDefinition>