{
  "package": "smart.who.int.example-workshop",
  "version": "0.1.0",
  "fhirVersion": "4.0.1",
  "extensions": [
    {
      "url": "http://smart.who.int/example-workshop/StructureDefinition/SGMedicationClassification",
      "title": "SGMedicationClassification",
      "types": [
        "CodeableConcept"
      ]
    },
    {
      "url": "http://smart.who.int/example-workshop/StructureDefinition/sg-ext-administeredProduct",
      "title": "SGAdministeredProduct",
      "types": [
        "CodeableConcept",
        "Reference"
      ]
    }
  ],
  "profiles": {
    "Immunization": [
      {
        "url": "http://smart.who.int/example-workshop/StructureDefinition/SGImmunization",
        "title": "A record of an immunization, with a given product"
      }
    ],
    "Medication": [
      {
        "url": "http://smart.who.int/example-workshop/StructureDefinition/SGVaccineProduct",
        "title": "A Vaccine product"
      }
    ],
    "MedicationRequest": [
      {
        "url": "http://smart.who.int/example-workshop/StructureDefinition/SGVaccineProposal",
        "title": "An order for immunization (for a disease, not a specific product)"
      },
      {
        "url": "http://smart.who.int/example-workshop/StructureDefinition/SGVaccineRequest",
        "title": "An order for an actual product"
      }
    ]
  },
  "usage": {
    "http://hl7.org/fhir/StructureDefinition/elementdefinition-bestpractice": [
      "StructureDefinition.snapshot.element.constraint"
    ],
    "http://hl7.org/fhir/StructureDefinition/elementdefinition-bestpractice-explanation": [
      "StructureDefinition.snapshot.element.constraint"
    ],
    "http://hl7.org/fhir/StructureDefinition/elementdefinition-bindingName": [
      "StructureDefinition.snapshot.element.binding"
    ],
    "http://hl7.org/fhir/StructureDefinition/elementdefinition-maxValueSet": [
      "StructureDefinition.snapshot.element.binding"
    ],
    "http://hl7.org/fhir/StructureDefinition/structuredefinition-fhir-type": [
      "StructureDefinition.snapshot.element.type"
    ],
    "http://hl7.org/fhir/tools/StructureDefinition/ig-internal-dependency": [
      "ImplementationGuide.definition"
    ],
    "http://hl7.org/fhir/tools/StructureDefinition/ig-page-name": [
      "ImplementationGuide.definition.page",
      "ImplementationGuide.definition.page.page",
      "ImplementationGuide.definition.page.page.page"
    ],
    "http://hl7.org/fhir/tools/StructureDefinition/ig-parameter": [
      "ImplementationGuide.definition"
    ],
    "http://hl7.org/fhir/tools/StructureDefinition/resource-information": [
      "ImplementationGuide.definition.resource"
    ],
    "http://smart.who.int/example-workshop/StructureDefinition/SGMedicationClassification": [
      "Medication"
    ],
    "http://smart.who.int/example-workshop/StructureDefinition/sg-ext-administeredProduct": [
      "Immunization"
    ]
  }
}