<?xml version="1.0" encoding="UTF-8"?>

<ValueSet xmlns="http://hl7.org/fhir">
  <id value="VSMeaslesVaccineProducts"/>
  <meta>
    <profile value="http://hl7.org/fhir/uv/crmi/StructureDefinition/crmi-shareablevalueset"/>
    <profile value="http://hl7.org/fhir/uv/crmi/StructureDefinition/crmi-publishablevalueset"/>
    <profile value="http://hl7.org/fhir/uv/crmi/StructureDefinition/crmi-computablevalueset"/>
  </meta>
  <text>
    <status value="generated"/><div xmlns="http://www.w3.org/1999/xhtml"><p class="res-header-id"><b>Generated Narrative: ValueSet VSMeaslesVaccineProducts</b></p><a name="VSMeaslesVaccineProducts"> </a><a name="hcVSMeaslesVaccineProducts"> </a><a name="VSMeaslesVaccineProducts-en-US"> </a><ul><li>Include all codes defined in <a href="CodeSystem-VaccineProducts.html"><code>http://smart.who.int/example-workshop/CodeSystem/VaccineProducts</code></a></li></ul></div>
  </text>
  <url value="http://smart.who.int/example-workshop/ValueSet/VSMeaslesVaccineProducts"/>
  <version value="0.1.0"/>
  <name value="VSMeaslesVaccineProducts"/>
  <title value="MeaslesVaccine Products ValueSet"/>
  <status value="draft"/>
  <experimental value="true"/>
  <date value="2024-12-02T18:42:23+00:00"/>
  <publisher value="WHO"/>
  <contact>
    <name value="WHO"/>
    <telecom>
      <system value="url"/>
      <value value="http://who.int"/>
    </telecom>
  </contact>
  <description value="Vaccine Product Codes - representing the codes of the products currently available."/>
  <compose>
    <include>
      <system value="http://smart.who.int/example-workshop/CodeSystem/VaccineProducts"/>
    </include>
  </compose>
</ValueSet>