[
  {
    "id" : "ICD11",
    "type" : "CodeSystem",
    "url" : "http://id.who.int/icd/release/11/mms",
    "version" : "0.1.0",
    "name" : "ICD11"
  },
  {
    "id" : "WHOCommon",
    "type" : "Library",
    "url" : "http://smart.who.int/base-clinical/Library/WHOCommon",
    "version" : "0.1.0",
    "name" : "WHOCommon"
  },
  {
    "id" : "WHOConcepts",
    "type" : "Library",
    "url" : "http://smart.who.int/base-clinical/Library/WHOConcepts",
    "version" : "0.1.0",
    "name" : "WHOConcepts"
  },
  {
    "id" : "WHOElements",
    "type" : "Library",
    "url" : "http://smart.who.int/base-clinical/Library/WHOElements",
    "version" : "0.1.0",
    "name" : "WHOElements"
  },
  {
    "id" : "WHOEncounterElements",
    "type" : "Library",
    "url" : "http://smart.who.int/base-clinical/Library/WHOEncounterElements",
    "version" : "0.1.0",
    "name" : "WHOEncounterElements"
  },
  {
    "id" : "IMMZConcepts",
    "type" : "CodeSystem",
    "url" : "http://smart.who.int/example-workshop/CodeSystem/IMMZConcepts",
    "version" : "0.1.0",
    "name" : "IMMZConcepts"
  },
  {
    "id" : "VaccineProducts",
    "type" : "CodeSystem",
    "url" : "http://smart.who.int/example-workshop/CodeSystem/VaccineProducts",
    "version" : "0.1.0",
    "name" : "VaccineProducts"
  },
  {
    "id" : "IMMZConceptsToAdministrativeGender",
    "type" : "ConceptMap",
    "url" : "http://smart.who.int/example-workshop/ConceptMap/IMMZConceptsToAdministrativeGender",
    "version" : "0.1.0",
    "name" : "IMMZConceptsToAdministrativeGender"
  },
  {
    "id" : "IMMZConceptsToICD11",
    "type" : "ConceptMap",
    "url" : "http://smart.who.int/example-workshop/ConceptMap/IMMZConceptsToICD11",
    "version" : "0.1.0",
    "name" : "IMMZConceptsToICD11"
  },
  {
    "id" : "IMMZConceptsToLOINC",
    "type" : "ConceptMap",
    "url" : "http://smart.who.int/example-workshop/ConceptMap/IMMZConceptsToLOINC",
    "version" : "0.1.0",
    "name" : "IMMZConceptsToLOINC"
  },
  {
    "id" : "IMMZConceptsToSNOMED",
    "type" : "ConceptMap",
    "url" : "http://smart.who.int/example-workshop/ConceptMap/IMMZConceptsToSNOMED",
    "version" : "0.1.0",
    "name" : "IMMZConceptsToSNOMED"
  },
  {
    "id" : "smart.who.int.example-workshop",
    "type" : "ImplementationGuide",
    "url" : "http://smart.who.int/example-workshop/ImplementationGuide/smart.who.int.example-workshop",
    "version" : "0.1.0",
    "name" : "ExampleWorkshop"
  },
  {
    "id" : "IMMZCommon",
    "type" : "Library",
    "url" : "http://smart.who.int/example-workshop/Library/IMMZCommon",
    "version" : "0.1.0",
    "name" : "IMMZCommon"
  },
  {
    "id" : "IMMZConcepts",
    "type" : "Library",
    "url" : "http://smart.who.int/example-workshop/Library/IMMZConcepts",
    "version" : "0.1.0",
    "name" : "IMMZConcepts"
  },
  {
    "id" : "IMMZConfig",
    "type" : "Library",
    "url" : "http://smart.who.int/example-workshop/Library/IMMZConfig",
    "version" : "0.1.0",
    "name" : "IMMZConfig"
  },
  {
    "id" : "IMMZD2DTMeaslesDose0Logic",
    "type" : "Library",
    "url" : "http://smart.who.int/example-workshop/Library/IMMZD2DTMeaslesDose0Logic",
    "version" : "0.1.0",
    "name" : "IMMZD2DTMeaslesDose0Logic"
  },
  {
    "id" : "IMMZD2DTMeaslesLTLogic",
    "type" : "Library",
    "url" : "http://smart.who.int/example-workshop/Library/IMMZD2DTMeaslesLTLogic",
    "version" : "0.1.0",
    "name" : "IMMZD2DTMeaslesLTLogic"
  },
  {
    "id" : "IMMZD2DTMeaslesLogic",
    "type" : "Library",
    "url" : "http://smart.who.int/example-workshop/Library/IMMZD2DTMeaslesLogic",
    "version" : "0.1.0",
    "name" : "IMMZD2DTMeaslesLogic"
  },
  {
    "id" : "IMMZD2DTMeaslesOTLogic",
    "type" : "Library",
    "url" : "http://smart.who.int/example-workshop/Library/IMMZD2DTMeaslesOTLogic",
    "version" : "0.1.0",
    "name" : "IMMZD2DTMeaslesOTLogic"
  },
  {
    "id" : "IMMZD2DTMeaslesSupplementaryLogic",
    "type" : "Library",
    "url" : "http://smart.who.int/example-workshop/Library/IMMZD2DTMeaslesSupplementaryLogic",
    "version" : "0.1.0",
    "name" : "IMMZD2DTMeaslesSupplementaryLogic"
  },
  {
    "id" : "IMMZD5DTMeaslesCILogic",
    "type" : "Library",
    "url" : "http://smart.who.int/example-workshop/Library/IMMZD5DTMeaslesCILogic",
    "version" : "0.1.0",
    "name" : "IMMZD5DTMeaslesCILogic"
  },
  {
    "id" : "IMMZElements",
    "type" : "Library",
    "url" : "http://smart.who.int/example-workshop/Library/IMMZElements",
    "version" : "0.1.0",
    "name" : "IMMZElements"
  },
  {
    "id" : "IMMZEncounterElements",
    "type" : "Library",
    "url" : "http://smart.who.int/example-workshop/Library/IMMZEncounterElements",
    "version" : "0.1.0",
    "name" : "IMMZEncounterElements"
  },
  {
    "id" : "IMMZIND08Logic",
    "type" : "Library",
    "url" : "http://smart.who.int/example-workshop/Library/IMMZIND08Logic",
    "version" : "0.1.0",
    "name" : "IMMZIND08Logic"
  },
  {
    "id" : "IMMZIND12Logic",
    "type" : "Library",
    "url" : "http://smart.who.int/example-workshop/Library/IMMZIND12Logic",
    "version" : "0.1.0",
    "name" : "IMMZIND12Logic"
  },
  {
    "id" : "IMMZIND13Logic",
    "type" : "Library",
    "url" : "http://smart.who.int/example-workshop/Library/IMMZIND13Logic",
    "version" : "0.1.0",
    "name" : "IMMZIND13Logic"
  },
  {
    "id" : "IMMZIndicatorElements",
    "type" : "Library",
    "url" : "http://smart.who.int/example-workshop/Library/IMMZIndicatorElements",
    "version" : "0.1.0",
    "name" : "IMMZIndicatorElements"
  },
  {
    "id" : "IMMZVaccineLibrary",
    "type" : "Library",
    "url" : "http://smart.who.int/example-workshop/Library/IMMZVaccineLibrary",
    "version" : "0.1.0",
    "name" : "IMMZVaccineLibrary"
  },
  {
    "id" : "SGImmunization",
    "type" : "StructureDefinition",
    "url" : "http://smart.who.int/example-workshop/StructureDefinition/SGImmunization",
    "version" : "0.1.0",
    "name" : "SGImmunization"
  },
  {
    "id" : "SGMedicationClassification",
    "type" : "StructureDefinition",
    "url" : "http://smart.who.int/example-workshop/StructureDefinition/SGMedicationClassification",
    "version" : "0.1.0",
    "name" : "SGMedicationClassification"
  },
  {
    "id" : "SGVaccineProduct",
    "type" : "StructureDefinition",
    "url" : "http://smart.who.int/example-workshop/StructureDefinition/SGVaccineProduct",
    "version" : "0.1.0",
    "name" : "SGVaccineProduct"
  },
  {
    "id" : "SGVaccineProposal",
    "type" : "StructureDefinition",
    "url" : "http://smart.who.int/example-workshop/StructureDefinition/SGVaccineProposal",
    "version" : "0.1.0",
    "name" : "SGVaccineProposal"
  },
  {
    "id" : "SGVaccineRequest",
    "type" : "StructureDefinition",
    "url" : "http://smart.who.int/example-workshop/StructureDefinition/SGVaccineRequest",
    "version" : "0.1.0",
    "name" : "SGVaccineRequest"
  },
  {
    "id" : "sg-ext-administeredProduct",
    "type" : "StructureDefinition",
    "url" : "http://smart.who.int/example-workshop/StructureDefinition/sg-ext-administeredProduct",
    "version" : "0.1.0",
    "name" : "SGIMMAdministeredProduct"
  },
  {
    "id" : "ARVDrugs-values",
    "type" : "ValueSet",
    "url" : "http://smart.who.int/example-workshop/ValueSet/ARVDrugs-values",
    "version" : "0.1.0",
    "name" : "ARVDrugsvalues"
  },
  {
    "id" : "AllVaccineTypes",
    "type" : "ValueSet",
    "url" : "http://smart.who.int/example-workshop/ValueSet/AllVaccineTypes",
    "version" : "0.1.0",
    "name" : "AllVaccineTypes"
  },
  {
    "id" : "Birthweight-values",
    "type" : "ValueSet",
    "url" : "http://smart.who.int/example-workshop/ValueSet/Birthweight-values",
    "version" : "0.1.0",
    "name" : "Birthweightvalues"
  },
  {
    "id" : "HIVstatus-values",
    "type" : "ValueSet",
    "url" : "http://smart.who.int/example-workshop/ValueSet/HIVstatus-values",
    "version" : "0.1.0",
    "name" : "HIVstatusvalues"
  },
  {
    "id" : "IMMZ.C.DE5",
    "type" : "ValueSet",
    "url" : "http://smart.who.int/example-workshop/ValueSet/IMMZ.C.DE5",
    "version" : "0.1.0",
    "name" : "IMMZ_C_DE5"
  },
  {
    "id" : "IMMZ.D1.DE10",
    "type" : "ValueSet",
    "url" : "http://smart.who.int/example-workshop/ValueSet/IMMZ.D1.DE10",
    "version" : "0.1.0",
    "name" : "IMMZ_D1_DE10"
  },
  {
    "id" : "IMMZ.D1.DE1VS",
    "type" : "ValueSet",
    "url" : "http://smart.who.int/example-workshop/ValueSet/IMMZ.D1.DE1VS",
    "version" : "0.1.0",
    "name" : "IMMZD1DE1VS"
  },
  {
    "id" : "IMMZ.D1.DE5VS",
    "type" : "ValueSet",
    "url" : "http://smart.who.int/example-workshop/ValueSet/IMMZ.D1.DE5VS",
    "version" : "0.1.0",
    "name" : "IMMZD1DE5VS"
  },
  {
    "id" : "IMMZ.D4.DE161",
    "type" : "ValueSet",
    "url" : "http://smart.who.int/example-workshop/ValueSet/IMMZ.D4.DE161",
    "version" : "0.1.0",
    "name" : "IMMZ_D4_DE161"
  },
  {
    "id" : "IMMZ.Z.DE9",
    "type" : "ValueSet",
    "url" : "http://smart.who.int/example-workshop/ValueSet/IMMZ.Z.DE9",
    "version" : "0.1.0",
    "name" : "IMMZZDE9"
  },
  {
    "id" : "Immunocompromised-values",
    "type" : "ValueSet",
    "url" : "http://smart.who.int/example-workshop/ValueSet/Immunocompromised-values",
    "version" : "0.1.0",
    "name" : "Immunocompromisedvalues"
  },
  {
    "id" : "LiveAttenuatedVaccines",
    "type" : "ValueSet",
    "url" : "http://smart.who.int/example-workshop/ValueSet/LiveAttenuatedVaccines",
    "version" : "0.1.0",
    "name" : "LiveAttenuatedVaccines"
  },
  {
    "id" : "Negativetestresult-values",
    "type" : "ValueSet",
    "url" : "http://smart.who.int/example-workshop/ValueSet/Negativetestresult-values",
    "version" : "0.1.0",
    "name" : "Negativetestresultvalues"
  },
  {
    "id" : "PositiveTestResult-values",
    "type" : "ValueSet",
    "url" : "http://smart.who.int/example-workshop/ValueSet/PositiveTestResult-values",
    "version" : "0.1.0",
    "name" : "PositiveTestResultvalues"
  },
  {
    "id" : "SGImmunizationStatusCodes",
    "type" : "ValueSet",
    "url" : "http://smart.who.int/example-workshop/ValueSet/SGImmunizationStatusCodes",
    "version" : "0.1.0",
    "name" : "SGImmunizationStatusCodes"
  },
  {
    "id" : "VSMeaslesVaccineProducts",
    "type" : "ValueSet",
    "url" : "http://smart.who.int/example-workshop/ValueSet/VSMeaslesVaccineProducts",
    "version" : "0.1.0",
    "name" : "VSMeaslesVaccineProducts"
  },
  {
    "id" : "VaccineTypes",
    "type" : "ValueSet",
    "url" : "http://smart.who.int/example-workshop/ValueSet/VaccineTypes",
    "version" : "0.1.0",
    "name" : "VaccineTypes"
  },
  {
    "id" : "pregnancystatus-values",
    "type" : "ValueSet",
    "url" : "http://smart.who.int/example-workshop/ValueSet/pregnancystatus-values",
    "version" : "0.1.0",
    "name" : "PregnancyStatusValues"
  },
  {
    "id" : "sgcountry",
    "type" : "ValueSet",
    "url" : "http://smart.who.int/example-workshop/ValueSet/sgcountry",
    "version" : "0.1.0",
    "name" : "SGCountryValueSet"
  }
]
