{
   "library" : {
      "annotation" : [ {
         "translatorOptions" : "EnableAnnotations,EnableLocators,DisableListDemotion,DisableListPromotion",
         "signatureLevel" : "Overloads",
         "type" : "CqlToElmInfo"
      }, {
         "type" : "Annotation",
         "s" : {
            "r" : "24",
            "s" : [ {
               "value" : [ "","library WHOEncounterElements" ]
            } ]
         }
      } ],
      "identifier" : {
         "id" : "WHOEncounterElements",
         "system" : "http://smart.who.int/example-workshop"
      },
      "schemaIdentifier" : {
         "id" : "urn:hl7-org:elm",
         "version" : "r1"
      },
      "usings" : {
         "def" : [ {
            "localIdentifier" : "System",
            "uri" : "urn:hl7-org:elm-types:r1"
         }, {
            "localId" : "1",
            "locator" : "3:1-3:26",
            "localIdentifier" : "FHIR",
            "uri" : "http://hl7.org/fhir",
            "version" : "4.0.1",
            "annotation" : [ {
               "type" : "Annotation",
               "s" : {
                  "r" : "1",
                  "s" : [ {
                     "value" : [ "","using " ]
                  }, {
                     "s" : [ {
                        "value" : [ "FHIR" ]
                     } ]
                  }, {
                     "value" : [ " version '4.0.1'" ]
                  } ]
               }
            } ]
         } ]
      },
      "includes" : {
         "def" : [ {
            "localId" : "2",
            "locator" : "5:1-5:35",
            "localIdentifier" : "FHIRHelpers",
            "path" : "http://hl7.org/fhir/FHIRHelpers",
            "version" : "4.0.1",
            "annotation" : [ {
               "type" : "Annotation",
               "s" : {
                  "r" : "2",
                  "s" : [ {
                     "value" : [ "","include " ]
                  }, {
                     "s" : [ {
                        "value" : [ "FHIRHelpers" ]
                     } ]
                  }, {
                     "value" : [ " version ","'4.0.1'" ]
                  } ]
               }
            } ]
         }, {
            "localId" : "3",
            "locator" : "7:1-7:31",
            "localIdentifier" : "Common",
            "path" : "http://smart.who.int/example-workshop/WHOCommon",
            "annotation" : [ {
               "type" : "Annotation",
               "s" : {
                  "r" : "3",
                  "s" : [ {
                     "value" : [ "","include " ]
                  }, {
                     "s" : [ {
                        "value" : [ "WHOCommon" ]
                     } ]
                  }, {
                     "value" : [ " called ","Common" ]
                  } ]
               }
            } ]
         }, {
            "localId" : "4",
            "locator" : "8:1-8:35",
            "localIdentifier" : "Elements",
            "path" : "http://smart.who.int/example-workshop/WHOElements",
            "annotation" : [ {
               "type" : "Annotation",
               "s" : {
                  "r" : "4",
                  "s" : [ {
                     "value" : [ "","include " ]
                  }, {
                     "s" : [ {
                        "value" : [ "WHOElements" ]
                     } ]
                  }, {
                     "value" : [ " called ","Elements" ]
                  } ]
               }
            } ]
         } ]
      },
      "parameters" : {
         "def" : [ {
            "localId" : "7",
            "locator" : "10:1-10:35",
            "name" : "AsOf",
            "accessLevel" : "Public",
            "annotation" : [ {
               "type" : "Annotation",
               "s" : {
                  "r" : "7",
                  "s" : [ {
                     "value" : [ "","parameter ","AsOf"," " ]
                  }, {
                     "r" : "6",
                     "s" : [ {
                        "value" : [ "Date" ]
                     } ]
                  }, {
                     "value" : [ " default " ]
                  }, {
                     "r" : "5",
                     "s" : [ {
                        "value" : [ "Today","()" ]
                     } ]
                  } ]
               }
            } ],
            "default" : {
               "localId" : "5",
               "locator" : "10:29-10:35",
               "type" : "Today"
            },
            "parameterTypeSpecifier" : {
               "localId" : "6",
               "locator" : "10:16-10:19",
               "name" : "{urn:hl7-org:elm-types:r1}Date",
               "type" : "NamedTypeSpecifier"
            }
         }, {
            "localId" : "9",
            "locator" : "11:1-11:28",
            "name" : "EncounterId",
            "accessLevel" : "Public",
            "annotation" : [ {
               "type" : "Annotation",
               "s" : {
                  "r" : "9",
                  "s" : [ {
                     "value" : [ "","parameter ","EncounterId"," " ]
                  }, {
                     "r" : "8",
                     "s" : [ {
                        "value" : [ "String" ]
                     } ]
                  } ]
               }
            } ],
            "parameterTypeSpecifier" : {
               "localId" : "8",
               "locator" : "11:23-11:28",
               "name" : "{urn:hl7-org:elm-types:r1}String",
               "type" : "NamedTypeSpecifier"
            }
         } ]
      },
      "contexts" : {
         "def" : [ {
            "locator" : "13:1-13:15",
            "name" : "Patient"
         } ]
      },
      "statements" : {
         "def" : [ {
            "locator" : "13:1-13:15",
            "name" : "Patient",
            "context" : "Patient",
            "expression" : {
               "type" : "SingletonFrom",
               "operand" : {
                  "locator" : "13:1-13:15",
                  "dataType" : "{http://hl7.org/fhir}Patient",
                  "templateId" : "http://hl7.org/fhir/StructureDefinition/Patient",
                  "type" : "Retrieve"
               }
            }
         }, {
            "localId" : "24",
            "locator" : "15:1-18:74",
            "name" : "Pregnant Observation",
            "context" : "Patient",
            "accessLevel" : "Public",
            "annotation" : [ {
               "type" : "Annotation",
               "s" : {
                  "r" : "24",
                  "s" : [ {
                     "value" : [ "","define ","\"Pregnant Observation\"",":\n  " ]
                  }, {
                     "r" : "23",
                     "s" : [ {
                        "s" : [ {
                           "r" : "11",
                           "s" : [ {
                              "r" : "10",
                              "s" : [ {
                                 "s" : [ {
                                    "value" : [ "Elements",".","\"Pregnant Observation\"" ]
                                 } ]
                              } ]
                           }, {
                              "value" : [ " ","O" ]
                           } ]
                        } ]
                     }, {
                        "value" : [ "\n    " ]
                     }, {
                        "r" : "22",
                        "s" : [ {
                           "value" : [ "where " ]
                        }, {
                           "r" : "22",
                           "s" : [ {
                              "r" : "15",
                              "s" : [ {
                                 "r" : "13",
                                 "s" : [ {
                                    "r" : "12",
                                    "s" : [ {
                                       "value" : [ "O" ]
                                    } ]
                                 }, {
                                    "value" : [ "." ]
                                 }, {
                                    "r" : "13",
                                    "s" : [ {
                                       "value" : [ "encounter" ]
                                    } ]
                                 } ]
                              }, {
                                 "value" : [ "." ]
                              }, {
                                 "r" : "15",
                                 "s" : [ {
                                    "value" : [ "references","(" ]
                                 }, {
                                    "r" : "14",
                                    "s" : [ {
                                       "value" : [ "EncounterId" ]
                                    } ]
                                 }, {
                                    "value" : [ ")" ]
                                 } ]
                              } ]
                           }, {
                              "value" : [ "\n      or " ]
                           }, {
                              "r" : "21",
                              "s" : [ {
                                 "r" : "18",
                                 "s" : [ {
                                    "r" : "17",
                                    "s" : [ {
                                       "r" : "16",
                                       "s" : [ {
                                          "value" : [ "O" ]
                                       } ]
                                    }, {
                                       "value" : [ "." ]
                                    }, {
                                       "r" : "17",
                                       "s" : [ {
                                          "value" : [ "effective" ]
                                       } ]
                                    } ]
                                 }, {
                                    "value" : [ "." ]
                                 }, {
                                    "r" : "18",
                                    "s" : [ {
                                       "value" : [ "toInterval","()" ]
                                    } ]
                                 } ]
                              }, {
                                 "value" : [ " " ]
                              }, {
                                 "r" : "21",
                                 "s" : [ {
                                    "value" : [ "starts " ]
                                 }, {
                                    "r" : "20",
                                    "s" : [ {
                                       "value" : [ "9 ","months" ]
                                    } ]
                                 }, {
                                    "value" : [ " on or before day of" ]
                                 } ]
                              }, {
                                 "value" : [ " " ]
                              }, {
                                 "r" : "19",
                                 "s" : [ {
                                    "value" : [ "AsOf" ]
                                 } ]
                              } ]
                           } ]
                        } ]
                     } ]
                  } ]
               }
            } ],
            "expression" : {
               "localId" : "23",
               "locator" : "16:3-18:74",
               "type" : "Query",
               "source" : [ {
                  "localId" : "11",
                  "locator" : "16:3-16:35",
                  "alias" : "O",
                  "expression" : {
                     "localId" : "10",
                     "locator" : "16:3-16:33",
                     "name" : "Pregnant Observation",
                     "libraryName" : "Elements",
                     "type" : "ExpressionRef"
                  }
               } ],
               "relationship" : [ ],
               "where" : {
                  "localId" : "22",
                  "locator" : "17:5-18:74",
                  "type" : "Or",
                  "operand" : [ {
                     "localId" : "15",
                     "locator" : "17:11-17:45",
                     "name" : "references",
                     "libraryName" : "Common",
                     "type" : "FunctionRef",
                     "signature" : [ {
                        "name" : "{http://hl7.org/fhir}Reference",
                        "type" : "NamedTypeSpecifier"
                     }, {
                        "name" : "{urn:hl7-org:elm-types:r1}String",
                        "type" : "NamedTypeSpecifier"
                     } ],
                     "operand" : [ {
                        "localId" : "13",
                        "locator" : "17:11-17:21",
                        "path" : "encounter",
                        "scope" : "O",
                        "type" : "Property"
                     }, {
                        "localId" : "14",
                        "locator" : "17:34-17:44",
                        "name" : "EncounterId",
                        "type" : "ParameterRef"
                     } ]
                  }, {
                     "localId" : "21",
                     "locator" : "18:10-18:74",
                     "precision" : "Day",
                     "type" : "SameAs",
                     "signature" : [ {
                        "name" : "{urn:hl7-org:elm-types:r1}DateTime",
                        "type" : "NamedTypeSpecifier"
                     }, {
                        "name" : "{urn:hl7-org:elm-types:r1}DateTime",
                        "type" : "NamedTypeSpecifier"
                     } ],
                     "operand" : [ {
                        "locator" : "18:35-18:40",
                        "type" : "Start",
                        "operand" : {
                           "localId" : "18",
                           "locator" : "18:10-18:33",
                           "name" : "toInterval",
                           "libraryName" : "Common",
                           "type" : "FunctionRef",
                           "operand" : [ {
                              "localId" : "17",
                              "locator" : "18:10-18:20",
                              "path" : "effective",
                              "scope" : "O",
                              "type" : "Property"
                           } ]
                        }
                     }, {
                        "type" : "ToDateTime",
                        "signature" : [ {
                           "name" : "{urn:hl7-org:elm-types:r1}Date",
                           "type" : "NamedTypeSpecifier"
                        } ],
                        "operand" : {
                           "locator" : "18:71-18:74",
                           "type" : "Subtract",
                           "signature" : [ {
                              "name" : "{urn:hl7-org:elm-types:r1}Date",
                              "type" : "NamedTypeSpecifier"
                           }, {
                              "name" : "{urn:hl7-org:elm-types:r1}Quantity",
                              "type" : "NamedTypeSpecifier"
                           } ],
                           "operand" : [ {
                              "localId" : "19",
                              "locator" : "18:71-18:74",
                              "name" : "AsOf",
                              "type" : "ParameterRef"
                           }, {
                              "localId" : "20",
                              "locator" : "18:42-18:49",
                              "value" : 9,
                              "unit" : "months",
                              "type" : "Quantity"
                           } ]
                        }
                     } ]
                  } ]
               }
            }
         } ]
      }
   }
}