<?xml version="1.0" encoding="UTF-8"?>
<library xmlns="urn:hl7-org:elm:r1" xmlns:t="urn:hl7-org:elm-types:r1" xmlns:xsi="http://www.w3.org/2001/XMLSchema-instance" xmlns:xsd="http://www.w3.org/2001/XMLSchema" xmlns:fhir="http://hl7.org/fhir" xmlns:qdm43="urn:healthit-gov:qdm:v4_3" xmlns:qdm53="urn:healthit-gov:qdm:v5_3" xmlns:a="urn:hl7-org:cql-annotations:r1">
   <annotation translatorOptions="EnableAnnotations,EnableLocators,DisableListDemotion,DisableListPromotion" signatureLevel="Overloads" xsi:type="a:CqlToElmInfo"/>
   <annotation xsi:type="a:Annotation">
      <a:t name="DecisionID" value="IMMZ.D2.DT.Measles.Ongoing transmission"/>
      <a:t name="BusinessRule" value="Determine if the client is due for a measles vaccination according to the national immunization schedule"/>
      <a:t name="Trigger" value="IMMZ.D2 Determine required vaccination(s) if any"/>
      <a:t name="Description" value="Countries with ongoing transmission in which the risk of measles mortality remains high (countries that provide first dose of MCV at 9 months and second dose of MCV at 15 months)"/>
      <a:s r="108">
         <a:s>/*
@DecisionID: IMMZ.D2.DT.Measles.Ongoing transmission
@BusinessRule: Determine if the client is due for a measles vaccination according to the national immunization schedule
@Trigger: IMMZ.D2 Determine required vaccination(s) if any
@Description: Countries with ongoing transmission in which the risk of measles mortality remains high (countries that provide first dose of MCV at 9 months and second dose of MCV at 15 months)
*/
library IMMZD2DTMeaslesOTLogic</a:s>
      </a:s>
   </annotation>
   <identifier id="IMMZD2DTMeaslesOTLogic" system="http://smart.who.int/example-workshop"/>
   <schemaIdentifier id="urn:hl7-org:elm" version="r1"/>
   <usings>
      <def localIdentifier="System" uri="urn:hl7-org:elm-types:r1"/>
      <def localId="1" locator="9:1-9:26" localIdentifier="FHIR" uri="http://hl7.org/fhir" version="4.0.1">
         <annotation xsi:type="a:Annotation">
            <a:s r="1">
               <a:s>using </a:s>
               <a:s>
                  <a:s>FHIR</a:s>
               </a:s>
               <a:s> version '4.0.1'</a:s>
            </a:s>
         </annotation>
      </def>
   </usings>
   <includes>
      <def localId="2" locator="11:1-11:35" localIdentifier="FHIRHelpers" path="http://hl7.org/fhir/FHIRHelpers" version="4.0.1">
         <annotation xsi:type="a:Annotation">
            <a:s r="2">
               <a:s>include </a:s>
               <a:s>
                  <a:s>FHIRHelpers</a:s>
               </a:s>
               <a:s> version '4.0.1'</a:s>
            </a:s>
         </annotation>
      </def>
      <def localId="3" locator="13:1-13:27" localIdentifier="WC" path="http://smart.who.int/example-workshop/WHOCommon">
         <annotation xsi:type="a:Annotation">
            <a:s r="3">
               <a:s>include </a:s>
               <a:s>
                  <a:s>WHOCommon</a:s>
               </a:s>
               <a:s> called WC</a:s>
            </a:s>
         </annotation>
      </def>
      <def localId="4" locator="14:1-14:41" localIdentifier="Logic" path="http://smart.who.int/example-workshop/IMMZD2DTMeaslesLogic">
         <annotation xsi:type="a:Annotation">
            <a:s r="4">
               <a:s>include </a:s>
               <a:s>
                  <a:s>IMMZD2DTMeaslesLogic</a:s>
               </a:s>
               <a:s> called Logic</a:s>
            </a:s>
         </annotation>
      </def>
   </includes>
   <parameters>
      <def localId="6" locator="16:1-16:31" name="Today" accessLevel="Public">
         <annotation xsi:type="a:Annotation">
            <a:s r="6">
               <a:s>parameter Today default </a:s>
               <a:s r="5">
                  <a:s>Today()</a:s>
               </a:s>
            </a:s>
         </annotation>
         <default localId="5" locator="16:25-16:31" xsi:type="Today"/>
      </def>
   </parameters>
   <contexts>
      <def locator="18:1-18:15" name="Patient"/>
   </contexts>
   <statements>
      <def locator="18:1-18:15" name="Patient" context="Patient">
         <expression xsi:type="SingletonFrom">
            <operand locator="18:1-18:15" dataType="fhir:Patient" templateId="http://hl7.org/fhir/StructureDefinition/Patient" xsi:type="Retrieve"/>
         </expression>
      </def>
      <def localId="9" locator="24:1-25:58" name="Measles Routine Immunization Schedule Incomplete" context="Patient" accessLevel="Public">
         <annotation xsi:type="a:Annotation">
            <a:s r="9">
               <a:s>/*
PlanDefinition Applicability Expressions
*/

define &quot;Measles Routine Immunization Schedule Incomplete&quot;:
  </a:s>
               <a:s r="8">
                  <a:s r="7">
                     <a:s>Logic</a:s>
                  </a:s>
                  <a:s>.</a:s>
                  <a:s r="8">
                     <a:s>&quot;Measles Routine Immunization Schedule Incomplete&quot;</a:s>
                  </a:s>
               </a:s>
            </a:s>
         </annotation>
         <expression localId="8" locator="25:3-25:58" name="Measles Routine Immunization Schedule Incomplete" libraryName="Logic" xsi:type="ExpressionRef"/>
      </def>
      <def localId="14" locator="27:1-28:57" name="No Primary Series Doses Administered" context="Patient" accessLevel="Public">
         <annotation xsi:type="a:Annotation">
            <a:s r="14">
               <a:s>define &quot;No Primary Series Doses Administered&quot;:
  </a:s>
               <a:s r="13">
                  <a:s r="11">
                     <a:s r="10">
                        <a:s>Logic</a:s>
                     </a:s>
                     <a:s>.</a:s>
                     <a:s r="11">
                        <a:s>&quot;Number Of Primary Series Doses Administered&quot;</a:s>
                     </a:s>
                  </a:s>
                  <a:s r="12"> = 0</a:s>
               </a:s>
            </a:s>
         </annotation>
         <expression localId="13" locator="28:3-28:57" xsi:type="Equal">
            <signature name="t:Integer" xsi:type="NamedTypeSpecifier"/>
            <signature name="t:Integer" xsi:type="NamedTypeSpecifier"/>
            <operand localId="11" locator="28:3-28:53" name="Number Of Primary Series Doses Administered" libraryName="Logic" xsi:type="ExpressionRef"/>
            <operand localId="12" locator="28:57" valueType="t:Integer" value="0" xsi:type="Literal"/>
         </expression>
      </def>
      <def localId="19" locator="30:1-31:57" name="One Primary Series Dose Administered" context="Patient" accessLevel="Public">
         <annotation xsi:type="a:Annotation">
            <a:s r="19">
               <a:s>define &quot;One Primary Series Dose Administered&quot;:
  </a:s>
               <a:s r="18">
                  <a:s r="16">
                     <a:s r="15">
                        <a:s>Logic</a:s>
                     </a:s>
                     <a:s>.</a:s>
                     <a:s r="16">
                        <a:s>&quot;Number Of Primary Series Doses Administered&quot;</a:s>
                     </a:s>
                  </a:s>
                  <a:s r="17"> = 1</a:s>
               </a:s>
            </a:s>
         </annotation>
         <expression localId="18" locator="31:3-31:57" xsi:type="Equal">
            <signature name="t:Integer" xsi:type="NamedTypeSpecifier"/>
            <signature name="t:Integer" xsi:type="NamedTypeSpecifier"/>
            <operand localId="16" locator="31:3-31:53" name="Number Of Primary Series Doses Administered" libraryName="Logic" xsi:type="ExpressionRef"/>
            <operand localId="17" locator="31:57" valueType="t:Integer" value="1" xsi:type="Literal"/>
         </expression>
      </def>
      <def localId="24" locator="33:1-34:57" name="Two Primary Series Doses Administered" context="Patient" accessLevel="Public">
         <annotation xsi:type="a:Annotation">
            <a:s r="24">
               <a:s>define &quot;Two Primary Series Doses Administered&quot;:
  </a:s>
               <a:s r="23">
                  <a:s r="21">
                     <a:s r="20">
                        <a:s>Logic</a:s>
                     </a:s>
                     <a:s>.</a:s>
                     <a:s r="21">
                        <a:s>&quot;Number Of Primary Series Doses Administered&quot;</a:s>
                     </a:s>
                  </a:s>
                  <a:s r="22"> = 2</a:s>
               </a:s>
            </a:s>
         </annotation>
         <expression localId="23" locator="34:3-34:57" xsi:type="Equal">
            <signature name="t:Integer" xsi:type="NamedTypeSpecifier"/>
            <signature name="t:Integer" xsi:type="NamedTypeSpecifier"/>
            <operand localId="21" locator="34:3-34:53" name="Number Of Primary Series Doses Administered" libraryName="Logic" xsi:type="ExpressionRef"/>
            <operand localId="22" locator="34:57" valueType="t:Integer" value="2" xsi:type="Literal"/>
         </expression>
      </def>
      <def localId="29" locator="36:1-37:26" name="Client Age Less Than 9 Months" context="Patient" accessLevel="Public">
         <annotation xsi:type="a:Annotation">
            <a:s r="29">
               <a:s>define &quot;Client Age Less Than 9 Months&quot;:
  </a:s>
               <a:s r="28">
                  <a:s r="26">
                     <a:s>AgeInMonthsAt(</a:s>
                     <a:s r="25">
                        <a:s>Today</a:s>
                     </a:s>
                     <a:s>)</a:s>
                  </a:s>
                  <a:s r="27"> &lt; 9</a:s>
               </a:s>
            </a:s>
         </annotation>
         <expression localId="28" locator="37:3-37:26" xsi:type="Less">
            <signature name="t:Integer" xsi:type="NamedTypeSpecifier"/>
            <signature name="t:Integer" xsi:type="NamedTypeSpecifier"/>
            <operand localId="26" locator="37:3-37:22" precision="Month" xsi:type="CalculateAgeAt">
               <signature name="t:Date" xsi:type="NamedTypeSpecifier"/>
               <signature name="t:Date" xsi:type="NamedTypeSpecifier"/>
               <operand path="birthDate.value" xsi:type="Property">
                  <source name="Patient" xsi:type="ExpressionRef"/>
               </operand>
               <operand localId="25" locator="37:17-37:21" name="Today" xsi:type="ParameterRef"/>
            </operand>
            <operand localId="27" locator="37:26" valueType="t:Integer" value="9" xsi:type="Literal"/>
         </expression>
      </def>
      <def localId="34" locator="39:1-40:27" name="Client Age Less Than 15 Months" context="Patient" accessLevel="Public">
         <annotation xsi:type="a:Annotation">
            <a:s r="34">
               <a:s>define &quot;Client Age Less Than 15 Months&quot;:
  </a:s>
               <a:s r="33">
                  <a:s r="31">
                     <a:s>AgeInMonthsAt(</a:s>
                     <a:s r="30">
                        <a:s>Today</a:s>
                     </a:s>
                     <a:s>)</a:s>
                  </a:s>
                  <a:s r="32"> &lt; 15</a:s>
               </a:s>
            </a:s>
         </annotation>
         <expression localId="33" locator="40:3-40:27" xsi:type="Less">
            <signature name="t:Integer" xsi:type="NamedTypeSpecifier"/>
            <signature name="t:Integer" xsi:type="NamedTypeSpecifier"/>
            <operand localId="31" locator="40:3-40:22" precision="Month" xsi:type="CalculateAgeAt">
               <signature name="t:Date" xsi:type="NamedTypeSpecifier"/>
               <signature name="t:Date" xsi:type="NamedTypeSpecifier"/>
               <operand path="birthDate.value" xsi:type="Property">
                  <source name="Patient" xsi:type="ExpressionRef"/>
               </operand>
               <operand localId="30" locator="40:17-40:21" name="Today" xsi:type="ParameterRef"/>
            </operand>
            <operand localId="32" locator="40:26-40:27" valueType="t:Integer" value="15" xsi:type="Literal"/>
         </expression>
      </def>
      <def localId="41" locator="42:1-43:74" name="Last Live Vaccine Administered Within 4 Weeks" context="Patient" accessLevel="Public">
         <annotation xsi:type="a:Annotation">
            <a:s r="41">
               <a:s>define &quot;Last Live Vaccine Administered Within 4 Weeks&quot;:
  </a:s>
               <a:s r="40">
                  <a:s r="38">
                     <a:s r="36">
                        <a:s r="35">
                           <a:s>Logic</a:s>
                        </a:s>
                        <a:s>.</a:s>
                        <a:s r="36">
                           <a:s>&quot;Date Last Live Vaccine Administered&quot;</a:s>
                        </a:s>
                     </a:s>
                     <a:s> + </a:s>
                     <a:s r="37">
                        <a:s>4 weeks</a:s>
                     </a:s>
                  </a:s>
                  <a:s r="40"> on or before </a:s>
                  <a:s r="39">
                     <a:s>Today</a:s>
                  </a:s>
               </a:s>
            </a:s>
         </annotation>
         <expression localId="40" locator="43:3-43:74" xsi:type="SameOrBefore">
            <signature name="t:Date" xsi:type="NamedTypeSpecifier"/>
            <signature name="t:Date" xsi:type="NamedTypeSpecifier"/>
            <operand localId="38" locator="43:3-43:55" xsi:type="Add">
               <signature name="t:Date" xsi:type="NamedTypeSpecifier"/>
               <signature name="t:Quantity" xsi:type="NamedTypeSpecifier"/>
               <operand localId="36" locator="43:3-43:45" name="Date Last Live Vaccine Administered" libraryName="Logic" xsi:type="ExpressionRef"/>
               <operand localId="37" locator="43:49-43:55" value="4" unit="weeks" xsi:type="Quantity"/>
            </operand>
            <operand localId="39" locator="43:70-43:74" name="Today" xsi:type="ParameterRef"/>
         </expression>
      </def>
      <def localId="49" locator="57:1-61:14" name="MCV1 Status" context="Patient" accessLevel="Public">
         <annotation xsi:type="a:Annotation">
            <a:s r="49">
               <a:s>/*
Supporting Logic
*/

define &quot;MCV1 Status&quot;:
  </a:s>
               <a:s r="48">
                  <a:s>if </a:s>
                  <a:s r="45">
                     <a:s r="43">
                        <a:s r="42">
                           <a:s>Logic</a:s>
                        </a:s>
                        <a:s>.</a:s>
                        <a:s r="43">
                           <a:s>&quot;Number Of Primary Series Doses Administered&quot;</a:s>
                        </a:s>
                     </a:s>
                     <a:s r="44"> = 0</a:s>
                  </a:s>
                  <a:s> then 
    </a:s>
                  <a:s r="46">
                     <a:s>'Needed'</a:s>
                  </a:s>
                  <a:s>
  else
    </a:s>
                  <a:s r="47">
                     <a:s>'Complete'</a:s>
                  </a:s>
               </a:s>
            </a:s>
         </annotation>
         <expression localId="48" locator="58:3-61:14" xsi:type="If">
            <condition localId="45" locator="58:6-58:60" xsi:type="Equal">
               <signature name="t:Integer" xsi:type="NamedTypeSpecifier"/>
               <signature name="t:Integer" xsi:type="NamedTypeSpecifier"/>
               <operand localId="43" locator="58:6-58:56" name="Number Of Primary Series Doses Administered" libraryName="Logic" xsi:type="ExpressionRef"/>
               <operand localId="44" locator="58:60" valueType="t:Integer" value="0" xsi:type="Literal"/>
            </condition>
            <then localId="46" locator="59:5-59:12" valueType="t:String" value="Needed" xsi:type="Literal"/>
            <else localId="47" locator="61:5-61:14" valueType="t:String" value="Complete" xsi:type="Literal"/>
         </expression>
      </def>
      <def localId="61" locator="63:1-64:30" name="MCV1 Schedule Date" context="Patient" accessLevel="Public">
         <annotation xsi:type="a:Annotation">
            <a:s r="61">
               <a:s>define &quot;MCV1 Schedule Date&quot;:
  </a:s>
               <a:s r="60">
                  <a:s r="58">
                     <a:s r="57">
                        <a:s>Patient</a:s>
                     </a:s>
                     <a:s>.</a:s>
                     <a:s r="58">
                        <a:s>birthDate</a:s>
                     </a:s>
                  </a:s>
                  <a:s> + </a:s>
                  <a:s r="59">
                     <a:s>9 months</a:s>
                  </a:s>
               </a:s>
            </a:s>
         </annotation>
         <expression localId="60" locator="64:3-64:30" xsi:type="Add">
            <signature name="t:Date" xsi:type="NamedTypeSpecifier"/>
            <signature name="t:Quantity" xsi:type="NamedTypeSpecifier"/>
            <operand name="ToDate" libraryName="FHIRHelpers" xsi:type="FunctionRef">
               <operand localId="58" locator="64:3-64:19" path="birthDate" xsi:type="Property">
                  <source localId="57" locator="64:3-64:9" name="Patient" xsi:type="ExpressionRef"/>
               </operand>
            </operand>
            <operand localId="59" locator="64:23-64:30" value="9" unit="months" xsi:type="Quantity"/>
         </expression>
      </def>
      <def localId="72" locator="69:1-77:8" name="MCV1 Due Date" context="Patient" accessLevel="Public">
         <annotation xsi:type="a:Annotation">
            <a:s r="72">
               <a:s>define &quot;MCV1 Due Date&quot;:
  </a:s>
               <a:s r="71">
                  <a:s>if </a:s>
                  <a:s r="55">
                     <a:s r="53">
                        <a:s>&quot;MCV1 Status&quot;</a:s>
                     </a:s>
                     <a:s> = </a:s>
                     <a:s r="54">
                        <a:s>'Needed'</a:s>
                     </a:s>
                  </a:s>
                  <a:s> then
    </a:s>
                  <a:s r="69">
                     <a:s r="56">
                        <a:s>WC</a:s>
                     </a:s>
                     <a:s>.</a:s>
                     <a:s r="69">
                        <a:s>LatestOf(</a:s>
                        <a:s r="68">
                           <a:s>{
        </a:s>
                           <a:s r="62">
                              <a:s>&quot;MCV1 Schedule Date&quot;</a:s>
                           </a:s>
                           <a:s>,
        </a:s>
                           <a:s r="66">
                              <a:s r="64">
                                 <a:s r="63">
                                    <a:s>Logic</a:s>
                                 </a:s>
                                 <a:s>.</a:s>
                                 <a:s r="64">
                                    <a:s>&quot;Date Last Live Vaccine Administered&quot;</a:s>
                                 </a:s>
                              </a:s>
                              <a:s> + </a:s>
                              <a:s r="65">
                                 <a:s>4 weeks</a:s>
                              </a:s>
                           </a:s>
                           <a:s>,
        </a:s>
                           <a:s r="67">
                              <a:s>Today</a:s>
                           </a:s>
                           <a:s>
    }</a:s>
                        </a:s>
                        <a:s>)</a:s>
                     </a:s>
                  </a:s>
                  <a:s r="70">
  else
    null</a:s>
               </a:s>
            </a:s>
         </annotation>
         <expression localId="71" locator="70:3-77:8" xsi:type="If">
            <condition localId="55" locator="70:6-70:29" xsi:type="Equal">
               <signature name="t:String" xsi:type="NamedTypeSpecifier"/>
               <signature name="t:String" xsi:type="NamedTypeSpecifier"/>
               <operand localId="53" locator="70:6-70:18" name="MCV1 Status" xsi:type="ExpressionRef"/>
               <operand localId="54" locator="70:22-70:29" valueType="t:String" value="Needed" xsi:type="Literal"/>
            </condition>
            <then localId="69" locator="71:5-75:6" name="LatestOf" libraryName="WC" xsi:type="FunctionRef">
               <operand localId="68" locator="71:17-75:5" xsi:type="List">
                  <element localId="62" locator="72:9-72:28" name="MCV1 Schedule Date" xsi:type="ExpressionRef"/>
                  <element localId="66" locator="73:9-73:61" xsi:type="Add">
                     <signature name="t:Date" xsi:type="NamedTypeSpecifier"/>
                     <signature name="t:Quantity" xsi:type="NamedTypeSpecifier"/>
                     <operand localId="64" locator="73:9-73:51" name="Date Last Live Vaccine Administered" libraryName="Logic" xsi:type="ExpressionRef"/>
                     <operand localId="65" locator="73:55-73:61" value="4" unit="weeks" xsi:type="Quantity"/>
                  </element>
                  <element localId="67" locator="74:9-74:13" name="Today" xsi:type="ParameterRef"/>
               </operand>
            </then>
            <else asType="t:Date" xsi:type="As">
               <operand localId="70" locator="77:5-77:8" xsi:type="Null"/>
            </else>
         </expression>
      </def>
      <def localId="77" locator="45:1-47:42" name="Client Is Due For MCV1" context="Patient" accessLevel="Public">
         <annotation xsi:type="a:Annotation">
            <a:s r="77">
               <a:s>define &quot;Client Is Due For MCV1&quot;:
  </a:s>
               <a:s r="76">
                  <a:s r="52">
                     <a:s r="50">
                        <a:s>&quot;MCV1 Status&quot;</a:s>
                     </a:s>
                     <a:s> = </a:s>
                     <a:s r="51">
                        <a:s>'Needed'</a:s>
                     </a:s>
                  </a:s>
                  <a:s>
    and </a:s>
                  <a:s r="75">
                     <a:s r="73">
                        <a:s>&quot;MCV1 Due Date&quot;</a:s>
                     </a:s>
                     <a:s r="75"> on or before </a:s>
                     <a:s r="74">
                        <a:s>Today</a:s>
                     </a:s>
                  </a:s>
               </a:s>
            </a:s>
         </annotation>
         <expression localId="76" locator="46:3-47:42" xsi:type="And">
            <operand localId="52" locator="46:3-46:26" xsi:type="Equal">
               <signature name="t:String" xsi:type="NamedTypeSpecifier"/>
               <signature name="t:String" xsi:type="NamedTypeSpecifier"/>
               <operand localId="50" locator="46:3-46:15" name="MCV1 Status" xsi:type="ExpressionRef"/>
               <operand localId="51" locator="46:19-46:26" valueType="t:String" value="Needed" xsi:type="Literal"/>
            </operand>
            <operand localId="75" locator="47:9-47:42" xsi:type="SameOrBefore">
               <signature name="t:Date" xsi:type="NamedTypeSpecifier"/>
               <signature name="t:Date" xsi:type="NamedTypeSpecifier"/>
               <operand localId="73" locator="47:9-47:23" name="MCV1 Due Date" xsi:type="ExpressionRef"/>
               <operand localId="74" locator="47:38-47:42" name="Today" xsi:type="ParameterRef"/>
            </operand>
         </expression>
      </def>
      <def localId="85" locator="79:1-83:14" name="MCV2 Status" context="Patient" accessLevel="Public">
         <annotation xsi:type="a:Annotation">
            <a:s r="85">
               <a:s>define &quot;MCV2 Status&quot;:
  </a:s>
               <a:s r="84">
                  <a:s>if </a:s>
                  <a:s r="81">
                     <a:s r="79">
                        <a:s r="78">
                           <a:s>Logic</a:s>
                        </a:s>
                        <a:s>.</a:s>
                        <a:s r="79">
                           <a:s>&quot;Number Of Primary Series Doses Administered&quot;</a:s>
                        </a:s>
                     </a:s>
                     <a:s r="80"> = 1</a:s>
                  </a:s>
                  <a:s> then
    </a:s>
                  <a:s r="82">
                     <a:s>'Needed'</a:s>
                  </a:s>
                  <a:s>
  else
    </a:s>
                  <a:s r="83">
                     <a:s>'Complete'</a:s>
                  </a:s>
               </a:s>
            </a:s>
         </annotation>
         <expression localId="84" locator="80:3-83:14" xsi:type="If">
            <condition localId="81" locator="80:6-80:60" xsi:type="Equal">
               <signature name="t:Integer" xsi:type="NamedTypeSpecifier"/>
               <signature name="t:Integer" xsi:type="NamedTypeSpecifier"/>
               <operand localId="79" locator="80:6-80:56" name="Number Of Primary Series Doses Administered" libraryName="Logic" xsi:type="ExpressionRef"/>
               <operand localId="80" locator="80:60" valueType="t:Integer" value="1" xsi:type="Literal"/>
            </condition>
            <then localId="82" locator="81:5-81:12" valueType="t:String" value="Needed" xsi:type="Literal"/>
            <else localId="83" locator="83:5-83:14" valueType="t:String" value="Complete" xsi:type="Literal"/>
         </expression>
      </def>
      <def localId="97" locator="85:1-86:31" name="MCV2 Schedule Date" context="Patient" accessLevel="Public">
         <annotation xsi:type="a:Annotation">
            <a:s r="97">
               <a:s>define &quot;MCV2 Schedule Date&quot;:
  </a:s>
               <a:s r="96">
                  <a:s r="94">
                     <a:s r="93">
                        <a:s>Patient</a:s>
                     </a:s>
                     <a:s>.</a:s>
                     <a:s r="94">
                        <a:s>birthDate</a:s>
                     </a:s>
                  </a:s>
                  <a:s> + </a:s>
                  <a:s r="95">
                     <a:s>15 months</a:s>
                  </a:s>
               </a:s>
            </a:s>
         </annotation>
         <expression localId="96" locator="86:3-86:31" xsi:type="Add">
            <signature name="t:Date" xsi:type="NamedTypeSpecifier"/>
            <signature name="t:Quantity" xsi:type="NamedTypeSpecifier"/>
            <operand name="ToDate" libraryName="FHIRHelpers" xsi:type="FunctionRef">
               <operand localId="94" locator="86:3-86:19" path="birthDate" xsi:type="Property">
                  <source localId="93" locator="86:3-86:9" name="Patient" xsi:type="ExpressionRef"/>
               </operand>
            </operand>
            <operand localId="95" locator="86:23-86:31" value="15" unit="months" xsi:type="Quantity"/>
         </expression>
      </def>
      <def localId="108" locator="91:1-99:8" name="MCV2 Due Date" context="Patient" accessLevel="Public">
         <annotation xsi:type="a:Annotation">
            <a:s r="108">
               <a:s>define &quot;MCV2 Due Date&quot;:
  </a:s>
               <a:s r="107">
                  <a:s>if </a:s>
                  <a:s r="91">
                     <a:s r="89">
                        <a:s>&quot;MCV2 Status&quot;</a:s>
                     </a:s>
                     <a:s> = </a:s>
                     <a:s r="90">
                        <a:s>'Needed'</a:s>
                     </a:s>
                  </a:s>
                  <a:s> then
    </a:s>
                  <a:s r="105">
                     <a:s r="92">
                        <a:s>WC</a:s>
                     </a:s>
                     <a:s>.</a:s>
                     <a:s r="105">
                        <a:s>LatestOf(</a:s>
                        <a:s r="104">
                           <a:s>{
        </a:s>
                           <a:s r="98">
                              <a:s>&quot;MCV2 Schedule Date&quot;</a:s>
                           </a:s>
                           <a:s>,
        </a:s>
                           <a:s r="102">
                              <a:s r="100">
                                 <a:s r="99">
                                    <a:s>Logic</a:s>
                                 </a:s>
                                 <a:s>.</a:s>
                                 <a:s r="100">
                                    <a:s>&quot;Date Last Live Vaccine Administered&quot;</a:s>
                                 </a:s>
                              </a:s>
                              <a:s> + </a:s>
                              <a:s r="101">
                                 <a:s>4 weeks</a:s>
                              </a:s>
                           </a:s>
                           <a:s>,
        </a:s>
                           <a:s r="103">
                              <a:s>Today</a:s>
                           </a:s>
                           <a:s>
    }</a:s>
                        </a:s>
                        <a:s>)</a:s>
                     </a:s>
                  </a:s>
                  <a:s r="106">
  else
    null</a:s>
               </a:s>
            </a:s>
         </annotation>
         <expression localId="107" locator="92:3-99:8" xsi:type="If">
            <condition localId="91" locator="92:6-92:29" xsi:type="Equal">
               <signature name="t:String" xsi:type="NamedTypeSpecifier"/>
               <signature name="t:String" xsi:type="NamedTypeSpecifier"/>
               <operand localId="89" locator="92:6-92:18" name="MCV2 Status" xsi:type="ExpressionRef"/>
               <operand localId="90" locator="92:22-92:29" valueType="t:String" value="Needed" xsi:type="Literal"/>
            </condition>
            <then localId="105" locator="93:5-97:6" name="LatestOf" libraryName="WC" xsi:type="FunctionRef">
               <operand localId="104" locator="93:17-97:5" xsi:type="List">
                  <element localId="98" locator="94:9-94:28" name="MCV2 Schedule Date" xsi:type="ExpressionRef"/>
                  <element localId="102" locator="95:9-95:61" xsi:type="Add">
                     <signature name="t:Date" xsi:type="NamedTypeSpecifier"/>
                     <signature name="t:Quantity" xsi:type="NamedTypeSpecifier"/>
                     <operand localId="100" locator="95:9-95:51" name="Date Last Live Vaccine Administered" libraryName="Logic" xsi:type="ExpressionRef"/>
                     <operand localId="101" locator="95:55-95:61" value="4" unit="weeks" xsi:type="Quantity"/>
                  </element>
                  <element localId="103" locator="96:9-96:13" name="Today" xsi:type="ParameterRef"/>
               </operand>
            </then>
            <else asType="t:Date" xsi:type="As">
               <operand localId="106" locator="99:5-99:8" xsi:type="Null"/>
            </else>
         </expression>
      </def>
      <def localId="113" locator="49:1-51:42" name="Client Is Due For MCV2" context="Patient" accessLevel="Public">
         <annotation xsi:type="a:Annotation">
            <a:s r="113">
               <a:s>define &quot;Client Is Due For MCV2&quot;:
  </a:s>
               <a:s r="112">
                  <a:s r="88">
                     <a:s r="86">
                        <a:s>&quot;MCV2 Status&quot;</a:s>
                     </a:s>
                     <a:s> = </a:s>
                     <a:s r="87">
                        <a:s>'Needed'</a:s>
                     </a:s>
                  </a:s>
                  <a:s>
    and </a:s>
                  <a:s r="111">
                     <a:s r="109">
                        <a:s>&quot;MCV2 Due Date&quot;</a:s>
                     </a:s>
                     <a:s r="111"> on or before </a:s>
                     <a:s r="110">
                        <a:s>Today</a:s>
                     </a:s>
                  </a:s>
               </a:s>
            </a:s>
         </annotation>
         <expression localId="112" locator="50:3-51:42" xsi:type="And">
            <operand localId="88" locator="50:3-50:26" xsi:type="Equal">
               <signature name="t:String" xsi:type="NamedTypeSpecifier"/>
               <signature name="t:String" xsi:type="NamedTypeSpecifier"/>
               <operand localId="86" locator="50:3-50:15" name="MCV2 Status" xsi:type="ExpressionRef"/>
               <operand localId="87" locator="50:19-50:26" valueType="t:String" value="Needed" xsi:type="Literal"/>
            </operand>
            <operand localId="111" locator="51:9-51:42" xsi:type="SameOrBefore">
               <signature name="t:Date" xsi:type="NamedTypeSpecifier"/>
               <signature name="t:Date" xsi:type="NamedTypeSpecifier"/>
               <operand localId="109" locator="51:9-51:23" name="MCV2 Due Date" xsi:type="ExpressionRef"/>
               <operand localId="110" locator="51:38-51:42" name="Today" xsi:type="ParameterRef"/>
            </operand>
         </expression>
      </def>
      <def localId="118" locator="66:1-67:31" name="MCV1 Expiration Date" context="Patient" accessLevel="Public">
         <annotation xsi:type="a:Annotation">
            <a:s r="118">
               <a:s>define &quot;MCV1 Expiration Date&quot;:
  </a:s>
               <a:s r="117">
                  <a:s r="115">
                     <a:s r="114">
                        <a:s>Patient</a:s>
                     </a:s>
                     <a:s>.</a:s>
                     <a:s r="115">
                        <a:s>birthDate</a:s>
                     </a:s>
                  </a:s>
                  <a:s> + </a:s>
                  <a:s r="116">
                     <a:s>15 months</a:s>
                  </a:s>
               </a:s>
            </a:s>
         </annotation>
         <expression localId="117" locator="67:3-67:31" xsi:type="Add">
            <signature name="t:Date" xsi:type="NamedTypeSpecifier"/>
            <signature name="t:Quantity" xsi:type="NamedTypeSpecifier"/>
            <operand name="ToDate" libraryName="FHIRHelpers" xsi:type="FunctionRef">
               <operand localId="115" locator="67:3-67:19" path="birthDate" xsi:type="Property">
                  <source localId="114" locator="67:3-67:9" name="Patient" xsi:type="ExpressionRef"/>
               </operand>
            </operand>
            <operand localId="116" locator="67:23-67:31" value="15" unit="months" xsi:type="Quantity"/>
         </expression>
      </def>
      <def localId="122" locator="88:1-89:14" name="MCV2 Expiration Date" context="Patient" accessLevel="Public">
         <annotation xsi:type="a:Annotation">
            <a:s r="122">
               <a:s>define &quot;MCV2 Expiration Date&quot;:
  </a:s>
               <a:s r="121">
                  <a:s r="119">null as </a:s>
                  <a:s r="120">
                     <a:s>Date</a:s>
                  </a:s>
               </a:s>
            </a:s>
         </annotation>
         <expression localId="121" locator="89:3-89:14" strict="false" xsi:type="As">
            <operand localId="119" locator="89:3-89:6" xsi:type="Null"/>
            <asTypeSpecifier localId="120" locator="89:11-89:14" name="t:Date" xsi:type="NamedTypeSpecifier"/>
         </expression>
      </def>
   </statements>
</library>
