<?xml version="1.0" encoding="UTF-8"?>
<library xmlns="urn:hl7-org:elm:r1" xmlns:t="urn:hl7-org:elm-types:r1" xmlns:xsi="http://www.w3.org/2001/XMLSchema-instance" xmlns:xsd="http://www.w3.org/2001/XMLSchema" xmlns:fhir="http://hl7.org/fhir" xmlns:qdm43="urn:healthit-gov:qdm:v4_3" xmlns:qdm53="urn:healthit-gov:qdm:v5_3" xmlns:a="urn:hl7-org:cql-annotations:r1">
   <annotation translatorOptions="EnableAnnotations,EnableLocators,DisableListDemotion,DisableListPromotion" signatureLevel="Overloads" xsi:type="a:CqlToElmInfo"/>
   <annotation xsi:type="a:Annotation">
      <a:s r="43">
         <a:s>library IMMZConcepts</a:s>
      </a:s>
   </annotation>
   <identifier id="IMMZConcepts" system="http://smart.who.int/example-workshop"/>
   <schemaIdentifier id="urn:hl7-org:elm" version="r1"/>
   <usings>
      <def localIdentifier="System" uri="urn:hl7-org:elm-types:r1"/>
   </usings>
   <codeSystems>
      <def localId="1" locator="5:1-5:53" name="ICD-10" id="http://hl7.org/fhir/sid/icd-10" accessLevel="Public">
         <annotation xsi:type="a:Annotation">
            <a:s r="1">
               <a:s>// Code Systems
//Probably can delete these once imported WHOConcepts
codesystem &quot;ICD-10&quot;: 'http://hl7.org/fhir/sid/icd-10'</a:s>
            </a:s>
         </annotation>
      </def>
      <def localId="2" locator="6:1-6:48" name="SNOMED-CT" id="http://snomed.info/sct" accessLevel="Public">
         <annotation xsi:type="a:Annotation">
            <a:s r="2">
               <a:s>codesystem &quot;SNOMED-CT&quot;: 'http://snomed.info/sct'</a:s>
            </a:s>
         </annotation>
      </def>
      <def localId="3" locator="7:1-7:38" name="LOINC" id="http://loinc.org" accessLevel="Public">
         <annotation xsi:type="a:Annotation">
            <a:s r="3">
               <a:s>codesystem &quot;LOINC&quot;: 'http://loinc.org'</a:s>
            </a:s>
         </annotation>
      </def>
      <def localId="4" locator="8:1-8:66" name="RxNorm" id="http://www.nlm.nih.gov/research/umls/rxnorm" accessLevel="Public">
         <annotation xsi:type="a:Annotation">
            <a:s r="4">
               <a:s>codesystem &quot;RxNorm&quot;: 'http://www.nlm.nih.gov/research/umls/rxnorm'</a:s>
            </a:s>
         </annotation>
      </def>
      <def localId="5" locator="9:1-9:49" name="CIEL" id="http://hl7.org/fhir/sid/ciel" accessLevel="Public">
         <annotation xsi:type="a:Annotation">
            <a:s r="5">
               <a:s>codesystem &quot;CIEL&quot;: 'http://hl7.org/fhir/sid/ciel'</a:s>
            </a:s>
         </annotation>
      </def>
      <def localId="6" locator="10:1-10:59" name="ICD-11" id="http://id.who.int/icd/release/11/mms" accessLevel="Public">
         <annotation xsi:type="a:Annotation">
            <a:s r="6">
               <a:s>codesystem &quot;ICD-11&quot;: 'http://id.who.int/icd/release/11/mms'</a:s>
            </a:s>
         </annotation>
      </def>
      <def localId="7" locator="11:1-11:50" name="ICF" id="http://hl7.org/fhir/sid/icf-nl" accessLevel="Public">
         <annotation xsi:type="a:Annotation">
            <a:s r="7">
               <a:s>codesystem &quot;ICF&quot;: 'http://hl7.org/fhir/sid/icf-nl'</a:s>
            </a:s>
         </annotation>
      </def>
      <def localId="8" locator="12:1-12:110" name="Extended Codes CodeSystem codes" id="http://fhir.org/guides/who/anc-cds/CodeSystem/anc-custom-codes" accessLevel="Public">
         <annotation xsi:type="a:Annotation">
            <a:s r="8">
               <a:s>codesystem &quot;Extended Codes CodeSystem codes&quot;: 'http://fhir.org/guides/who/anc-cds/CodeSystem/anc-custom-codes'</a:s>
            </a:s>
         </annotation>
      </def>
      <def localId="9" locator="14:1-14:90" name="IMMZConcepts" id="http://smart.who.int/example-workshop/CodeSystem/IMMZConcepts" accessLevel="Public">
         <annotation xsi:type="a:Annotation">
            <a:s r="9">
               <a:s>codesystem &quot;IMMZConcepts&quot;: 'http://smart.who.int/example-workshop/CodeSystem/IMMZConcepts'</a:s>
            </a:s>
         </annotation>
      </def>
   </codeSystems>
   <valueSets>
      <def localId="10" locator="17:1-17:71" name="WHO ATC" id="http://hl7.org/fhir/uv/ips/ValueSet/whoatc-uv-ips" accessLevel="Public">
         <annotation xsi:type="a:Annotation">
            <a:s r="10">
               <a:s>//WHO ATC IPS Valueset
valueset &quot;WHO ATC&quot;: 'http://hl7.org/fhir/uv/ips/ValueSet/whoatc-uv-ips'</a:s>
            </a:s>
         </annotation>
      </def>
      <def localId="11" locator="20:1-20:102" name="Negative Result" id="http://smart.who.int/example-workshop/ValueSet/Negativetestresult-values" accessLevel="Public">
         <annotation xsi:type="a:Annotation">
            <a:s r="11">
               <a:s>// General use ValueSets 
valueset &quot;Negative Result&quot;: 'http://smart.who.int/example-workshop/ValueSet/Negativetestresult-values'</a:s>
            </a:s>
         </annotation>
      </def>
      <def localId="12" locator="21:1-21:102" name="Positive Result" id="http://smart.who.int/example-workshop/ValueSet/PositiveTestResult-values" accessLevel="Public">
         <annotation xsi:type="a:Annotation">
            <a:s r="12">
               <a:s>valueset &quot;Positive Result&quot;: 'http://smart.who.int/example-workshop/ValueSet/PositiveTestResult-values'</a:s>
            </a:s>
         </annotation>
      </def>
      <def localId="13" locator="22:1-22:103" name="Immunocompromised" id="http://smart.who.int/example-workshop/ValueSet/Immunocompromised-values" accessLevel="Public">
         <annotation xsi:type="a:Annotation">
            <a:s r="13">
               <a:s>valueset &quot;Immunocompromised&quot;: 'http://smart.who.int/example-workshop/ValueSet/Immunocompromised-values'</a:s>
            </a:s>
         </annotation>
      </def>
      <def localId="14" locator="23:1-23:112" name="Patient birth weight observation" id="http://smart.who.int/example-workshop/ValueSet/Birthweight-values" accessLevel="Public">
         <annotation xsi:type="a:Annotation">
            <a:s r="14">
               <a:s>valueset &quot;Patient birth weight observation&quot;: 'http://smart.who.int/example-workshop/ValueSet/Birthweight-values'</a:s>
            </a:s>
         </annotation>
      </def>
      <def localId="15" locator="24:1-24:88" name="PretermBirth" id="http://smart.who.int/example-workshop/ValueSet/Preterm-values" accessLevel="Public">
         <annotation xsi:type="a:Annotation">
            <a:s r="15">
               <a:s>valueset &quot;PretermBirth&quot;: 'http://smart.who.int/example-workshop/ValueSet/Preterm-values'</a:s>
            </a:s>
         </annotation>
      </def>
      <def localId="16" locator="25:1-25:100" name="Live Attenuated" id="http://smart.who.int/example-workshop/ValueSet/LiveAttenduatedVaccines" accessLevel="Public">
         <annotation xsi:type="a:Annotation">
            <a:s r="16">
               <a:s>valueset &quot;Live Attenuated&quot;: 'http://smart.who.int/example-workshop/ValueSet/LiveAttenduatedVaccines'</a:s>
            </a:s>
         </annotation>
      </def>
      <def localId="17" locator="29:1-29:88" name="HIV status" id="http://smart.who.int/example-workshop/ValueSet/HIVstatus-values" accessLevel="Public">
         <annotation xsi:type="a:Annotation">
            <a:s r="17">
               <a:s>//valueset &quot;Target Disease&quot;: 'http://hl7.org/fhir/ValueSet/immunization-target-disease'

valueset &quot;HIV status&quot;: 'http://smart.who.int/example-workshop/ValueSet/HIVstatus-values'</a:s>
            </a:s>
         </annotation>
      </def>
      <def localId="18" locator="30:1-30:103" name="HIV status - HIV positive Choices" id="http://fhir.org/guides/who/anc-cds/ValueSet/anc-b9-de46" accessLevel="Public">
         <annotation xsi:type="a:Annotation">
            <a:s r="18">
               <a:s>valueset &quot;HIV status - HIV positive Choices&quot;: 'http://fhir.org/guides/who/anc-cds/ValueSet/anc-b9-de46'</a:s>
            </a:s>
         </annotation>
      </def>
      <def localId="19" locator="31:1-31:103" name="HIV status - HIV negative Choices" id="http://fhir.org/guides/who/anc-cds/ValueSet/anc-b9-de47" accessLevel="Public">
         <annotation xsi:type="a:Annotation">
            <a:s r="19">
               <a:s>valueset &quot;HIV status - HIV negative Choices&quot;: 'http://fhir.org/guides/who/anc-cds/ValueSet/anc-b9-de47'</a:s>
            </a:s>
         </annotation>
      </def>
      <def localId="20" locator="33:1-33:86" name="ARV Drugs" id="http://smart.who.int/example-workshop/ValueSet/ARVDrugs-values" accessLevel="Public">
         <annotation xsi:type="a:Annotation">
            <a:s r="20">
               <a:s>valueset &quot;ARV Drugs&quot;: 'http://smart.who.int/example-workshop/ValueSet/ARVDrugs-values'</a:s>
            </a:s>
         </annotation>
      </def>
      <def localId="21" locator="37:1-37:83" name="MCV Vaccine" id="http://smart.who.int/example-workshop/ValueSet/IMMZ.Z.DE9" accessLevel="Public">
         <annotation xsi:type="a:Annotation">
            <a:s r="21">
               <a:s>// Vaccine Value Sets

valueset &quot;MCV Vaccine&quot;: 'http://smart.who.int/example-workshop/ValueSet/IMMZ.Z.DE9'</a:s>
            </a:s>
         </annotation>
      </def>
      <def localId="22" locator="40:1-40:83" name="BCG Vaccine" id="http://smart.who.int/example-workshop/ValueSet/IMMZ.Z.DE1" accessLevel="Public">
         <annotation xsi:type="a:Annotation">
            <a:s r="22">
               <a:s>// Plugin is complaining about not finding these so that should be resolved, but here until it can be fixed
valueset &quot;BCG Vaccine&quot;: 'http://smart.who.int/example-workshop/ValueSet/IMMZ.Z.DE1'</a:s>
            </a:s>
         </annotation>
      </def>
      <def localId="23" locator="41:1-41:87" name="Cholera Vaccine" id="http://smart.who.int/example-workshop/ValueSet/IMMZ.Z.DE2" accessLevel="Public">
         <annotation xsi:type="a:Annotation">
            <a:s r="23">
               <a:s>valueset &quot;Cholera Vaccine&quot;: 'http://smart.who.int/example-workshop/ValueSet/IMMZ.Z.DE2'</a:s>
            </a:s>
         </annotation>
      </def>
   </valueSets>
   <codes>
      <def localId="25" locator="43:1-43:90" name="Adverse Event Severity" id="246112005" display="Severity (attribute)" accessLevel="Public">
         <annotation xsi:type="a:Annotation">
            <a:s r="25">
               <a:s>code &quot;Adverse Event Severity&quot;: '246112005' from </a:s>
               <a:s r="24">
                  <a:s>&quot;SNOMED-CT&quot;</a:s>
               </a:s>
               <a:s> display 'Severity (attribute)'</a:s>
            </a:s>
         </annotation>
         <codeSystem localId="24" locator="43:49-43:59" name="SNOMED-CT"/>
      </def>
      <def localId="27" locator="44:1-44:95" name="Adverse Event Manifestation" id="246112005" display="Severity (attribute)" accessLevel="Public">
         <annotation xsi:type="a:Annotation">
            <a:s r="27">
               <a:s>code &quot;Adverse Event Manifestation&quot;: '246112005' from </a:s>
               <a:s r="26">
                  <a:s>&quot;SNOMED-CT&quot;</a:s>
               </a:s>
               <a:s> display 'Severity (attribute)'</a:s>
            </a:s>
         </annotation>
         <codeSystem localId="26" locator="44:54-44:64" name="SNOMED-CT"/>
      </def>
      <def localId="29" locator="46:1-46:104" name="Potential contraindications" id="D4.DE161" display="Potential contraindications" accessLevel="Public">
         <annotation xsi:type="a:Annotation">
            <a:s r="29">
               <a:s>code &quot;Potential contraindications&quot;: 'D4.DE161' from </a:s>
               <a:s r="28">
                  <a:s>&quot;IMMZConcepts&quot;</a:s>
               </a:s>
               <a:s> display 'Potential contraindications'</a:s>
            </a:s>
         </annotation>
         <codeSystem localId="28" locator="46:53-46:66" name="IMMZConcepts"/>
      </def>
      <def localId="31" locator="47:1-47:86" name="Currently pregnant" id="D4.DE162" display="Currently pregnant" accessLevel="Public">
         <annotation xsi:type="a:Annotation">
            <a:s r="31">
               <a:s>code &quot;Currently pregnant&quot;: 'D4.DE162' from </a:s>
               <a:s r="30">
                  <a:s>&quot;IMMZConcepts&quot;</a:s>
               </a:s>
               <a:s> display 'Currently pregnant'</a:s>
            </a:s>
         </annotation>
         <codeSystem localId="30" locator="47:44-47:57" name="IMMZConcepts"/>
      </def>
      <def localId="33" locator="48:1-48:100" name="Severely immunosuppressed" id="D4.DE165" display="Severely immunosuppressed" accessLevel="Public">
         <annotation xsi:type="a:Annotation">
            <a:s r="33">
               <a:s>code &quot;Severely immunosuppressed&quot;: 'D4.DE165' from </a:s>
               <a:s r="32">
                  <a:s>&quot;IMMZConcepts&quot;</a:s>
               </a:s>
               <a:s> display 'Severely immunosuppressed'</a:s>
            </a:s>
         </annotation>
         <codeSystem localId="32" locator="48:51-48:64" name="IMMZConcepts"/>
      </def>
      <def localId="35" locator="49:1-49:116" name="History of anaphylactic reactions" id="D4.DE166" display="History of anaphylactic reactions" accessLevel="Public">
         <annotation xsi:type="a:Annotation">
            <a:s r="35">
               <a:s>code &quot;History of anaphylactic reactions&quot;: 'D4.DE166' from </a:s>
               <a:s r="34">
                  <a:s>&quot;IMMZConcepts&quot;</a:s>
               </a:s>
               <a:s> display 'History of anaphylactic reactions'</a:s>
            </a:s>
         </annotation>
         <codeSystem localId="34" locator="49:59-49:72" name="IMMZConcepts"/>
      </def>
      <def localId="37" locator="50:1-50:100" name="Severe allergic reactions" id="D4.DE167" display="Severe allergic reactions" accessLevel="Public">
         <annotation xsi:type="a:Annotation">
            <a:s r="37">
               <a:s>code &quot;Severe allergic reactions&quot;: 'D4.DE167' from </a:s>
               <a:s r="36">
                  <a:s>&quot;IMMZConcepts&quot;</a:s>
               </a:s>
               <a:s> display 'Severe allergic reactions'</a:s>
            </a:s>
         </annotation>
         <codeSystem localId="36" locator="50:51-50:64" name="IMMZConcepts"/>
      </def>
      <def localId="39" locator="51:1-51:100" name="Symptomatic HIV infection" id="D4.DE168" display="Symptomatic HIV infection" accessLevel="Public">
         <annotation xsi:type="a:Annotation">
            <a:s r="39">
               <a:s>code &quot;Symptomatic HIV infection&quot;: 'D4.DE168' from </a:s>
               <a:s r="38">
                  <a:s>&quot;IMMZConcepts&quot;</a:s>
               </a:s>
               <a:s> display 'Symptomatic HIV infection'</a:s>
            </a:s>
         </annotation>
         <codeSystem localId="38" locator="51:51-51:64" name="IMMZConcepts"/>
      </def>
      <def localId="41" locator="53:1-53:75" name="[#] Births total" id="11640-0" display="Pregnancy outcome" accessLevel="Public">
         <annotation xsi:type="a:Annotation">
            <a:s r="41">
               <a:s>code &quot;[#] Births total&quot;: '11640-0' from </a:s>
               <a:s r="40">
                  <a:s>&quot;LOINC&quot;</a:s>
               </a:s>
               <a:s> display 'Pregnancy outcome'</a:s>
            </a:s>
         </annotation>
         <codeSystem localId="40" locator="53:41-53:47" name="LOINC"/>
      </def>
      <def localId="43" locator="54:1-54:67" name="[#] Births.preterm" id="11637-6" display="Preterm" accessLevel="Public">
         <annotation xsi:type="a:Annotation">
            <a:s r="43">
               <a:s>code &quot;[#] Births.preterm&quot;: '11637-6' from </a:s>
               <a:s r="42">
                  <a:s>&quot;LOINC&quot;</a:s>
               </a:s>
               <a:s> display 'Preterm'</a:s>
            </a:s>
         </annotation>
         <codeSystem localId="42" locator="54:43-54:49" name="LOINC"/>
      </def>
   </codes>
</library>
