<?xml version="1.0" encoding="UTF-8"?>
<library xmlns="urn:hl7-org:elm:r1" xmlns:t="urn:hl7-org:elm-types:r1" xmlns:xsi="http://www.w3.org/2001/XMLSchema-instance" xmlns:xsd="http://www.w3.org/2001/XMLSchema" xmlns:fhir="http://hl7.org/fhir" xmlns:qdm43="urn:healthit-gov:qdm:v4_3" xmlns:qdm53="urn:healthit-gov:qdm:v5_3" xmlns:a="urn:hl7-org:cql-annotations:r1">
   <annotation translatorOptions="EnableAnnotations,EnableLocators,DisableListDemotion,DisableListPromotion" signatureLevel="Overloads" xsi:type="a:CqlToElmInfo"/>
   <annotation xsi:type="a:Annotation">
      <a:t name="DecisionID" value="IMMZ.D2.DT.Measles.Supplementary dose"/>
      <a:t name="BusinessRule" value="Determine if the client is due for a measles vaccination according to the national immunization schedule"/>
      <a:t name="Trigger" value="IMMZ.D2 Determine required vaccination(s) if any"/>
      <a:t name="Description" value="Measles supplementary dose administration"/>
      <a:s r="56">
         <a:s>/*
@DecisionID: IMMZ.D2.DT.Measles.Supplementary dose
@BusinessRule: Determine if the client is due for a measles vaccination according to the national immunization schedule
@Trigger: IMMZ.D2 Determine required vaccination(s) if any
@Description: Measles supplementary dose administration
*/
library IMMZD2DTMeaslesSupplementaryLogic</a:s>
      </a:s>
   </annotation>
   <identifier id="IMMZD2DTMeaslesSupplementaryLogic" system="http://smart.who.int/example-workshop"/>
   <schemaIdentifier id="urn:hl7-org:elm" version="r1"/>
   <usings>
      <def localIdentifier="System" uri="urn:hl7-org:elm-types:r1"/>
      <def localId="1" locator="9:1-9:26" localIdentifier="FHIR" uri="http://hl7.org/fhir" version="4.0.1">
         <annotation xsi:type="a:Annotation">
            <a:s r="1">
               <a:s>using </a:s>
               <a:s>
                  <a:s>FHIR</a:s>
               </a:s>
               <a:s> version '4.0.1'</a:s>
            </a:s>
         </annotation>
      </def>
   </usings>
   <includes>
      <def localId="2" locator="11:1-11:35" localIdentifier="FHIRHelpers" path="http://hl7.org/fhir/FHIRHelpers" version="4.0.1">
         <annotation xsi:type="a:Annotation">
            <a:s r="2">
               <a:s>include </a:s>
               <a:s>
                  <a:s>FHIRHelpers</a:s>
               </a:s>
               <a:s> version '4.0.1'</a:s>
            </a:s>
         </annotation>
      </def>
      <def localId="3" locator="13:1-13:27" localIdentifier="WC" path="http://smart.who.int/example-workshop/WHOCommon">
         <annotation xsi:type="a:Annotation">
            <a:s r="3">
               <a:s>include </a:s>
               <a:s>
                  <a:s>WHOCommon</a:s>
               </a:s>
               <a:s> called WC</a:s>
            </a:s>
         </annotation>
      </def>
      <def localId="4" locator="14:1-14:41" localIdentifier="Logic" path="http://smart.who.int/example-workshop/IMMZD2DTMeaslesLogic">
         <annotation xsi:type="a:Annotation">
            <a:s r="4">
               <a:s>include </a:s>
               <a:s>
                  <a:s>IMMZD2DTMeaslesLogic</a:s>
               </a:s>
               <a:s> called Logic</a:s>
            </a:s>
         </annotation>
      </def>
   </includes>
   <parameters>
      <def localId="6" locator="16:1-16:31" name="Today" accessLevel="Public">
         <annotation xsi:type="a:Annotation">
            <a:s r="6">
               <a:s>parameter Today default </a:s>
               <a:s r="5">
                  <a:s>Today()</a:s>
               </a:s>
            </a:s>
         </annotation>
         <default localId="5" locator="16:25-16:31" xsi:type="Today"/>
      </def>
   </parameters>
   <contexts>
      <def locator="18:1-18:15" name="Patient"/>
   </contexts>
   <statements>
      <def locator="18:1-18:15" name="Patient" context="Patient">
         <expression xsi:type="SingletonFrom">
            <operand locator="18:1-18:15" dataType="fhir:Patient" templateId="http://hl7.org/fhir/StructureDefinition/Patient" xsi:type="Retrieve"/>
         </expression>
      </def>
      <def localId="11" locator="24:1-25:58" name="Measles Routine Immunization Schedule Complete" context="Patient" accessLevel="Public">
         <annotation xsi:type="a:Annotation">
            <a:s r="11">
               <a:s>/*
PlanDefinition Applicability Expressions
*/

define &quot;Measles Routine Immunization Schedule Complete&quot;:
  </a:s>
               <a:s r="10">
                  <a:s r="8">
                     <a:s r="7">
                        <a:s>Logic</a:s>
                     </a:s>
                     <a:s>.</a:s>
                     <a:s r="8">
                        <a:s>&quot;Number Of Primary Series Doses Administered&quot;</a:s>
                     </a:s>
                  </a:s>
                  <a:s r="9"> >= 2</a:s>
               </a:s>
            </a:s>
         </annotation>
         <expression localId="10" locator="25:3-25:58" xsi:type="GreaterOrEqual">
            <signature name="t:Integer" xsi:type="NamedTypeSpecifier"/>
            <signature name="t:Integer" xsi:type="NamedTypeSpecifier"/>
            <operand localId="8" locator="25:3-25:53" name="Number Of Primary Series Doses Administered" libraryName="Logic" xsi:type="ExpressionRef"/>
            <operand localId="9" locator="25:58" valueType="t:Integer" value="2" xsi:type="Literal"/>
         </expression>
      </def>
      <def localId="16" locator="27:1-28:56" name="No Supplementary Dose Administered" context="Patient" accessLevel="Public">
         <annotation xsi:type="a:Annotation">
            <a:s r="16">
               <a:s>define &quot;No Supplementary Dose Administered&quot;:
  </a:s>
               <a:s r="15">
                  <a:s r="13">
                     <a:s r="12">
                        <a:s>Logic</a:s>
                     </a:s>
                     <a:s>.</a:s>
                     <a:s r="13">
                        <a:s>&quot;Number Of Supplementary Doses Administered&quot;</a:s>
                     </a:s>
                  </a:s>
                  <a:s r="14"> = 0</a:s>
               </a:s>
            </a:s>
         </annotation>
         <expression localId="15" locator="28:3-28:56" xsi:type="Equal">
            <signature name="t:Integer" xsi:type="NamedTypeSpecifier"/>
            <signature name="t:Integer" xsi:type="NamedTypeSpecifier"/>
            <operand localId="13" locator="28:3-28:52" name="Number Of Supplementary Doses Administered" libraryName="Logic" xsi:type="ExpressionRef"/>
            <operand localId="14" locator="28:56" valueType="t:Integer" value="0" xsi:type="Literal"/>
         </expression>
      </def>
      <def localId="21" locator="30:1-31:56" name="Supplementary Dose Administered" context="Patient" accessLevel="Public">
         <annotation xsi:type="a:Annotation">
            <a:s r="21">
               <a:s>define &quot;Supplementary Dose Administered&quot;:
  </a:s>
               <a:s r="20">
                  <a:s r="18">
                     <a:s r="17">
                        <a:s>Logic</a:s>
                     </a:s>
                     <a:s>.</a:s>
                     <a:s r="18">
                        <a:s>&quot;Number Of Supplementary Doses Administered&quot;</a:s>
                     </a:s>
                  </a:s>
                  <a:s r="19"> = 1</a:s>
               </a:s>
            </a:s>
         </annotation>
         <expression localId="20" locator="31:3-31:56" xsi:type="Equal">
            <signature name="t:Integer" xsi:type="NamedTypeSpecifier"/>
            <signature name="t:Integer" xsi:type="NamedTypeSpecifier"/>
            <operand localId="18" locator="31:3-31:52" name="Number Of Supplementary Doses Administered" libraryName="Logic" xsi:type="ExpressionRef"/>
            <operand localId="19" locator="31:56" valueType="t:Integer" value="1" xsi:type="Literal"/>
         </expression>
      </def>
      <def localId="28" locator="33:1-34:74" name="Last Live Vaccine Administered Within 4 Weeks" context="Patient" accessLevel="Public">
         <annotation xsi:type="a:Annotation">
            <a:s r="28">
               <a:s>define &quot;Last Live Vaccine Administered Within 4 Weeks&quot;:
  </a:s>
               <a:s r="27">
                  <a:s r="25">
                     <a:s r="23">
                        <a:s r="22">
                           <a:s>Logic</a:s>
                        </a:s>
                        <a:s>.</a:s>
                        <a:s r="23">
                           <a:s>&quot;Date Last Live Vaccine Administered&quot;</a:s>
                        </a:s>
                     </a:s>
                     <a:s> + </a:s>
                     <a:s r="24">
                        <a:s>4 weeks</a:s>
                     </a:s>
                  </a:s>
                  <a:s r="27"> on or before </a:s>
                  <a:s r="26">
                     <a:s>Today</a:s>
                  </a:s>
               </a:s>
            </a:s>
         </annotation>
         <expression localId="27" locator="34:3-34:74" xsi:type="SameOrBefore">
            <signature name="t:Date" xsi:type="NamedTypeSpecifier"/>
            <signature name="t:Date" xsi:type="NamedTypeSpecifier"/>
            <operand localId="25" locator="34:3-34:55" xsi:type="Add">
               <signature name="t:Date" xsi:type="NamedTypeSpecifier"/>
               <signature name="t:Quantity" xsi:type="NamedTypeSpecifier"/>
               <operand localId="23" locator="34:3-34:45" name="Date Last Live Vaccine Administered" libraryName="Logic" xsi:type="ExpressionRef"/>
               <operand localId="24" locator="34:49-34:55" value="4" unit="weeks" xsi:type="Quantity"/>
            </operand>
            <operand localId="26" locator="34:70-34:74" name="Today" xsi:type="ParameterRef"/>
         </expression>
      </def>
      <def localId="33" locator="45:1-46:7" name="Patient Is HIV-infected And Immune Reconstitution Has Been Achieved Or 6 To 12 Months Have Passed Since HAART Initiation" context="Patient" accessLevel="Public">
         <annotation xsi:type="a:Annotation">
            <a:s r="33">
               <a:s r="32">/*
Supporting Logic
*/

// TODO: Define these
define &quot;Patient Is HIV-infected And Immune Reconstitution Has Been Achieved Or 6 To 12 Months Have Passed Since HAART Initiation&quot;:
  false</a:s>
            </a:s>
         </annotation>
         <expression localId="32" locator="46:3-46:7" valueType="t:Boolean" value="false" xsi:type="Literal"/>
      </def>
      <def localId="39" locator="48:1-53:14" name="MCV Supplementary Dose Status" context="Patient" accessLevel="Public">
         <annotation xsi:type="a:Annotation">
            <a:s r="39">
               <a:s>define &quot;MCV Supplementary Dose Status&quot;:
  </a:s>
               <a:s r="38">
                  <a:s>if </a:s>
                  <a:s r="35">
                     <a:s r="31">
                        <a:s r="29">
                           <a:s>&quot;No Supplementary Dose Administered&quot;</a:s>
                        </a:s>
                        <a:s> and </a:s>
                        <a:s r="30">
                           <a:s>&quot;Measles Routine Immunization Schedule Complete&quot;</a:s>
                        </a:s>
                     </a:s>
                     <a:s>
    and </a:s>
                     <a:s r="34">
                        <a:s>&quot;Patient Is HIV-infected And Immune Reconstitution Has Been Achieved Or 6 To 12 Months Have Passed Since HAART Initiation&quot;</a:s>
                     </a:s>
                  </a:s>
                  <a:s> then
    </a:s>
                  <a:s r="36">
                     <a:s>'Eligible'</a:s>
                  </a:s>
                  <a:s>
  else
    </a:s>
                  <a:s r="37">
                     <a:s>'Complete'</a:s>
                  </a:s>
               </a:s>
            </a:s>
         </annotation>
         <expression localId="38" locator="49:3-53:14" xsi:type="If">
            <condition localId="35" locator="49:6-50:130" xsi:type="And">
               <operand localId="31" locator="49:6-49:94" xsi:type="And">
                  <operand localId="29" locator="49:6-49:41" name="No Supplementary Dose Administered" xsi:type="ExpressionRef"/>
                  <operand localId="30" locator="49:47-49:94" name="Measles Routine Immunization Schedule Complete" xsi:type="ExpressionRef"/>
               </operand>
               <operand localId="34" locator="50:9-50:130" name="Patient Is HIV-infected And Immune Reconstitution Has Been Achieved Or 6 To 12 Months Have Passed Since HAART Initiation" xsi:type="ExpressionRef"/>
            </condition>
            <then localId="36" locator="51:5-51:14" valueType="t:String" value="Eligible" xsi:type="Literal"/>
            <else localId="37" locator="53:5-53:14" valueType="t:String" value="Complete" xsi:type="Literal"/>
         </expression>
      </def>
      <def localId="56" locator="61:1-68:8" name="MCV Supplementary Dose Due Date" context="Patient" accessLevel="Public">
         <annotation xsi:type="a:Annotation">
            <a:s r="56">
               <a:s>define &quot;MCV Supplementary Dose Due Date&quot;:
  </a:s>
               <a:s r="55">
                  <a:s>if </a:s>
                  <a:s r="45">
                     <a:s r="43">
                        <a:s>&quot;MCV Supplementary Dose Status&quot;</a:s>
                     </a:s>
                     <a:s> = </a:s>
                     <a:s r="44">
                        <a:s>'Eligible'</a:s>
                     </a:s>
                  </a:s>
                  <a:s> then
    </a:s>
                  <a:s r="53">
                     <a:s r="46">
                        <a:s>WC</a:s>
                     </a:s>
                     <a:s>.</a:s>
                     <a:s r="53">
                        <a:s>LatestOf(</a:s>
                        <a:s r="52">
                           <a:s>{
        </a:s>
                           <a:s r="50">
                              <a:s r="48">
                                 <a:s r="47">
                                    <a:s>Logic</a:s>
                                 </a:s>
                                 <a:s>.</a:s>
                                 <a:s r="48">
                                    <a:s>&quot;Date Last Live Vaccine Administered&quot;</a:s>
                                 </a:s>
                              </a:s>
                              <a:s> + </a:s>
                              <a:s r="49">
                                 <a:s>4 weeks</a:s>
                              </a:s>
                           </a:s>
                           <a:s>,
        </a:s>
                           <a:s r="51">
                              <a:s>Today</a:s>
                           </a:s>
                           <a:s>
    }</a:s>
                        </a:s>
                        <a:s>)</a:s>
                     </a:s>
                  </a:s>
                  <a:s r="54">
  else
    null</a:s>
               </a:s>
            </a:s>
         </annotation>
         <expression localId="55" locator="62:3-68:8" xsi:type="If">
            <condition localId="45" locator="62:6-62:49" xsi:type="Equal">
               <signature name="t:String" xsi:type="NamedTypeSpecifier"/>
               <signature name="t:String" xsi:type="NamedTypeSpecifier"/>
               <operand localId="43" locator="62:6-62:36" name="MCV Supplementary Dose Status" xsi:type="ExpressionRef"/>
               <operand localId="44" locator="62:40-62:49" valueType="t:String" value="Eligible" xsi:type="Literal"/>
            </condition>
            <then localId="53" locator="63:5-66:6" name="LatestOf" libraryName="WC" xsi:type="FunctionRef">
               <operand localId="52" locator="63:17-66:5" xsi:type="List">
                  <element localId="50" locator="64:9-64:61" xsi:type="Add">
                     <signature name="t:Date" xsi:type="NamedTypeSpecifier"/>
                     <signature name="t:Quantity" xsi:type="NamedTypeSpecifier"/>
                     <operand localId="48" locator="64:9-64:51" name="Date Last Live Vaccine Administered" libraryName="Logic" xsi:type="ExpressionRef"/>
                     <operand localId="49" locator="64:55-64:61" value="4" unit="weeks" xsi:type="Quantity"/>
                  </element>
                  <element localId="51" locator="65:9-65:13" name="Today" xsi:type="ParameterRef"/>
               </operand>
            </then>
            <else asType="t:Date" xsi:type="As">
               <operand localId="54" locator="68:5-68:8" xsi:type="Null"/>
            </else>
         </expression>
      </def>
      <def localId="61" locator="36:1-38:60" name="Client Is Due For MCV Supplementary Dose" context="Patient" accessLevel="Public">
         <annotation xsi:type="a:Annotation">
            <a:s r="61">
               <a:s>define &quot;Client Is Due For MCV Supplementary Dose&quot;:
  </a:s>
               <a:s r="60">
                  <a:s r="42">
                     <a:s r="40">
                        <a:s>&quot;MCV Supplementary Dose Status&quot;</a:s>
                     </a:s>
                     <a:s> = </a:s>
                     <a:s r="41">
                        <a:s>'Eligible'</a:s>
                     </a:s>
                  </a:s>
                  <a:s>
    and </a:s>
                  <a:s r="59">
                     <a:s r="57">
                        <a:s>&quot;MCV Supplementary Dose Due Date&quot;</a:s>
                     </a:s>
                     <a:s r="59"> on or before </a:s>
                     <a:s r="58">
                        <a:s>Today</a:s>
                     </a:s>
                  </a:s>
               </a:s>
            </a:s>
         </annotation>
         <expression localId="60" locator="37:3-38:60" xsi:type="And">
            <operand localId="42" locator="37:3-37:46" xsi:type="Equal">
               <signature name="t:String" xsi:type="NamedTypeSpecifier"/>
               <signature name="t:String" xsi:type="NamedTypeSpecifier"/>
               <operand localId="40" locator="37:3-37:33" name="MCV Supplementary Dose Status" xsi:type="ExpressionRef"/>
               <operand localId="41" locator="37:37-37:46" valueType="t:String" value="Eligible" xsi:type="Literal"/>
            </operand>
            <operand localId="59" locator="38:9-38:60" xsi:type="SameOrBefore">
               <signature name="t:Date" xsi:type="NamedTypeSpecifier"/>
               <signature name="t:Date" xsi:type="NamedTypeSpecifier"/>
               <operand localId="57" locator="38:9-38:41" name="MCV Supplementary Dose Due Date" xsi:type="ExpressionRef"/>
               <operand localId="58" locator="38:56-38:60" name="Today" xsi:type="ParameterRef"/>
            </operand>
         </expression>
      </def>
      <def localId="65" locator="55:1-56:14" name="MCV Supplementary Schedule Date" context="Patient" accessLevel="Public">
         <annotation xsi:type="a:Annotation">
            <a:s r="65">
               <a:s>define &quot;MCV Supplementary Schedule Date&quot;:
  </a:s>
               <a:s r="64">
                  <a:s r="62">null as </a:s>
                  <a:s r="63">
                     <a:s>Date</a:s>
                  </a:s>
               </a:s>
            </a:s>
         </annotation>
         <expression localId="64" locator="56:3-56:14" strict="false" xsi:type="As">
            <operand localId="62" locator="56:3-56:6" xsi:type="Null"/>
            <asTypeSpecifier localId="63" locator="56:11-56:14" name="t:Date" xsi:type="NamedTypeSpecifier"/>
         </expression>
      </def>
      <def localId="69" locator="58:1-59:14" name="MCV Supplementary Expiration Date" context="Patient" accessLevel="Public">
         <annotation xsi:type="a:Annotation">
            <a:s r="69">
               <a:s>define &quot;MCV Supplementary Expiration Date&quot;:
  </a:s>
               <a:s r="68">
                  <a:s r="66">null as </a:s>
                  <a:s r="67">
                     <a:s>Date</a:s>
                  </a:s>
               </a:s>
            </a:s>
         </annotation>
         <expression localId="68" locator="59:3-59:14" strict="false" xsi:type="As">
            <operand localId="66" locator="59:3-59:6" xsi:type="Null"/>
            <asTypeSpecifier localId="67" locator="59:11-59:14" name="t:Date" xsi:type="NamedTypeSpecifier"/>
         </expression>
      </def>
   </statements>
</library>
