<?xml version="1.0" encoding="UTF-8"?>
<library xmlns="urn:hl7-org:elm:r1" xmlns:t="urn:hl7-org:elm-types:r1" xmlns:xsi="http://www.w3.org/2001/XMLSchema-instance" xmlns:xsd="http://www.w3.org/2001/XMLSchema" xmlns:fhir="http://hl7.org/fhir" xmlns:qdm43="urn:healthit-gov:qdm:v4_3" xmlns:qdm53="urn:healthit-gov:qdm:v5_3" xmlns:a="urn:hl7-org:cql-annotations:r1">
   <annotation translatorOptions="EnableAnnotations,EnableLocators,DisableListDemotion,DisableListPromotion" signatureLevel="Overloads" xsi:type="a:CqlToElmInfo"/>
   <annotation xsi:type="a:Annotation">
      <a:s r="13">
         <a:s>library IMMZVaccineLibrary</a:s>
      </a:s>
   </annotation>
   <identifier id="IMMZVaccineLibrary" system="http://smart.who.int/example-workshop"/>
   <schemaIdentifier id="urn:hl7-org:elm" version="r1"/>
   <usings>
      <def localIdentifier="System" uri="urn:hl7-org:elm-types:r1"/>
      <def localId="1" locator="3:1-3:26" localIdentifier="FHIR" uri="http://hl7.org/fhir" version="4.0.1">
         <annotation xsi:type="a:Annotation">
            <a:s r="1">
               <a:s>using </a:s>
               <a:s>
                  <a:s>FHIR</a:s>
               </a:s>
               <a:s> version '4.0.1'</a:s>
            </a:s>
         </annotation>
      </def>
   </usings>
   <includes>
      <def localId="2" locator="5:1-5:35" localIdentifier="FHIRHelpers" path="http://hl7.org/fhir/FHIRHelpers" version="4.0.1">
         <annotation xsi:type="a:Annotation">
            <a:s r="2">
               <a:s>include </a:s>
               <a:s>
                  <a:s>FHIRHelpers</a:s>
               </a:s>
               <a:s> version '4.0.1'</a:s>
            </a:s>
         </annotation>
      </def>
      <def localId="3" locator="6:1-6:44" localIdentifier="FC" path="http://fhir.org/guides/cqf/common/FHIRCommon">
         <annotation xsi:type="a:Annotation">
            <a:s r="3">
               <a:s>include </a:s>
               <a:s>
                  <a:s>fhir.cqf.common.FHIRCommon</a:s>
               </a:s>
               <a:s> called FC</a:s>
            </a:s>
         </annotation>
      </def>
      <def localId="4" locator="8:1-8:29" localIdentifier="WCom" path="http://smart.who.int/example-workshop/WHOCommon">
         <annotation xsi:type="a:Annotation">
            <a:s r="4">
               <a:s>include </a:s>
               <a:s>
                  <a:s>WHOCommon</a:s>
               </a:s>
               <a:s> called WCom</a:s>
            </a:s>
         </annotation>
      </def>
      <def localId="5" locator="9:1-9:31" localIdentifier="Wcon" path="http://smart.who.int/example-workshop/WHOConcepts">
         <annotation xsi:type="a:Annotation">
            <a:s r="5">
               <a:s>include </a:s>
               <a:s>
                  <a:s>WHOConcepts</a:s>
               </a:s>
               <a:s> called Wcon</a:s>
            </a:s>
         </annotation>
      </def>
      <def localId="6" locator="10:1-10:33" localIdentifier="IMMZc" path="http://smart.who.int/example-workshop/IMMZConcepts">
         <annotation xsi:type="a:Annotation">
            <a:s r="6">
               <a:s>include </a:s>
               <a:s>
                  <a:s>IMMZConcepts</a:s>
               </a:s>
               <a:s> called IMMZc</a:s>
            </a:s>
         </annotation>
      </def>
      <def localId="7" locator="11:1-11:33" localIdentifier="IMMZcom" path="http://smart.who.int/example-workshop/IMMZCommon">
         <annotation xsi:type="a:Annotation">
            <a:s r="7">
               <a:s>include </a:s>
               <a:s>
                  <a:s>IMMZCommon</a:s>
               </a:s>
               <a:s> called IMMZcom</a:s>
            </a:s>
         </annotation>
      </def>
   </includes>
   <statements>
      <def localId="9" locator="13:1-14:16" name="Get Medication" context="Unfiltered" accessLevel="Public">
         <annotation xsi:type="a:Annotation">
            <a:s r="9">
               <a:s>define &quot;Get Medication&quot;:
    </a:s>
               <a:s r="8">
                  <a:s>[Medication]</a:s>
               </a:s>
            </a:s>
         </annotation>
         <expression localId="8" locator="14:5-14:16" dataType="fhir:Medication" templateId="http://hl7.org/fhir/StructureDefinition/Medication" xsi:type="Retrieve"/>
      </def>
      <def localId="11" locator="16:1-17:43" name="BCG Vaccine Codes" context="Unfiltered" accessLevel="Public">
         <annotation xsi:type="a:Annotation">
            <a:s r="11">
               <a:s>define &quot;BCG Vaccine Codes&quot;:
  </a:s>
               <a:s r="10">
                  <a:s>[Medication: </a:s>
                  <a:s>
                     <a:s>code</a:s>
                  </a:s>
                  <a:s> in </a:s>
                  <a:s>
                     <a:s>IMMZc.&quot;BCG Vaccine&quot;</a:s>
                  </a:s>
                  <a:s>]</a:s>
               </a:s>
            </a:s>
         </annotation>
         <expression localId="10" locator="17:3-17:43" dataType="fhir:Medication" templateId="http://hl7.org/fhir/StructureDefinition/Medication" codeProperty="code" codeComparator="in" xsi:type="Retrieve">
            <codes locator="17:24-17:42" name="BCG Vaccine" libraryName="IMMZc" xsi:type="ValueSetRef"/>
         </expression>
      </def>
      <def localId="13" locator="25:1-26:47" name="Cholera Vaccine Codes" context="Unfiltered" accessLevel="Public">
         <annotation xsi:type="a:Annotation">
            <a:s r="13">
               <a:s>/*check BCG Vaccine code valueset generated from DataDictionary Library in order to confirm that the that any of those codes exist in a Medication Resources
    1. check for Medication Resource
    2. Check if Medication Resource has BCG Vaccine code from list
    3. Import that code into ActivityDefinition as defined by dynamicValue
    */
define &quot;Cholera Vaccine Codes&quot;:
  </a:s>
               <a:s r="12">
                  <a:s>[Medication: </a:s>
                  <a:s>
                     <a:s>code</a:s>
                  </a:s>
                  <a:s> in </a:s>
                  <a:s>
                     <a:s>IMMZc.&quot;Cholera Vaccine&quot;</a:s>
                  </a:s>
                  <a:s>]</a:s>
               </a:s>
            </a:s>
         </annotation>
         <expression localId="12" locator="26:3-26:47" dataType="fhir:Medication" templateId="http://hl7.org/fhir/StructureDefinition/Medication" codeProperty="code" codeComparator="in" xsi:type="Retrieve">
            <codes locator="26:24-26:46" name="Cholera Vaccine" libraryName="IMMZc" xsi:type="ValueSetRef"/>
         </expression>
      </def>
   </statements>
</library>
