<?xml version="1.0" encoding="UTF-8"?>

<ValueSet xmlns="http://hl7.org/fhir">
  <id value="IMMZ.D1.DE10"/>
  <meta>
    <profile value="http://hl7.org/fhir/uv/crmi/StructureDefinition/crmi-shareablevalueset"/>
    <profile value="http://hl7.org/fhir/uv/crmi/StructureDefinition/crmi-publishablevalueset"/>
    <profile value="http://hl7.org/fhir/uv/crmi/StructureDefinition/crmi-computablevalueset"/>
  </meta>
  <text>
    <status value="extensions"/><div xmlns="http://www.w3.org/1999/xhtml"><p class="res-header-id"><b>Generated Narrative: ValueSet IMMZ.D1.DE10</b></p><a name="IMMZ.D1.DE10"> </a><a name="hcIMMZ.D1.DE10"> </a><a name="IMMZ.D1.DE10-en-US"> </a><ul><li>Include these codes as defined in <a href="CodeSystem-IMMZConcepts.html"><code>http://smart.who.int/example-workshop/CodeSystem/IMMZConcepts</code></a><table class="none"><tr><td style="white-space:nowrap"><b>Code</b></td><td><b>Display</b></td><td><b>Definition</b></td></tr><tr><td><a href="CodeSystem-IMMZConcepts.html#IMMZConcepts-D1.46DE11">D1.DE11</a></td><td>HIV-positive</td><td>The client is known to be HIV positive</td></tr><tr><td><a href="CodeSystem-IMMZConcepts.html#IMMZConcepts-D1.46DE12">D1.DE12</a></td><td>HIV-negative</td><td>The client is known to be HIV negative</td></tr><tr><td><a href="CodeSystem-IMMZConcepts.html#IMMZConcepts-D1.46DE13">D1.DE13</a></td><td>Unknown</td><td>The client's HIV status is unknown</td></tr></table></li></ul></div>
  </text>
  <url value="http://smart.who.int/example-workshop/ValueSet/IMMZ.D1.DE10"/>
  <version value="0.1.0"/>
  <name value="IMMZ_D1_DE10"/>
  <title value="IMMZ.D1.DE10 ValueSet for HIV Status"/>
  <status value="active"/>
  <experimental value="true"/>
  <date value="2024-12-02T20:23:06+00:00"/>
  <publisher value="WHO"/>
  <contact>
    <name value="WHO"/>
    <telecom>
      <system value="url"/>
      <value value="http://who.int"/>
    </telecom>
  </contact>
  <description value="ValueSet for HIV Status for IMMZ.D1.DE10."/>
  <compose>
    <include>
      <system value="http://smart.who.int/example-workshop/CodeSystem/IMMZConcepts"/>
      <concept>
        <code value="D1.DE11"/>
        <display value="HIV-positive"/>
      </concept>
      <concept>
        <code value="D1.DE12"/>
        <display value="HIV-negative"/>
      </concept>
      <concept>
        <code value="D1.DE13"/>
        <display value="Unknown"/>
      </concept>
    </include>
  </compose>
</ValueSet>