{
   "library" : {
      "annotation" : [ {
         "translatorOptions" : "EnableAnnotations,EnableLocators,DisableListDemotion,DisableListPromotion",
         "signatureLevel" : "Overloads",
         "type" : "CqlToElmInfo"
      }, {
         "type" : "Annotation",
         "s" : {
            "r" : "65",
            "s" : [ {
               "value" : [ "","library IMMZConfig" ]
            } ]
         }
      } ],
      "identifier" : {
         "id" : "IMMZConfig",
         "system" : "http://smart.who.int/example-workshop"
      },
      "schemaIdentifier" : {
         "id" : "urn:hl7-org:elm",
         "version" : "r1"
      },
      "usings" : {
         "def" : [ {
            "localIdentifier" : "System",
            "uri" : "urn:hl7-org:elm-types:r1"
         }, {
            "localId" : "1",
            "locator" : "3:1-3:26",
            "localIdentifier" : "FHIR",
            "uri" : "http://hl7.org/fhir",
            "version" : "4.0.1",
            "annotation" : [ {
               "type" : "Annotation",
               "s" : {
                  "r" : "1",
                  "s" : [ {
                     "value" : [ "","using " ]
                  }, {
                     "s" : [ {
                        "value" : [ "FHIR" ]
                     } ]
                  }, {
                     "value" : [ " version '4.0.1'" ]
                  } ]
               }
            } ]
         } ]
      },
      "statements" : {
         "def" : [ {
            "localId" : "3",
            "locator" : "5:1-5:62",
            "name" : "High incidence of TB and/or high leprosy burden",
            "context" : "Unfiltered",
            "accessLevel" : "Public",
            "annotation" : [ {
               "type" : "Annotation",
               "s" : {
                  "r" : "3",
                  "s" : [ {
                     "r" : "2",
                     "value" : [ "","define ","\"High incidence of TB and/or high leprosy burden\"",": ","true" ]
                  } ]
               }
            } ],
            "expression" : {
               "localId" : "2",
               "locator" : "5:59-5:62",
               "valueType" : "{urn:hl7-org:elm-types:r1}Boolean",
               "value" : "true",
               "type" : "Literal"
            }
         }, {
            "localId" : "5",
            "locator" : "6:1-6:61",
            "name" : "Polio-endemic country with high risk of spread",
            "context" : "Unfiltered",
            "accessLevel" : "Public",
            "annotation" : [ {
               "type" : "Annotation",
               "s" : {
                  "r" : "5",
                  "s" : [ {
                     "r" : "4",
                     "value" : [ "","define ","\"Polio-endemic country with high risk of spread\"",": ","true" ]
                  } ]
               }
            } ],
            "expression" : {
               "localId" : "4",
               "locator" : "6:58-6:61",
               "valueType" : "{urn:hl7-org:elm-types:r1}Boolean",
               "value" : "true",
               "type" : "Literal"
            }
         }, {
            "localId" : "7",
            "locator" : "14:1-14:38",
            "name" : "Polio dose scheme",
            "context" : "Unfiltered",
            "accessLevel" : "Public",
            "annotation" : [ {
               "type" : "Annotation",
               "s" : {
                  "r" : "7",
                  "s" : [ {
                     "value" : [ "/*\ndefine \"Combined bOPV and IPV Schedule\": true\ndefine \"Sequential IPV-OPV Schedule\": true\n*/\n/*\n * Possible Polio dose schemes are 'combined', 'sequential', or 'ipv'\n */\n","define ","\"Polio dose scheme\"",": " ]
                  }, {
                     "r" : "6",
                     "s" : [ {
                        "value" : [ "'combined'" ]
                     } ]
                  } ]
               }
            } ],
            "expression" : {
               "localId" : "6",
               "locator" : "14:29-14:38",
               "valueType" : "{urn:hl7-org:elm-types:r1}String",
               "value" : "combined",
               "type" : "Literal"
            }
         }, {
            "localId" : "9",
            "locator" : "15:1-15:59",
            "name" : "Country has a high risk of exposure to polio",
            "context" : "Unfiltered",
            "accessLevel" : "Public",
            "annotation" : [ {
               "type" : "Annotation",
               "s" : {
                  "r" : "9",
                  "s" : [ {
                     "r" : "8",
                     "value" : [ "","define ","\"Country has a high risk of exposure to polio\"",": ","true" ]
                  } ]
               }
            } ],
            "expression" : {
               "localId" : "8",
               "locator" : "15:56-15:59",
               "valueType" : "{urn:hl7-org:elm-types:r1}Boolean",
               "value" : "true",
               "type" : "Literal"
            }
         }, {
            "localId" : "11",
            "locator" : "16:1-16:66",
            "name" : "High Coverage of Polio and Risk of Wild Importation",
            "context" : "Unfiltered",
            "accessLevel" : "Public",
            "annotation" : [ {
               "type" : "Annotation",
               "s" : {
                  "r" : "11",
                  "s" : [ {
                     "r" : "10",
                     "value" : [ "","define ","\"High Coverage of Polio and Risk of Wild Importation\"",": ","true" ]
                  } ]
               }
            } ],
            "expression" : {
               "localId" : "10",
               "locator" : "16:63-16:66",
               "valueType" : "{urn:hl7-org:elm-types:r1}Boolean",
               "value" : "true",
               "type" : "Literal"
            }
         }, {
            "localId" : "13",
            "locator" : "18:1-18:94",
            "name" : "In a country where the peak burden of severe Hib disease occurs in young infants",
            "context" : "Unfiltered",
            "accessLevel" : "Public",
            "annotation" : [ {
               "type" : "Annotation",
               "s" : {
                  "r" : "13",
                  "s" : [ {
                     "r" : "12",
                     "value" : [ "","define ","\"In a country where the peak burden of severe Hib disease occurs in young infants\"",":","true" ]
                  } ]
               }
            } ],
            "expression" : {
               "localId" : "12",
               "locator" : "18:91-18:94",
               "valueType" : "{urn:hl7-org:elm-types:r1}Boolean",
               "value" : "true",
               "type" : "Literal"
            }
         }, {
            "localId" : "15",
            "locator" : "19:1-19:187",
            "name" : "In a setting where the greatest disease morbidity and mortality occur later, or whererate reductions of disease are not fully sustained after the routine use of Hib vaccine",
            "context" : "Unfiltered",
            "accessLevel" : "Public",
            "annotation" : [ {
               "type" : "Annotation",
               "s" : {
                  "r" : "15",
                  "s" : [ {
                     "r" : "14",
                     "value" : [ "","define ","\"In a setting where the greatest disease morbidity and mortality occur later, or whererate reductions of disease are not fully sustained after the routine use of Hib vaccine\"",": ","true" ]
                  } ]
               }
            } ],
            "expression" : {
               "localId" : "14",
               "locator" : "19:184-19:187",
               "valueType" : "{urn:hl7-org:elm-types:r1}Boolean",
               "value" : "true",
               "type" : "Literal"
            }
         }, {
            "localId" : "17",
            "locator" : "20:1-20:30",
            "name" : "Hib dose scheme",
            "context" : "Unfiltered",
            "accessLevel" : "Public",
            "annotation" : [ {
               "type" : "Annotation",
               "s" : {
                  "r" : "17",
                  "s" : [ {
                     "value" : [ "","define ","\"Hib dose scheme\"",": " ]
                  }, {
                     "r" : "16",
                     "s" : [ {
                        "value" : [ "'1p'" ]
                     } ]
                  } ]
               }
            } ],
            "expression" : {
               "localId" : "16",
               "locator" : "20:27-20:30",
               "valueType" : "{urn:hl7-org:elm-types:r1}String",
               "value" : "1p",
               "type" : "Literal"
            }
         }, {
            "localId" : "19",
            "locator" : "21:1-21:42",
            "name" : "Hepatitis A endemic country",
            "context" : "Unfiltered",
            "accessLevel" : "Public",
            "annotation" : [ {
               "type" : "Annotation",
               "s" : {
                  "r" : "19",
                  "s" : [ {
                     "r" : "18",
                     "value" : [ "","define ","\"Hepatitis A endemic country\"",": ","true" ]
                  } ]
               }
            } ],
            "expression" : {
               "localId" : "18",
               "locator" : "21:39-21:42",
               "valueType" : "{urn:hl7-org:elm-types:r1}Boolean",
               "value" : "true",
               "type" : "Literal"
            }
         }, {
            "localId" : "21",
            "locator" : "23:1-23:56",
            "name" : "Japanese Encephalitis dose scheme",
            "context" : "Unfiltered",
            "accessLevel" : "Public",
            "annotation" : [ {
               "type" : "Annotation",
               "s" : {
                  "r" : "21",
                  "s" : [ {
                     "value" : [ "","define ","\"Japanese Encephalitis dose scheme\"",": " ]
                  }, {
                     "r" : "20",
                     "s" : [ {
                        "value" : [ "'attenuated'" ]
                     } ]
                  } ]
               }
            } ],
            "expression" : {
               "localId" : "20",
               "locator" : "23:45-23:56",
               "valueType" : "{urn:hl7-org:elm-types:r1}String",
               "value" : "attenuated",
               "type" : "Literal"
            }
         }, {
            "localId" : "23",
            "locator" : "29:1-29:57",
            "name" : "Country recognizes JE as a health priority",
            "context" : "Unfiltered",
            "accessLevel" : "Public",
            "annotation" : [ {
               "type" : "Annotation",
               "s" : {
                  "r" : "23",
                  "s" : [ {
                     "r" : "22",
                     "value" : [ "/*\ndefine \"Country is administering Live recombinant JE antigen\":true\ndefine \"Country is administering Live attentuated JE antigen\": true\ndefine \"Country is administering Inactivated Vero cell-derived JE antigen\": true\n*/\n","define ","\"Country recognizes JE as a health priority\"",": ","true" ]
                  } ]
               }
            } ],
            "expression" : {
               "localId" : "22",
               "locator" : "29:54-29:57",
               "valueType" : "{urn:hl7-org:elm-types:r1}Boolean",
               "value" : "true",
               "type" : "Literal"
            }
         }, {
            "localId" : "25",
            "locator" : "35:1-35:41",
            "name" : "Pneumococcal dose scheme",
            "context" : "Unfiltered",
            "accessLevel" : "Public",
            "annotation" : [ {
               "type" : "Annotation",
               "s" : {
                  "r" : "25",
                  "s" : [ {
                     "value" : [ "/*\ndefine \"Country is following a 2 dose scheme for Pneumococcal\": true\ndefine \"Country is following a 3 dose scheme for Pneumococcal\": true\n*/\n","define ","\"Pneumococcal dose scheme\"",": " ]
                  }, {
                     "r" : "24",
                     "s" : [ {
                        "value" : [ "'2p+1'" ]
                     } ]
                  } ]
               }
            } ],
            "expression" : {
               "localId" : "24",
               "locator" : "35:36-35:41",
               "valueType" : "{urn:hl7-org:elm-types:r1}String",
               "value" : "2p+1",
               "type" : "Literal"
            }
         }, {
            "localId" : "27",
            "locator" : "36:1-36:59",
            "name" : "Country is not highly endemic for Hepatitis A",
            "context" : "Unfiltered",
            "accessLevel" : "Public",
            "annotation" : [ {
               "type" : "Annotation",
               "s" : {
                  "r" : "27",
                  "s" : [ {
                     "r" : "26",
                     "value" : [ "","define ","\"Country is not highly endemic for Hepatitis A\"",":","true" ]
                  } ]
               }
            } ],
            "expression" : {
               "localId" : "26",
               "locator" : "36:56-36:59",
               "valueType" : "{urn:hl7-org:elm-types:r1}Boolean",
               "value" : "true",
               "type" : "Literal"
            }
         }, {
            "localId" : "29",
            "locator" : "37:1-37:69",
            "name" : "Country is administering a Live attenuated HAV vaccine",
            "context" : "Unfiltered",
            "accessLevel" : "Public",
            "annotation" : [ {
               "type" : "Annotation",
               "s" : {
                  "r" : "29",
                  "s" : [ {
                     "r" : "28",
                     "value" : [ "","define ","\"Country is administering a Live attenuated HAV vaccine\"",": ","true" ]
                  } ]
               }
            } ],
            "expression" : {
               "localId" : "28",
               "locator" : "37:66-37:69",
               "valueType" : "{urn:hl7-org:elm-types:r1}Boolean",
               "value" : "true",
               "type" : "Literal"
            }
         }, {
            "localId" : "31",
            "locator" : "38:1-38:68",
            "name" : "In a setting with a high disease burden and mortality",
            "context" : "Unfiltered",
            "accessLevel" : "Public",
            "annotation" : [ {
               "type" : "Annotation",
               "s" : {
                  "r" : "31",
                  "s" : [ {
                     "r" : "30",
                     "value" : [ "","define ","\"In a setting with a high disease burden and mortality\"",": ","true" ]
                  } ]
               }
            } ],
            "expression" : {
               "localId" : "30",
               "locator" : "38:65-38:68",
               "valueType" : "{urn:hl7-org:elm-types:r1}Boolean",
               "value" : "true",
               "type" : "Literal"
            }
         }, {
            "localId" : "33",
            "locator" : "40:1-40:58",
            "name" : "Region recommends Meningococcal vaccination",
            "context" : "Unfiltered",
            "accessLevel" : "Public",
            "annotation" : [ {
               "type" : "Annotation",
               "s" : {
                  "r" : "33",
                  "s" : [ {
                     "r" : "32",
                     "value" : [ "","define ","\"Region recommends Meningococcal vaccination\"",": ","true" ]
                  } ]
               }
            } ],
            "expression" : {
               "localId" : "32",
               "locator" : "40:55-40:58",
               "valueType" : "{urn:hl7-org:elm-types:r1}Boolean",
               "value" : "true",
               "type" : "Literal"
            }
         }, {
            "localId" : "35",
            "locator" : "41:1-41:52",
            "name" : "Region recommends Cholera vaccination",
            "context" : "Unfiltered",
            "accessLevel" : "Public",
            "annotation" : [ {
               "type" : "Annotation",
               "s" : {
                  "r" : "35",
                  "s" : [ {
                     "r" : "34",
                     "value" : [ "","define ","\"Region recommends Cholera vaccination\"",": ","true" ]
                  } ]
               }
            } ],
            "expression" : {
               "localId" : "34",
               "locator" : "41:49-41:52",
               "valueType" : "{urn:hl7-org:elm-types:r1}Boolean",
               "value" : "true",
               "type" : "Literal"
            }
         }, {
            "localId" : "37",
            "locator" : "42:1-42:52",
            "name" : "Region recommends Typhoid vaccination",
            "context" : "Unfiltered",
            "accessLevel" : "Public",
            "annotation" : [ {
               "type" : "Annotation",
               "s" : {
                  "r" : "37",
                  "s" : [ {
                     "r" : "36",
                     "value" : [ "","define ","\"Region recommends Typhoid vaccination\"",": ","true" ]
                  } ]
               }
            } ],
            "expression" : {
               "localId" : "36",
               "locator" : "42:49-42:52",
               "valueType" : "{urn:hl7-org:elm-types:r1}Boolean",
               "value" : "true",
               "type" : "Literal"
            }
         }, {
            "localId" : "39",
            "locator" : "43:1-43:55",
            "name" : "Country is administering the TCV vaccine",
            "context" : "Unfiltered",
            "accessLevel" : "Public",
            "annotation" : [ {
               "type" : "Annotation",
               "s" : {
                  "r" : "39",
                  "s" : [ {
                     "r" : "38",
                     "value" : [ "","define ","\"Country is administering the TCV vaccine\"",": ","true" ]
                  } ]
               }
            } ],
            "expression" : {
               "localId" : "38",
               "locator" : "43:52-43:55",
               "valueType" : "{urn:hl7-org:elm-types:r1}Boolean",
               "value" : "true",
               "type" : "Literal"
            }
         }, {
            "localId" : "41",
            "locator" : "44:1-44:52",
            "name" : "Country is administering ViPS vaccine",
            "context" : "Unfiltered",
            "accessLevel" : "Public",
            "annotation" : [ {
               "type" : "Annotation",
               "s" : {
                  "r" : "41",
                  "s" : [ {
                     "r" : "40",
                     "value" : [ "","define ","\"Country is administering ViPS vaccine\"",": ","true" ]
                  } ]
               }
            } ],
            "expression" : {
               "localId" : "40",
               "locator" : "44:49-44:52",
               "valueType" : "{urn:hl7-org:elm-types:r1}Boolean",
               "value" : "true",
               "type" : "Literal"
            }
         }, {
            "localId" : "43",
            "locator" : "45:1-45:66",
            "name" : "Country is administering an Inactivated HAV vaccine",
            "context" : "Unfiltered",
            "accessLevel" : "Public",
            "annotation" : [ {
               "type" : "Annotation",
               "s" : {
                  "r" : "43",
                  "s" : [ {
                     "r" : "42",
                     "value" : [ "","define ","\"Country is administering an Inactivated HAV vaccine\"",": ","true" ]
                  } ]
               }
            } ],
            "expression" : {
               "localId" : "42",
               "locator" : "45:63-45:66",
               "valueType" : "{urn:hl7-org:elm-types:r1}Boolean",
               "value" : "true",
               "type" : "Literal"
            }
         }, {
            "localId" : "45",
            "locator" : "46:1-46:99",
            "name" : "In a setting where the risk of measles among infants < 9 months of age remains high",
            "context" : "Unfiltered",
            "accessLevel" : "Public",
            "annotation" : [ {
               "type" : "Annotation",
               "s" : {
                  "r" : "45",
                  "s" : [ {
                     "r" : "44",
                     "value" : [ "","define ","\"In a setting where the risk of measles among infants < 9 months of age remains high\"",": ","false" ]
                  } ]
               }
            } ],
            "expression" : {
               "localId" : "44",
               "locator" : "46:95-46:99",
               "valueType" : "{urn:hl7-org:elm-types:r1}Boolean",
               "value" : "false",
               "type" : "Literal"
            }
         }, {
            "localId" : "47",
            "locator" : "47:1-47:56",
            "name" : "Country currently has a measles outbreak",
            "context" : "Unfiltered",
            "accessLevel" : "Public",
            "annotation" : [ {
               "type" : "Annotation",
               "s" : {
                  "r" : "47",
                  "s" : [ {
                     "r" : "46",
                     "value" : [ "","define ","\"Country currently has a measles outbreak\"",": ","false" ]
                  } ]
               }
            } ],
            "expression" : {
               "localId" : "46",
               "locator" : "47:52-47:56",
               "valueType" : "{urn:hl7-org:elm-types:r1}Boolean",
               "value" : "false",
               "type" : "Literal"
            }
         }, {
            "localId" : "49",
            "locator" : "48:1-48:93",
            "name" : "Population is in conflict zones internally displaced populations and refugees",
            "context" : "Unfiltered",
            "accessLevel" : "Public",
            "annotation" : [ {
               "type" : "Annotation",
               "s" : {
                  "r" : "49",
                  "s" : [ {
                     "r" : "48",
                     "value" : [ "","define ","\"Population is in conflict zones internally displaced populations and refugees\"",": ","false" ]
                  } ]
               }
            } ],
            "expression" : {
               "localId" : "48",
               "locator" : "48:89-48:93",
               "valueType" : "{urn:hl7-org:elm-types:r1}Boolean",
               "value" : "false",
               "type" : "Literal"
            }
         }, {
            "localId" : "51",
            "locator" : "49:1-49:71",
            "name" : "In a setting where there is high transmission of Measles",
            "context" : "Unfiltered",
            "accessLevel" : "Public",
            "annotation" : [ {
               "type" : "Annotation",
               "s" : {
                  "r" : "51",
                  "s" : [ {
                     "r" : "50",
                     "value" : [ "","define ","\"In a setting where there is high transmission of Measles\"",":","false" ]
                  } ]
               }
            } ],
            "expression" : {
               "localId" : "50",
               "locator" : "49:67-49:71",
               "valueType" : "{urn:hl7-org:elm-types:r1}Boolean",
               "value" : "false",
               "type" : "Literal"
            }
         }, {
            "localId" : "53",
            "locator" : "50:1-50:70",
            "name" : "In a setting where there is low transmission of Measles",
            "context" : "Unfiltered",
            "accessLevel" : "Public",
            "annotation" : [ {
               "type" : "Annotation",
               "s" : {
                  "r" : "53",
                  "s" : [ {
                     "r" : "52",
                     "value" : [ "","define ","\"In a setting where there is low transmission of Measles\"",":","false" ]
                  } ]
               }
            } ],
            "expression" : {
               "localId" : "52",
               "locator" : "50:66-50:70",
               "valueType" : "{urn:hl7-org:elm-types:r1}Boolean",
               "value" : "false",
               "type" : "Literal"
            }
         }, {
            "localId" : "55",
            "locator" : "52:1-52:47",
            "name" : "Country has Yellow Fever Endemic",
            "context" : "Unfiltered",
            "accessLevel" : "Public",
            "annotation" : [ {
               "type" : "Annotation",
               "s" : {
                  "r" : "55",
                  "s" : [ {
                     "r" : "54",
                     "value" : [ "","define ","\"Country has Yellow Fever Endemic\"",": ","true" ]
                  } ]
               }
            } ],
            "expression" : {
               "localId" : "54",
               "locator" : "52:44-52:47",
               "valueType" : "{urn:hl7-org:elm-types:r1}Boolean",
               "value" : "true",
               "type" : "Literal"
            }
         }, {
            "localId" : "57",
            "locator" : "53:1-53:51",
            "name" : "Country recognizes TBE as a priority",
            "context" : "Unfiltered",
            "accessLevel" : "Public",
            "annotation" : [ {
               "type" : "Annotation",
               "s" : {
                  "r" : "57",
                  "s" : [ {
                     "r" : "56",
                     "value" : [ "","define ","\"Country recognizes TBE as a priority\"",": ","true" ]
                  } ]
               }
            } ],
            "expression" : {
               "localId" : "56",
               "locator" : "53:48-53:51",
               "valueType" : "{urn:hl7-org:elm-types:r1}Boolean",
               "value" : "true",
               "type" : "Literal"
            }
         }, {
            "localId" : "59",
            "locator" : "55:1-55:109",
            "name" : "There is a compelling reason to vaccinate infants with Meningococcal between 3 to 9 months old",
            "context" : "Unfiltered",
            "accessLevel" : "Public",
            "annotation" : [ {
               "type" : "Annotation",
               "s" : {
                  "r" : "59",
                  "s" : [ {
                     "r" : "58",
                     "value" : [ "","define ","\"There is a compelling reason to vaccinate infants with Meningococcal between 3 to 9 months old\"",": ","true" ]
                  } ]
               }
            } ],
            "expression" : {
               "localId" : "58",
               "locator" : "55:106-55:109",
               "valueType" : "{urn:hl7-org:elm-types:r1}Boolean",
               "value" : "true",
               "type" : "Literal"
            }
         }, {
            "localId" : "61",
            "locator" : "56:1-56:77",
            "name" : "Country recognizes Varicella an important public health burden",
            "context" : "Unfiltered",
            "accessLevel" : "Public",
            "annotation" : [ {
               "type" : "Annotation",
               "s" : {
                  "r" : "61",
                  "s" : [ {
                     "r" : "60",
                     "value" : [ "","define ","\"Country recognizes Varicella an important public health burden\"",": ","true" ]
                  } ]
               }
            } ],
            "expression" : {
               "localId" : "60",
               "locator" : "56:74-56:77",
               "valueType" : "{urn:hl7-org:elm-types:r1}Boolean",
               "value" : "true",
               "type" : "Literal"
            }
         }, {
            "localId" : "63",
            "locator" : "57:1-57:77",
            "name" : "Country recognizes MUMPS reduction as a public health priority",
            "context" : "Unfiltered",
            "accessLevel" : "Public",
            "annotation" : [ {
               "type" : "Annotation",
               "s" : {
                  "r" : "63",
                  "s" : [ {
                     "r" : "62",
                     "value" : [ "","define ","\"Country recognizes MUMPS reduction as a public health priority\"",": ","true" ]
                  } ]
               }
            } ],
            "expression" : {
               "localId" : "62",
               "locator" : "57:74-57:77",
               "valueType" : "{urn:hl7-org:elm-types:r1}Boolean",
               "value" : "true",
               "type" : "Literal"
            }
         }, {
            "localId" : "65",
            "locator" : "58:1-58:60",
            "name" : "Country is using a 3 dose series ROTA product",
            "context" : "Unfiltered",
            "accessLevel" : "Public",
            "annotation" : [ {
               "type" : "Annotation",
               "s" : {
                  "r" : "65",
                  "s" : [ {
                     "r" : "64",
                     "value" : [ "","define ","\"Country is using a 3 dose series ROTA product\"",": ","true" ]
                  } ]
               }
            } ],
            "expression" : {
               "localId" : "64",
               "locator" : "58:57-58:60",
               "valueType" : "{urn:hl7-org:elm-types:r1}Boolean",
               "value" : "true",
               "type" : "Literal"
            }
         } ]
      }
   }
}