<?xml version="1.0" encoding="UTF-8"?>
<library xmlns="urn:hl7-org:elm:r1" xmlns:t="urn:hl7-org:elm-types:r1" xmlns:xsi="http://www.w3.org/2001/XMLSchema-instance" xmlns:xsd="http://www.w3.org/2001/XMLSchema" xmlns:fhir="http://hl7.org/fhir" xmlns:qdm43="urn:healthit-gov:qdm:v4_3" xmlns:qdm53="urn:healthit-gov:qdm:v5_3" xmlns:a="urn:hl7-org:cql-annotations:r1">
   <annotation translatorOptions="EnableAnnotations,EnableLocators,DisableListDemotion,DisableListPromotion" signatureLevel="Overloads" xsi:type="a:CqlToElmInfo"/>
   <annotation xsi:type="a:Annotation">
      <a:s r="17">
         <a:s>library WHOConcepts</a:s>
      </a:s>
   </annotation>
   <identifier id="WHOConcepts" system="http://smart.who.int/example-workshop"/>
   <schemaIdentifier id="urn:hl7-org:elm" version="r1"/>
   <usings>
      <def localIdentifier="System" uri="urn:hl7-org:elm-types:r1"/>
   </usings>
   <codeSystems>
      <def localId="1" locator="4:1-4:53" name="ICD-10" id="http://hl7.org/fhir/sid/icd-10" accessLevel="Public">
         <annotation xsi:type="a:Annotation">
            <a:s r="1">
               <a:s>// Code Systems
codesystem &quot;ICD-10&quot;: 'http://hl7.org/fhir/sid/icd-10'</a:s>
            </a:s>
         </annotation>
      </def>
      <def localId="2" locator="5:1-5:48" name="SNOMED-CT" id="http://snomed.info/sct" accessLevel="Public">
         <annotation xsi:type="a:Annotation">
            <a:s r="2">
               <a:s>codesystem &quot;SNOMED-CT&quot;: 'http://snomed.info/sct'</a:s>
            </a:s>
         </annotation>
      </def>
      <def localId="3" locator="6:1-6:38" name="LOINC" id="http://loinc.org" accessLevel="Public">
         <annotation xsi:type="a:Annotation">
            <a:s r="3">
               <a:s>codesystem &quot;LOINC&quot;: 'http://loinc.org'</a:s>
            </a:s>
         </annotation>
      </def>
      <def localId="4" locator="7:1-7:66" name="RxNorm" id="http://www.nlm.nih.gov/research/umls/rxnorm" accessLevel="Public">
         <annotation xsi:type="a:Annotation">
            <a:s r="4">
               <a:s>codesystem &quot;RxNorm&quot;: 'http://www.nlm.nih.gov/research/umls/rxnorm'</a:s>
            </a:s>
         </annotation>
      </def>
      <def localId="5" locator="8:1-8:49" name="CIEL" id="http://hl7.org/fhir/sid/ciel" accessLevel="Public">
         <annotation xsi:type="a:Annotation">
            <a:s r="5">
               <a:s>codesystem &quot;CIEL&quot;: 'http://hl7.org/fhir/sid/ciel'</a:s>
            </a:s>
         </annotation>
      </def>
      <def localId="6" locator="9:1-9:59" name="ICD-11" id="http://id.who.int/icd/release/11/mms" accessLevel="Public">
         <annotation xsi:type="a:Annotation">
            <a:s r="6">
               <a:s>codesystem &quot;ICD-11&quot;: 'http://id.who.int/icd/release/11/mms'</a:s>
            </a:s>
         </annotation>
      </def>
      <def localId="7" locator="10:1-10:50" name="ICF" id="http://hl7.org/fhir/sid/icf-nl" accessLevel="Public">
         <annotation xsi:type="a:Annotation">
            <a:s r="7">
               <a:s>codesystem &quot;ICF&quot;: 'http://hl7.org/fhir/sid/icf-nl'</a:s>
            </a:s>
         </annotation>
      </def>
   </codeSystems>
   <valueSets>
      <def localId="8" locator="13:1-13:103" name="Pregnancy Status Pregnant" id="http://fhir.org/guides/who/core/ValueSet/pregnancystatus-values" accessLevel="Public">
         <annotation xsi:type="a:Annotation">
            <a:s r="8">
               <a:s>// ValuSets
valueset &quot;Pregnancy Status Pregnant&quot;: 'http://fhir.org/guides/who/core/ValueSet/pregnancystatus-values'</a:s>
            </a:s>
         </annotation>
      </def>
      <def localId="9" locator="14:1-14:76" name="Adverse Events" id="http://hl7.org/fhir/ValueSet/adverse-event-type" accessLevel="Public">
         <annotation xsi:type="a:Annotation">
            <a:s r="9">
               <a:s>valueset &quot;Adverse Events&quot;: 'http://hl7.org/fhir/ValueSet/adverse-event-type'</a:s>
            </a:s>
         </annotation>
      </def>
   </valueSets>
   <codes>
      <def localId="11" locator="16:1-16:74" name="Pregnancy status" id="82810-3" display="Pregnancy status" accessLevel="Public">
         <annotation xsi:type="a:Annotation">
            <a:s r="11">
               <a:s>code &quot;Pregnancy status&quot;: '82810-3' from </a:s>
               <a:s r="10">
                  <a:s>&quot;LOINC&quot;</a:s>
               </a:s>
               <a:s> display 'Pregnancy status'</a:s>
            </a:s>
         </annotation>
         <codeSystem localId="10" locator="16:41-16:47" name="LOINC"/>
      </def>
      <def localId="13" locator="17:1-17:60" name="Pregnant" id="LA15173-0" display="Pregnant" accessLevel="Public">
         <annotation xsi:type="a:Annotation">
            <a:s r="13">
               <a:s>code &quot;Pregnant&quot;: 'LA15173-0' from </a:s>
               <a:s r="12">
                  <a:s>&quot;LOINC&quot;</a:s>
               </a:s>
               <a:s> display 'Pregnant'</a:s>
            </a:s>
         </annotation>
         <codeSystem localId="12" locator="17:35-17:41" name="LOINC"/>
      </def>
      <def localId="15" locator="18:1-18:68" name="Not pregnant" id="LA26683-5" display="Not pregnant" accessLevel="Public">
         <annotation xsi:type="a:Annotation">
            <a:s r="15">
               <a:s>code &quot;Not pregnant&quot;: 'LA26683-5' from </a:s>
               <a:s r="14">
                  <a:s>&quot;LOINC&quot;</a:s>
               </a:s>
               <a:s> display 'Not pregnant'</a:s>
            </a:s>
         </annotation>
         <codeSystem localId="14" locator="18:39-18:45" name="LOINC"/>
      </def>
      <def localId="17" locator="19:1-19:57" name="Unknown" id="LA4489-6" display="Unknown" accessLevel="Public">
         <annotation xsi:type="a:Annotation">
            <a:s r="17">
               <a:s>code &quot;Unknown&quot;: 'LA4489-6' from </a:s>
               <a:s r="16">
                  <a:s>&quot;LOINC&quot;</a:s>
               </a:s>
               <a:s> display 'Unknown'</a:s>
            </a:s>
         </annotation>
         <codeSystem localId="16" locator="19:33-19:39" name="LOINC"/>
      </def>
   </codes>
</library>
