<?xml version="1.0" encoding="UTF-8"?>
<library xmlns="urn:hl7-org:elm:r1" xmlns:t="urn:hl7-org:elm-types:r1" xmlns:xsi="http://www.w3.org/2001/XMLSchema-instance" xmlns:xsd="http://www.w3.org/2001/XMLSchema" xmlns:fhir="http://hl7.org/fhir" xmlns:qdm43="urn:healthit-gov:qdm:v4_3" xmlns:qdm53="urn:healthit-gov:qdm:v5_3" xmlns:a="urn:hl7-org:cql-annotations:r1">
   <annotation translatorOptions="EnableAnnotations,EnableLocators,DisableListDemotion,DisableListPromotion" signatureLevel="Overloads" xsi:type="a:CqlToElmInfo"/>
   <annotation xsi:type="a:Annotation">
      <a:t name="DecisionID" value="IMMZ.D2.DT.Measles.MCV dose 0"/>
      <a:t name="BusinessRule" value="Determine if the client is due for a measles vaccination according to the national immunization schedule"/>
      <a:t name="Trigger" value="IMMZ.D2 Determine required vaccination(s) if any"/>
      <a:t name="Description" value="MCV dose 0 (MCV0) administration"/>
      <a:s r="73">
         <a:s>/*
@DecisionID: IMMZ.D2.DT.Measles.MCV dose 0
@BusinessRule: Determine if the client is due for a measles vaccination according to the national immunization schedule
@Trigger: IMMZ.D2 Determine required vaccination(s) if any
@Description: MCV dose 0 (MCV0) administration
*/
library IMMZD2DTMeaslesDose0Logic</a:s>
      </a:s>
   </annotation>
   <identifier id="IMMZD2DTMeaslesDose0Logic" system="http://smart.who.int/example-workshop"/>
   <schemaIdentifier id="urn:hl7-org:elm" version="r1"/>
   <usings>
      <def localIdentifier="System" uri="urn:hl7-org:elm-types:r1"/>
      <def localId="1" locator="9:1-9:26" localIdentifier="FHIR" uri="http://hl7.org/fhir" version="4.0.1">
         <annotation xsi:type="a:Annotation">
            <a:s r="1">
               <a:s>using </a:s>
               <a:s>
                  <a:s>FHIR</a:s>
               </a:s>
               <a:s> version '4.0.1'</a:s>
            </a:s>
         </annotation>
      </def>
   </usings>
   <includes>
      <def localId="2" locator="11:1-11:35" localIdentifier="FHIRHelpers" path="http://hl7.org/fhir/FHIRHelpers" version="4.0.1">
         <annotation xsi:type="a:Annotation">
            <a:s r="2">
               <a:s>include </a:s>
               <a:s>
                  <a:s>FHIRHelpers</a:s>
               </a:s>
               <a:s> version '4.0.1'</a:s>
            </a:s>
         </annotation>
      </def>
      <def localId="3" locator="13:1-13:27" localIdentifier="WC" path="http://smart.who.int/example-workshop/WHOCommon">
         <annotation xsi:type="a:Annotation">
            <a:s r="3">
               <a:s>include </a:s>
               <a:s>
                  <a:s>WHOCommon</a:s>
               </a:s>
               <a:s> called WC</a:s>
            </a:s>
         </annotation>
      </def>
      <def localId="4" locator="14:1-14:41" localIdentifier="Logic" path="http://smart.who.int/example-workshop/IMMZD2DTMeaslesLogic">
         <annotation xsi:type="a:Annotation">
            <a:s r="4">
               <a:s>include </a:s>
               <a:s>
                  <a:s>IMMZD2DTMeaslesLogic</a:s>
               </a:s>
               <a:s> called Logic</a:s>
            </a:s>
         </annotation>
      </def>
   </includes>
   <parameters>
      <def localId="6" locator="16:1-16:31" name="Today" accessLevel="Public">
         <annotation xsi:type="a:Annotation">
            <a:s r="6">
               <a:s>parameter Today default </a:s>
               <a:s r="5">
                  <a:s>Today()</a:s>
               </a:s>
            </a:s>
         </annotation>
         <default localId="5" locator="16:25-16:31" xsi:type="Today"/>
      </def>
   </parameters>
   <contexts>
      <def locator="18:1-18:15" name="Patient"/>
   </contexts>
   <statements>
      <def locator="18:1-18:15" name="Patient" context="Patient">
         <expression xsi:type="SingletonFrom">
            <operand locator="18:1-18:15" dataType="fhir:Patient" templateId="http://hl7.org/fhir/StructureDefinition/Patient" xsi:type="Retrieve"/>
         </expression>
      </def>
      <def localId="9" locator="24:1-25:58" name="Measles Routine Immunization Schedule Incomplete" context="Patient" accessLevel="Public">
         <annotation xsi:type="a:Annotation">
            <a:s r="9">
               <a:s>/*
PlanDefinition Applicability Expressions
*/

define &quot;Measles Routine Immunization Schedule Incomplete&quot;:
  </a:s>
               <a:s r="8">
                  <a:s r="7">
                     <a:s>Logic</a:s>
                  </a:s>
                  <a:s>.</a:s>
                  <a:s r="8">
                     <a:s>&quot;Measles Routine Immunization Schedule Incomplete&quot;</a:s>
                  </a:s>
               </a:s>
            </a:s>
         </annotation>
         <expression localId="8" locator="25:3-25:58" name="Measles Routine Immunization Schedule Incomplete" libraryName="Logic" xsi:type="ExpressionRef"/>
      </def>
      <def localId="14" locator="27:1-28:47" name="No MCV0 Doses Administered" context="Patient" accessLevel="Public">
         <annotation xsi:type="a:Annotation">
            <a:s r="14">
               <a:s>define &quot;No MCV0 Doses Administered&quot;:
  </a:s>
               <a:s r="13">
                  <a:s r="11">
                     <a:s r="10">
                        <a:s>Logic</a:s>
                     </a:s>
                     <a:s>.</a:s>
                     <a:s r="11">
                        <a:s>&quot;Number Of MCV0 Doses Administered&quot;</a:s>
                     </a:s>
                  </a:s>
                  <a:s r="12"> = 0</a:s>
               </a:s>
            </a:s>
         </annotation>
         <expression localId="13" locator="28:3-28:47" xsi:type="Equal">
            <signature name="t:Integer" xsi:type="NamedTypeSpecifier"/>
            <signature name="t:Integer" xsi:type="NamedTypeSpecifier"/>
            <operand localId="11" locator="28:3-28:43" name="Number Of MCV0 Doses Administered" libraryName="Logic" xsi:type="ExpressionRef"/>
            <operand localId="12" locator="28:47" valueType="t:Integer" value="0" xsi:type="Literal"/>
         </expression>
      </def>
      <def localId="19" locator="30:1-31:47" name="MCV0 Dose Administered" context="Patient" accessLevel="Public">
         <annotation xsi:type="a:Annotation">
            <a:s r="19">
               <a:s>define &quot;MCV0 Dose Administered&quot;:
  </a:s>
               <a:s r="18">
                  <a:s r="16">
                     <a:s r="15">
                        <a:s>Logic</a:s>
                     </a:s>
                     <a:s>.</a:s>
                     <a:s r="16">
                        <a:s>&quot;Number Of MCV0 Doses Administered&quot;</a:s>
                     </a:s>
                  </a:s>
                  <a:s r="17"> = 1</a:s>
               </a:s>
            </a:s>
         </annotation>
         <expression localId="18" locator="31:3-31:47" xsi:type="Equal">
            <signature name="t:Integer" xsi:type="NamedTypeSpecifier"/>
            <signature name="t:Integer" xsi:type="NamedTypeSpecifier"/>
            <operand localId="16" locator="31:3-31:43" name="Number Of MCV0 Doses Administered" libraryName="Logic" xsi:type="ExpressionRef"/>
            <operand localId="17" locator="31:47" valueType="t:Integer" value="1" xsi:type="Literal"/>
         </expression>
      </def>
      <def localId="24" locator="33:1-34:26" name="Client Age Less Than 6 Months" context="Patient" accessLevel="Public">
         <annotation xsi:type="a:Annotation">
            <a:s r="24">
               <a:s>define &quot;Client Age Less Than 6 Months&quot;:
  </a:s>
               <a:s r="23">
                  <a:s r="21">
                     <a:s>AgeInMonthsAt(</a:s>
                     <a:s r="20">
                        <a:s>Today</a:s>
                     </a:s>
                     <a:s>)</a:s>
                  </a:s>
                  <a:s r="22"> &lt; 6</a:s>
               </a:s>
            </a:s>
         </annotation>
         <expression localId="23" locator="34:3-34:26" xsi:type="Less">
            <signature name="t:Integer" xsi:type="NamedTypeSpecifier"/>
            <signature name="t:Integer" xsi:type="NamedTypeSpecifier"/>
            <operand localId="21" locator="34:3-34:22" precision="Month" xsi:type="CalculateAgeAt">
               <signature name="t:Date" xsi:type="NamedTypeSpecifier"/>
               <signature name="t:Date" xsi:type="NamedTypeSpecifier"/>
               <operand path="birthDate.value" xsi:type="Property">
                  <source name="Patient" xsi:type="ExpressionRef"/>
               </operand>
               <operand localId="20" locator="34:17-34:21" name="Today" xsi:type="ParameterRef"/>
            </operand>
            <operand localId="22" locator="34:26" valueType="t:Integer" value="6" xsi:type="Literal"/>
         </expression>
      </def>
      <def localId="29" locator="36:1-37:27" name="Client Age 9 Months Or More" context="Patient" accessLevel="Public">
         <annotation xsi:type="a:Annotation">
            <a:s r="29">
               <a:s>define &quot;Client Age 9 Months Or More&quot;:
  </a:s>
               <a:s r="28">
                  <a:s r="26">
                     <a:s>AgeInMonthsAt(</a:s>
                     <a:s r="25">
                        <a:s>Today</a:s>
                     </a:s>
                     <a:s>)</a:s>
                  </a:s>
                  <a:s r="27"> >= 9</a:s>
               </a:s>
            </a:s>
         </annotation>
         <expression localId="28" locator="37:3-37:27" xsi:type="GreaterOrEqual">
            <signature name="t:Integer" xsi:type="NamedTypeSpecifier"/>
            <signature name="t:Integer" xsi:type="NamedTypeSpecifier"/>
            <operand localId="26" locator="37:3-37:22" precision="Month" xsi:type="CalculateAgeAt">
               <signature name="t:Date" xsi:type="NamedTypeSpecifier"/>
               <signature name="t:Date" xsi:type="NamedTypeSpecifier"/>
               <operand path="birthDate.value" xsi:type="Property">
                  <source name="Patient" xsi:type="ExpressionRef"/>
               </operand>
               <operand localId="25" locator="37:17-37:21" name="Today" xsi:type="ParameterRef"/>
            </operand>
            <operand localId="27" locator="37:27" valueType="t:Integer" value="9" xsi:type="Literal"/>
         </expression>
      </def>
      <def localId="36" locator="39:1-40:74" name="Last Live Vaccine Administered Within 4 Weeks" context="Patient" accessLevel="Public">
         <annotation xsi:type="a:Annotation">
            <a:s r="36">
               <a:s>define &quot;Last Live Vaccine Administered Within 4 Weeks&quot;:
  </a:s>
               <a:s r="35">
                  <a:s r="33">
                     <a:s r="31">
                        <a:s r="30">
                           <a:s>Logic</a:s>
                        </a:s>
                        <a:s>.</a:s>
                        <a:s r="31">
                           <a:s>&quot;Date Last Live Vaccine Administered&quot;</a:s>
                        </a:s>
                     </a:s>
                     <a:s> + </a:s>
                     <a:s r="32">
                        <a:s>4 weeks</a:s>
                     </a:s>
                  </a:s>
                  <a:s r="35"> on or before </a:s>
                  <a:s r="34">
                     <a:s>Today</a:s>
                  </a:s>
               </a:s>
            </a:s>
         </annotation>
         <expression localId="35" locator="40:3-40:74" xsi:type="SameOrBefore">
            <signature name="t:Date" xsi:type="NamedTypeSpecifier"/>
            <signature name="t:Date" xsi:type="NamedTypeSpecifier"/>
            <operand localId="33" locator="40:3-40:55" xsi:type="Add">
               <signature name="t:Date" xsi:type="NamedTypeSpecifier"/>
               <signature name="t:Quantity" xsi:type="NamedTypeSpecifier"/>
               <operand localId="31" locator="40:3-40:45" name="Date Last Live Vaccine Administered" libraryName="Logic" xsi:type="ExpressionRef"/>
               <operand localId="32" locator="40:49-40:55" value="4" unit="weeks" xsi:type="Quantity"/>
            </operand>
            <operand localId="34" locator="40:70-40:74" name="Today" xsi:type="ParameterRef"/>
         </expression>
      </def>
      <def localId="50" locator="50:1-54:14" name="MCV0 Status" context="Patient" accessLevel="Public">
         <annotation xsi:type="a:Annotation">
            <a:s r="50">
               <a:s>/*
Supporting Logic
*/

define &quot;MCV0 Status&quot;:
  </a:s>
               <a:s r="49">
                  <a:s>if </a:s>
                  <a:s r="46">
                     <a:s r="40">
                        <a:s r="38">
                           <a:s r="37">
                              <a:s>Logic</a:s>
                           </a:s>
                           <a:s>.</a:s>
                           <a:s r="38">
                              <a:s>&quot;Number Of MCV0 Doses Administered&quot;</a:s>
                           </a:s>
                        </a:s>
                        <a:s r="39"> = 0</a:s>
                     </a:s>
                     <a:s> and </a:s>
                     <a:s r="45">
                        <a:s r="42">
                           <a:s>AgeInMonthsAt(</a:s>
                           <a:s r="41">
                              <a:s>Today</a:s>
                           </a:s>
                           <a:s>)</a:s>
                        </a:s>
                        <a:s r="43"> between 6 and 9</a:s>
                     </a:s>
                  </a:s>
                  <a:s> then
    </a:s>
                  <a:s r="47">
                     <a:s>'Needed'</a:s>
                  </a:s>
                  <a:s>
  else
    </a:s>
                  <a:s r="48">
                     <a:s>'Complete'</a:s>
                  </a:s>
               </a:s>
            </a:s>
         </annotation>
         <expression localId="49" locator="51:3-54:14" xsi:type="If">
            <condition localId="46" locator="51:6-51:91" xsi:type="And">
               <operand localId="40" locator="51:6-51:50" xsi:type="Equal">
                  <signature name="t:Integer" xsi:type="NamedTypeSpecifier"/>
                  <signature name="t:Integer" xsi:type="NamedTypeSpecifier"/>
                  <operand localId="38" locator="51:6-51:46" name="Number Of MCV0 Doses Administered" libraryName="Logic" xsi:type="ExpressionRef"/>
                  <operand localId="39" locator="51:50" valueType="t:Integer" value="0" xsi:type="Literal"/>
               </operand>
               <operand localId="45" locator="51:56-51:91" xsi:type="And">
                  <operand xsi:type="GreaterOrEqual">
                     <signature name="t:Integer" xsi:type="NamedTypeSpecifier"/>
                     <signature name="t:Integer" xsi:type="NamedTypeSpecifier"/>
                     <operand localId="42" locator="51:56-51:75" precision="Month" xsi:type="CalculateAgeAt">
                        <signature name="t:Date" xsi:type="NamedTypeSpecifier"/>
                        <signature name="t:Date" xsi:type="NamedTypeSpecifier"/>
                        <operand path="birthDate.value" xsi:type="Property">
                           <source name="Patient" xsi:type="ExpressionRef"/>
                        </operand>
                        <operand localId="41" locator="51:70-51:74" name="Today" xsi:type="ParameterRef"/>
                     </operand>
                     <operand localId="43" locator="51:85" valueType="t:Integer" value="6" xsi:type="Literal"/>
                  </operand>
                  <operand xsi:type="LessOrEqual">
                     <signature name="t:Integer" xsi:type="NamedTypeSpecifier"/>
                     <signature name="t:Integer" xsi:type="NamedTypeSpecifier"/>
                     <operand localId="42" locator="51:56-51:75" precision="Month" xsi:type="CalculateAgeAt">
                        <signature name="t:Date" xsi:type="NamedTypeSpecifier"/>
                        <signature name="t:Date" xsi:type="NamedTypeSpecifier"/>
                        <operand path="birthDate.value" xsi:type="Property">
                           <source name="Patient" xsi:type="ExpressionRef"/>
                        </operand>
                        <operand localId="41" locator="51:70-51:74" name="Today" xsi:type="ParameterRef"/>
                     </operand>
                     <operand localId="44" locator="51:91" valueType="t:Integer" value="9" xsi:type="Literal"/>
                  </operand>
               </operand>
            </condition>
            <then localId="47" locator="52:5-52:12" valueType="t:String" value="Needed" xsi:type="Literal"/>
            <else localId="48" locator="54:5-54:14" valueType="t:String" value="Complete" xsi:type="Literal"/>
         </expression>
      </def>
      <def localId="62" locator="56:1-57:30" name="MCV0 Schedule Date" context="Patient" accessLevel="Public">
         <annotation xsi:type="a:Annotation">
            <a:s r="62">
               <a:s>define &quot;MCV0 Schedule Date&quot;:
  </a:s>
               <a:s r="61">
                  <a:s r="59">
                     <a:s r="58">
                        <a:s>Patient</a:s>
                     </a:s>
                     <a:s>.</a:s>
                     <a:s r="59">
                        <a:s>birthDate</a:s>
                     </a:s>
                  </a:s>
                  <a:s> + </a:s>
                  <a:s r="60">
                     <a:s>6 months</a:s>
                  </a:s>
               </a:s>
            </a:s>
         </annotation>
         <expression localId="61" locator="57:3-57:30" xsi:type="Add">
            <signature name="t:Date" xsi:type="NamedTypeSpecifier"/>
            <signature name="t:Quantity" xsi:type="NamedTypeSpecifier"/>
            <operand name="ToDate" libraryName="FHIRHelpers" xsi:type="FunctionRef">
               <operand localId="59" locator="57:3-57:19" path="birthDate" xsi:type="Property">
                  <source localId="58" locator="57:3-57:9" name="Patient" xsi:type="ExpressionRef"/>
               </operand>
            </operand>
            <operand localId="60" locator="57:23-57:30" value="6" unit="months" xsi:type="Quantity"/>
         </expression>
      </def>
      <def localId="73" locator="62:1-70:8" name="MCV0 Due Date" context="Patient" accessLevel="Public">
         <annotation xsi:type="a:Annotation">
            <a:s r="73">
               <a:s>define &quot;MCV0 Due Date&quot;:
  </a:s>
               <a:s r="72">
                  <a:s>if </a:s>
                  <a:s r="56">
                     <a:s r="54">
                        <a:s>&quot;MCV0 Status&quot;</a:s>
                     </a:s>
                     <a:s> = </a:s>
                     <a:s r="55">
                        <a:s>'Needed'</a:s>
                     </a:s>
                  </a:s>
                  <a:s> then
    </a:s>
                  <a:s r="70">
                     <a:s r="57">
                        <a:s>WC</a:s>
                     </a:s>
                     <a:s>.</a:s>
                     <a:s r="70">
                        <a:s>LatestOf(</a:s>
                        <a:s r="69">
                           <a:s>{
        </a:s>
                           <a:s r="63">
                              <a:s>&quot;MCV0 Schedule Date&quot;</a:s>
                           </a:s>
                           <a:s>,
        </a:s>
                           <a:s r="67">
                              <a:s r="65">
                                 <a:s r="64">
                                    <a:s>Logic</a:s>
                                 </a:s>
                                 <a:s>.</a:s>
                                 <a:s r="65">
                                    <a:s>&quot;Date Last Live Vaccine Administered&quot;</a:s>
                                 </a:s>
                              </a:s>
                              <a:s> + </a:s>
                              <a:s r="66">
                                 <a:s>4 weeks</a:s>
                              </a:s>
                           </a:s>
                           <a:s>,
        </a:s>
                           <a:s r="68">
                              <a:s>Today</a:s>
                           </a:s>
                           <a:s>
    }</a:s>
                        </a:s>
                        <a:s>)</a:s>
                     </a:s>
                  </a:s>
                  <a:s r="71">
  else
    null</a:s>
               </a:s>
            </a:s>
         </annotation>
         <expression localId="72" locator="63:3-70:8" xsi:type="If">
            <condition localId="56" locator="63:6-63:29" xsi:type="Equal">
               <signature name="t:String" xsi:type="NamedTypeSpecifier"/>
               <signature name="t:String" xsi:type="NamedTypeSpecifier"/>
               <operand localId="54" locator="63:6-63:18" name="MCV0 Status" xsi:type="ExpressionRef"/>
               <operand localId="55" locator="63:22-63:29" valueType="t:String" value="Needed" xsi:type="Literal"/>
            </condition>
            <then localId="70" locator="64:5-68:6" name="LatestOf" libraryName="WC" xsi:type="FunctionRef">
               <operand localId="69" locator="64:17-68:5" xsi:type="List">
                  <element localId="63" locator="65:9-65:28" name="MCV0 Schedule Date" xsi:type="ExpressionRef"/>
                  <element localId="67" locator="66:9-66:61" xsi:type="Add">
                     <signature name="t:Date" xsi:type="NamedTypeSpecifier"/>
                     <signature name="t:Quantity" xsi:type="NamedTypeSpecifier"/>
                     <operand localId="65" locator="66:9-66:51" name="Date Last Live Vaccine Administered" libraryName="Logic" xsi:type="ExpressionRef"/>
                     <operand localId="66" locator="66:55-66:61" value="4" unit="weeks" xsi:type="Quantity"/>
                  </element>
                  <element localId="68" locator="67:9-67:13" name="Today" xsi:type="ParameterRef"/>
               </operand>
            </then>
            <else asType="t:Date" xsi:type="As">
               <operand localId="71" locator="70:5-70:8" xsi:type="Null"/>
            </else>
         </expression>
      </def>
      <def localId="78" locator="42:1-44:42" name="Client Is Due For MCV0" context="Patient" accessLevel="Public">
         <annotation xsi:type="a:Annotation">
            <a:s r="78">
               <a:s>define &quot;Client Is Due For MCV0&quot;:
  </a:s>
               <a:s r="77">
                  <a:s r="53">
                     <a:s r="51">
                        <a:s>&quot;MCV0 Status&quot;</a:s>
                     </a:s>
                     <a:s> = </a:s>
                     <a:s r="52">
                        <a:s>'Needed'</a:s>
                     </a:s>
                  </a:s>
                  <a:s>
    and </a:s>
                  <a:s r="76">
                     <a:s r="74">
                        <a:s>&quot;MCV0 Due Date&quot;</a:s>
                     </a:s>
                     <a:s r="76"> on or before </a:s>
                     <a:s r="75">
                        <a:s>Today</a:s>
                     </a:s>
                  </a:s>
               </a:s>
            </a:s>
         </annotation>
         <expression localId="77" locator="43:3-44:42" xsi:type="And">
            <operand localId="53" locator="43:3-43:26" xsi:type="Equal">
               <signature name="t:String" xsi:type="NamedTypeSpecifier"/>
               <signature name="t:String" xsi:type="NamedTypeSpecifier"/>
               <operand localId="51" locator="43:3-43:15" name="MCV0 Status" xsi:type="ExpressionRef"/>
               <operand localId="52" locator="43:19-43:26" valueType="t:String" value="Needed" xsi:type="Literal"/>
            </operand>
            <operand localId="76" locator="44:9-44:42" xsi:type="SameOrBefore">
               <signature name="t:Date" xsi:type="NamedTypeSpecifier"/>
               <signature name="t:Date" xsi:type="NamedTypeSpecifier"/>
               <operand localId="74" locator="44:9-44:23" name="MCV0 Due Date" xsi:type="ExpressionRef"/>
               <operand localId="75" locator="44:38-44:42" name="Today" xsi:type="ParameterRef"/>
            </operand>
         </expression>
      </def>
      <def localId="83" locator="59:1-60:30" name="MCV0 Expiration Date" context="Patient" accessLevel="Public">
         <annotation xsi:type="a:Annotation">
            <a:s r="83">
               <a:s>define &quot;MCV0 Expiration Date&quot;:
  </a:s>
               <a:s r="82">
                  <a:s r="80">
                     <a:s r="79">
                        <a:s>Patient</a:s>
                     </a:s>
                     <a:s>.</a:s>
                     <a:s r="80">
                        <a:s>birthDate</a:s>
                     </a:s>
                  </a:s>
                  <a:s> + </a:s>
                  <a:s r="81">
                     <a:s>9 months</a:s>
                  </a:s>
               </a:s>
            </a:s>
         </annotation>
         <expression localId="82" locator="60:3-60:30" xsi:type="Add">
            <signature name="t:Date" xsi:type="NamedTypeSpecifier"/>
            <signature name="t:Quantity" xsi:type="NamedTypeSpecifier"/>
            <operand name="ToDate" libraryName="FHIRHelpers" xsi:type="FunctionRef">
               <operand localId="80" locator="60:3-60:19" path="birthDate" xsi:type="Property">
                  <source localId="79" locator="60:3-60:9" name="Patient" xsi:type="ExpressionRef"/>
               </operand>
            </operand>
            <operand localId="81" locator="60:23-60:30" value="9" unit="months" xsi:type="Quantity"/>
         </expression>
      </def>
   </statements>
</library>
