{
   "library" : {
      "annotation" : [ {
         "translatorOptions" : "EnableAnnotations,EnableLocators,DisableListDemotion,DisableListPromotion",
         "signatureLevel" : "Overloads",
         "type" : "CqlToElmInfo"
      }, {
         "type" : "Annotation",
         "s" : {
            "r" : "26",
            "s" : [ {
               "value" : [ "/*\n * Library: IMMZ.IND.13 Logic\n * Immunization coverage for Measles and rubella containing vaccine, 2nd dose\n * The percentage in the target population who have received second dose of measles and rubella vaccine during reporting period\n * \n * Numerator: Number of measles and rubella doses (2nd dose) administered through routine services during reporting period\n * Numerator COUNT of immunization events WHERE \"Vaccine type\" = \"Measles and rubella containing vaccines\" for the second dose in the primary series AND \"Date and time of vaccination\" is during the reporting period \n * Denominator: Number in target group\n * Denominator Computation: As defined by the Member States\n * \n * Disaggregation:\n *   - Administrative area\n *   - Sex\n *   - Age in years\n *   - Age group (depending on schedule) \n * \n * References: WHO Immunization facility analysis guide;WHO Handbook on immunization data\n */\n","library IMMZIND13Logic" ]
            } ]
         }
      } ],
      "identifier" : {
         "id" : "IMMZIND13Logic",
         "system" : "http://smart.who.int/example-workshop"
      },
      "schemaIdentifier" : {
         "id" : "urn:hl7-org:elm",
         "version" : "r1"
      },
      "usings" : {
         "def" : [ {
            "localIdentifier" : "System",
            "uri" : "urn:hl7-org:elm-types:r1"
         }, {
            "localId" : "1",
            "locator" : "29:1-29:26",
            "localIdentifier" : "FHIR",
            "uri" : "http://hl7.org/fhir",
            "version" : "4.0.1",
            "annotation" : [ {
               "type" : "Annotation",
               "s" : {
                  "r" : "1",
                  "s" : [ {
                     "value" : [ "/*\nNOTE: This is an estimated denominator measure, meaning that all we are contributing from the site perspective is a count\ntowards the numerator, actual processing of this data to determine a proportion measure would be done by downstream analytics\n\nFor this reason, this measure is modeled as a cohort measure where membership in the cohort is determine by administration of\na measles containing vaccine.\n*/\n\n","using " ]
                  }, {
                     "s" : [ {
                        "value" : [ "FHIR" ]
                     } ]
                  }, {
                     "value" : [ " version '4.0.1'" ]
                  } ]
               }
            } ]
         } ]
      },
      "includes" : {
         "def" : [ {
            "localId" : "2",
            "locator" : "31:1-31:35",
            "localIdentifier" : "FHIRHelpers",
            "path" : "http://hl7.org/fhir/FHIRHelpers",
            "version" : "4.0.1",
            "annotation" : [ {
               "type" : "Annotation",
               "s" : {
                  "r" : "2",
                  "s" : [ {
                     "value" : [ "","include " ]
                  }, {
                     "s" : [ {
                        "value" : [ "FHIRHelpers" ]
                     } ]
                  }, {
                     "value" : [ " version ","'4.0.1'" ]
                  } ]
               }
            } ]
         }, {
            "localId" : "3",
            "locator" : "33:1-33:27",
            "localIdentifier" : "WC",
            "path" : "http://smart.who.int/example-workshop/WHOCommon",
            "annotation" : [ {
               "type" : "Annotation",
               "s" : {
                  "r" : "3",
                  "s" : [ {
                     "value" : [ "","include " ]
                  }, {
                     "s" : [ {
                        "value" : [ "WHOCommon" ]
                     } ]
                  }, {
                     "value" : [ " called ","WC" ]
                  } ]
               }
            } ]
         }, {
            "localId" : "4",
            "locator" : "34:1-34:32",
            "localIdentifier" : "Common",
            "path" : "http://smart.who.int/example-workshop/IMMZCommon",
            "annotation" : [ {
               "type" : "Annotation",
               "s" : {
                  "r" : "4",
                  "s" : [ {
                     "value" : [ "","include " ]
                  }, {
                     "s" : [ {
                        "value" : [ "IMMZCommon" ]
                     } ]
                  }, {
                     "value" : [ " called ","Common" ]
                  } ]
               }
            } ]
         }, {
            "localId" : "5",
            "locator" : "35:1-35:36",
            "localIdentifier" : "Concepts",
            "path" : "http://smart.who.int/example-workshop/IMMZConcepts",
            "annotation" : [ {
               "type" : "Annotation",
               "s" : {
                  "r" : "5",
                  "s" : [ {
                     "value" : [ "","include " ]
                  }, {
                     "s" : [ {
                        "value" : [ "IMMZConcepts" ]
                     } ]
                  }, {
                     "value" : [ " called ","Concepts" ]
                  } ]
               }
            } ]
         }, {
            "localId" : "6",
            "locator" : "36:1-36:32",
            "localIdentifier" : "Config",
            "path" : "http://smart.who.int/example-workshop/IMMZConfig",
            "annotation" : [ {
               "type" : "Annotation",
               "s" : {
                  "r" : "6",
                  "s" : [ {
                     "value" : [ "","include " ]
                  }, {
                     "s" : [ {
                        "value" : [ "IMMZConfig" ]
                     } ]
                  }, {
                     "value" : [ " called ","Config" ]
                  } ]
               }
            } ]
         }, {
            "localId" : "7",
            "locator" : "37:1-37:45",
            "localIdentifier" : "Elements",
            "path" : "http://smart.who.int/example-workshop/IMMZIndicatorElements",
            "annotation" : [ {
               "type" : "Annotation",
               "s" : {
                  "r" : "7",
                  "s" : [ {
                     "value" : [ "","include " ]
                  }, {
                     "s" : [ {
                        "value" : [ "IMMZIndicatorElements" ]
                     } ]
                  }, {
                     "value" : [ " called ","Elements" ]
                  } ]
               }
            } ]
         }, {
            "localId" : "8",
            "locator" : "38:1-38:48",
            "localIdentifier" : "VaccineLibrary",
            "path" : "http://smart.who.int/example-workshop/IMMZVaccineLibrary",
            "annotation" : [ {
               "type" : "Annotation",
               "s" : {
                  "r" : "8",
                  "s" : [ {
                     "value" : [ "","include " ]
                  }, {
                     "s" : [ {
                        "value" : [ "IMMZVaccineLibrary" ]
                     } ]
                  }, {
                     "value" : [ " called ","VaccineLibrary" ]
                  } ]
               }
            } ]
         } ]
      },
      "parameters" : {
         "def" : [ {
            "localId" : "11",
            "locator" : "40:1-40:45",
            "name" : "Measurement Period",
            "accessLevel" : "Public",
            "annotation" : [ {
               "type" : "Annotation",
               "s" : {
                  "r" : "11",
                  "s" : [ {
                     "value" : [ "","parameter ","\"Measurement Period\""," " ]
                  }, {
                     "r" : "10",
                     "s" : [ {
                        "value" : [ "Interval<" ]
                     }, {
                        "r" : "9",
                        "s" : [ {
                           "value" : [ "Date" ]
                        } ]
                     }, {
                        "value" : [ ">" ]
                     } ]
                  } ]
               }
            } ],
            "parameterTypeSpecifier" : {
               "localId" : "10",
               "locator" : "40:32-40:45",
               "type" : "IntervalTypeSpecifier",
               "pointType" : {
                  "localId" : "9",
                  "locator" : "40:41-40:44",
                  "name" : "{urn:hl7-org:elm-types:r1}Date",
                  "type" : "NamedTypeSpecifier"
               }
            }
         } ]
      },
      "contexts" : {
         "def" : [ {
            "locator" : "42:1-42:15",
            "name" : "Patient"
         } ]
      },
      "statements" : {
         "def" : [ {
            "locator" : "42:1-42:15",
            "name" : "Patient",
            "context" : "Patient",
            "expression" : {
               "type" : "SingletonFrom",
               "operand" : {
                  "locator" : "42:1-42:15",
                  "dataType" : "{http://hl7.org/fhir}Patient",
                  "templateId" : "http://hl7.org/fhir/StructureDefinition/Patient",
                  "type" : "Retrieve"
               }
            }
         }, {
            "localId" : "13",
            "locator" : "47:1-48:6",
            "name" : "Initial Population",
            "context" : "Patient",
            "accessLevel" : "Public",
            "annotation" : [ {
               "type" : "Annotation",
               "s" : {
                  "r" : "13",
                  "s" : [ {
                     "r" : "12",
                     "value" : [ "/*\n * As defined by Member State\n */\n","define ","\"Initial Population\"",":\n  ","true" ]
                  } ]
               }
            } ],
            "expression" : {
               "localId" : "12",
               "locator" : "48:3-48:6",
               "valueType" : "{urn:hl7-org:elm-types:r1}Boolean",
               "value" : "true",
               "type" : "Literal"
            }
         }, {
            "localId" : "15",
            "locator" : "53:1-54:6",
            "name" : "Denominator",
            "context" : "Patient",
            "accessLevel" : "Public",
            "annotation" : [ {
               "type" : "Annotation",
               "s" : {
                  "r" : "15",
                  "s" : [ {
                     "r" : "14",
                     "value" : [ "/*\n * As defined by Member State\n */\n","define ","\"Denominator\"",":\n  ","true" ]
                  } ]
               }
            } ],
            "expression" : {
               "localId" : "14",
               "locator" : "54:3-54:6",
               "valueType" : "{urn:hl7-org:elm-types:r1}Boolean",
               "value" : "true",
               "type" : "Literal"
            }
         }, {
            "localId" : "26",
            "locator" : "60:1-64:3",
            "name" : "Numerator",
            "context" : "Patient",
            "accessLevel" : "Public",
            "annotation" : [ {
               "type" : "Annotation",
               "s" : {
                  "r" : "26",
                  "s" : [ {
                     "value" : [ "/*\n * Numerator: Number of measles and rubella doses (2nd dose) administered through routine services during reporting period\n * Numerator COUNT of immunization events WHERE \"Vaccine type\" = \"Measles and rubella containing vaccines\" for the second dose in the primary series AND \"Date and time of vaccination\" is during the reporting period \n */\n","define ","\"Numerator\"",":\n  " ]
                  }, {
                     "r" : "25",
                     "s" : [ {
                        "value" : [ "exists " ]
                     }, {
                        "r" : "24",
                        "s" : [ {
                           "value" : [ "(\n\t" ]
                        }, {
                           "r" : "24",
                           "s" : [ {
                              "s" : [ {
                                 "r" : "17",
                                 "s" : [ {
                                    "r" : "16",
                                    "s" : [ {
                                       "s" : [ {
                                          "value" : [ "Elements",".","\"MCV Doses Administered to Patient During Measurement Period\"" ]
                                       } ]
                                    } ]
                                 }, {
                                    "value" : [ " ","I" ]
                                 } ]
                              } ]
                           }, {
                              "value" : [ "\n\t  " ]
                           }, {
                              "r" : "23",
                              "s" : [ {
                                 "value" : [ "where " ]
                              }, {
                                 "r" : "23",
                                 "s" : [ {
                                    "r" : "21",
                                    "s" : [ {
                                       "r" : "20",
                                       "s" : [ {
                                          "r" : "19",
                                          "s" : [ {
                                             "r" : "18",
                                             "s" : [ {
                                                "value" : [ "I" ]
                                             } ]
                                          }, {
                                             "value" : [ "." ]
                                          }, {
                                             "r" : "19",
                                             "s" : [ {
                                                "value" : [ "protocolApplied" ]
                                             } ]
                                          } ]
                                       }, {
                                          "value" : [ "." ]
                                       }, {
                                          "r" : "20",
                                          "s" : [ {
                                             "value" : [ "only","()" ]
                                          } ]
                                       } ]
                                    }, {
                                       "value" : [ "." ]
                                    }, {
                                       "r" : "21",
                                       "s" : [ {
                                          "value" : [ "doseNumber" ]
                                       } ]
                                    } ]
                                 }, {
                                    "r" : "22",
                                    "value" : [ " ","="," ","2" ]
                                 } ]
                              } ]
                           } ]
                        }, {
                           "value" : [ "\n  )" ]
                        } ]
                     } ]
                  } ]
               }
            } ],
            "expression" : {
               "localId" : "25",
               "locator" : "61:3-64:3",
               "type" : "Exists",
               "operand" : {
                  "localId" : "24",
                  "locator" : "61:10-64:3",
                  "type" : "Query",
                  "source" : [ {
                     "localId" : "17",
                     "locator" : "62:2-62:73",
                     "alias" : "I",
                     "expression" : {
                        "localId" : "16",
                        "locator" : "62:2-62:71",
                        "name" : "MCV Doses Administered to Patient During Measurement Period",
                        "libraryName" : "Elements",
                        "type" : "ExpressionRef"
                     }
                  } ],
                  "relationship" : [ ],
                  "where" : {
                     "localId" : "23",
                     "locator" : "63:4-63:48",
                     "type" : "Equal",
                     "signature" : [ {
                        "name" : "{urn:hl7-org:elm-types:r1}Integer",
                        "type" : "NamedTypeSpecifier"
                     }, {
                        "name" : "{urn:hl7-org:elm-types:r1}Integer",
                        "type" : "NamedTypeSpecifier"
                     } ],
                     "operand" : [ {
                        "type" : "ToInteger",
                        "operand" : {
                           "localId" : "21",
                           "locator" : "63:10-63:44",
                           "path" : "doseNumber",
                           "type" : "Property",
                           "source" : {
                              "localId" : "20",
                              "locator" : "63:10-63:33",
                              "name" : "only",
                              "libraryName" : "Common",
                              "type" : "FunctionRef",
                              "operand" : [ {
                                 "localId" : "19",
                                 "locator" : "63:10-63:26",
                                 "path" : "protocolApplied",
                                 "scope" : "I",
                                 "type" : "Property"
                              } ]
                           }
                        }
                     }, {
                        "localId" : "22",
                        "locator" : "63:48",
                        "valueType" : "{urn:hl7-org:elm-types:r1}Integer",
                        "value" : "2",
                        "type" : "Literal"
                     } ]
                  }
               }
            }
         } ]
      }
   }
}