{"resourceType":"ConceptMap","id":"IMMZConceptsToICD11","meta":{"profile":["http://hl7.org/fhir/uv/crmi/StructureDefinition/crmi-shareableconceptmap","http://hl7.org/fhir/uv/crmi/StructureDefinition/crmi-publishableconceptmap"]},"text":{"status":"generated","div":"<div xmlns=\"http://www.w3.org/1999/xhtml\"><p class=\"res-header-id\"><b>Generated Narrative: ConceptMap IMMZConceptsToICD11</b></p><a name=\"IMMZConceptsToICD11\"> </a><a name=\"hcIMMZConceptsToICD11\"> </a><a name=\"IMMZConceptsToICD11-en-US\"> </a><p>Mapping from (not specified) to (not specified)</p><br/><p><b>Group 1 </b>Mapping from <a href=\"CodeSystem-IMMZConcepts.html\">Immunizations Concepts CodeSystem</a> to <a href=\"CodeSystem-ICD11.html\">ICD-11</a></p><table class=\"grid\"><tr><td><b>Source Code</b></td><td><b>Relationship</b></td><td><b>Target Code</b></td></tr><tr><td>C.DE6 (Male)</td><td><a href=\"http://hl7.org/fhir/extensions/5.1.0/CodeSystem-concept-map-equivalence.html#equivalent\" title=\"equivalent\">is equivalent to</a></td><td>XX2UQ8 (Male)</td></tr><tr><td>C.DE7 (Female)</td><td><a href=\"http://hl7.org/fhir/extensions/5.1.0/CodeSystem-concept-map-equivalence.html#equivalent\" title=\"equivalent\">is equivalent to</a></td><td>XX2V25 (Female)</td></tr><tr><td>C.DE8 (Biological sex not specified)</td><td><a href=\"http://hl7.org/fhir/extensions/5.1.0/CodeSystem-concept-map-equivalence.html#equivalent\" title=\"equivalent\">is equivalent to</a></td><td>XX2PX3 (Biological sex not specified)</td></tr><tr><td>C.DE9 (Intersex)</td><td><a href=\"http://hl7.org/fhir/extensions/5.1.0/CodeSystem-concept-map-equivalence.html#equivalent\" title=\"equivalent\">is equivalent to</a></td><td>XX45B7 (Intersex)</td></tr></table><hr/><p><b>Group 2 </b>Mapping from <a href=\"CodeSystem-ICD11.html\">ICD-11</a> to <a href=\"CodeSystem-IMMZConcepts.html\">Immunizations Concepts CodeSystem</a></p><table class=\"grid\"><tr><td><b>Source Code</b></td><td><b>Relationship</b></td><td><b>Target Code</b></td></tr><tr><td>XX2UQ8 (Male)</td><td><a href=\"http://hl7.org/fhir/extensions/5.1.0/CodeSystem-concept-map-equivalence.html#equivalent\" title=\"equivalent\">is equivalent to</a></td><td>C.DE6 (Male)</td></tr><tr><td>XX2V25 (Female)</td><td><a href=\"http://hl7.org/fhir/extensions/5.1.0/CodeSystem-concept-map-equivalence.html#equivalent\" title=\"equivalent\">is equivalent to</a></td><td>C.DE7 (Female)</td></tr><tr><td>XX2PX3 (Biological sex not specified)</td><td><a href=\"http://hl7.org/fhir/extensions/5.1.0/CodeSystem-concept-map-equivalence.html#equivalent\" title=\"equivalent\">is equivalent to</a></td><td>C.DE8 (Biological sex not specified)</td></tr><tr><td>XX45B7 (Intersex)</td><td><a href=\"http://hl7.org/fhir/extensions/5.1.0/CodeSystem-concept-map-equivalence.html#equivalent\" title=\"equivalent\">is equivalent to</a></td><td>C.DE9 (Intersex)</td></tr></table><hr/><p><b>Group 3 </b>Mapping from <a href=\"CodeSystem-IMMZConcepts.html\">Immunizations Concepts CodeSystem</a> to <a href=\"CodeSystem-ICD11.html\">ICD-11</a></p><table class=\"grid\"><tr><td><b>Source Code</b></td><td><b>Relationship</b></td><td><b>Target Code</b></td><td><b>Comment</b></td></tr><tr><td>D1.DE11 (HIV-positive)</td><td><a href=\"http://hl7.org/fhir/extensions/5.1.0/CodeSystem-concept-map-equivalence.html#narrower\" title=\"narrower\">narrower</a></td><td>1C62.Z (Human immunodeficiency virus disease without mention of tuberculosis or malaria)</td><td>The source concept is more specific than the target</td></tr><tr><td>D1.DE12 (HIV-negative)</td><td><a href=\"http://hl7.org/fhir/extensions/5.1.0/CodeSystem-concept-map-equivalence.html#relatedto\" title=\"relatedto\">is related to</a></td><td>QA02.Y (Medical observation or evaluation for suspected diseases or conditions, ruled out)</td><td/></tr><tr><td>D1.DE15 (Preterm birth)</td><td><a href=\"http://hl7.org/fhir/extensions/5.1.0/CodeSystem-concept-map-equivalence.html#equivalent\" title=\"equivalent\">is equivalent to</a></td><td>KA21.4 (Preterm newborn)</td><td/></tr></table><hr/><p><b>Group 4 </b>Mapping from <a href=\"CodeSystem-ICD11.html\">ICD-11</a> to <a href=\"CodeSystem-IMMZConcepts.html\">Immunizations Concepts CodeSystem</a></p><table class=\"grid\"><tr><td><b>Source Code</b></td><td><b>Relationship</b></td><td><b>Target Code</b></td></tr><tr><td>1C62.Z (Human immunodeficiency virus disease without mention of tuberculosis or malaria)</td><td><a href=\"http://hl7.org/fhir/extensions/5.1.0/CodeSystem-concept-map-equivalence.html#wider\" title=\"wider\">maps to wider concept</a></td><td>D1.DE11 (HIV-positive)</td></tr><tr><td>QA02.Y (Medical observation or evaluation for suspected diseases or conditions, ruled out)</td><td><a href=\"http://hl7.org/fhir/extensions/5.1.0/CodeSystem-concept-map-equivalence.html#relatedto\" title=\"relatedto\">is related to</a></td><td>D1.DE12 (HIV-negative)</td></tr><tr><td>KA21.4 (Preterm newborn)</td><td><a href=\"http://hl7.org/fhir/extensions/5.1.0/CodeSystem-concept-map-equivalence.html#equivalent\" title=\"equivalent\">is equivalent to</a></td><td>D1.DE15 (Preterm birth)</td></tr></table><hr/><p><b>Group 5 </b>Mapping from <a href=\"CodeSystem-IMMZConcepts.html\">Immunizations Concepts CodeSystem</a> to <a href=\"CodeSystem-ICD11.html\">ICD-11</a></p><table class=\"grid\"><tr><td><b>Source Code</b></td><td><b>Relationship</b></td><td><b>Target Code</b></td></tr><tr><td>D4.DE162 (Currently pregnant)</td><td><a href=\"http://hl7.org/fhir/extensions/5.1.0/CodeSystem-concept-map-equivalence.html#equivalent\" title=\"equivalent\">is equivalent to</a></td><td>QA41 (Pregnant state)</td></tr><tr><td>D4.DE165 (Severely immunosuppressed)</td><td><a href=\"http://hl7.org/fhir/extensions/5.1.0/CodeSystem-concept-map-equivalence.html#relatedto\" title=\"relatedto\">is related to</a></td><td>4B4Z (Diseases of the immune system)</td></tr><tr><td>D4.DE166 (History of anaphylactic reactions)</td><td><a href=\"http://hl7.org/fhir/extensions/5.1.0/CodeSystem-concept-map-equivalence.html#equivalent\" title=\"equivalent\">is equivalent to</a></td><td>QC44.0 (Personal history of anaphylaxis)</td></tr><tr><td>D4.DE167 (Severe allergic reactions)</td><td><a href=\"http://hl7.org/fhir/extensions/5.1.0/CodeSystem-concept-map-equivalence.html#relatedto\" title=\"relatedto\">is related to</a></td><td>QC44.2 (Personal history of allergy to drugs, medicaments or biological substances)</td></tr><tr><td>D4.DE168 (Symptomatic HIV infection)</td><td><a href=\"http://hl7.org/fhir/extensions/5.1.0/CodeSystem-concept-map-equivalence.html#equivalent\" title=\"equivalent\">is equivalent to</a></td><td>1C62.1 (HIV disease clinical stage 2 without mention of tuberculosis or malaria)</td></tr></table><hr/><p><b>Group 6 </b>Mapping from <a href=\"CodeSystem-ICD11.html\">ICD-11</a> to <a href=\"CodeSystem-IMMZConcepts.html\">Immunizations Concepts CodeSystem</a></p><table class=\"grid\"><tr><td><b>Source Code</b></td><td><b>Relationship</b></td><td><b>Target Code</b></td></tr><tr><td>QA41 (Pregnant state)</td><td><a href=\"http://hl7.org/fhir/extensions/5.1.0/CodeSystem-concept-map-equivalence.html#equivalent\" title=\"equivalent\">is equivalent to</a></td><td>D4.DE162 (Currently pregnant)</td></tr><tr><td>4B4Z (Diseases of the immune system)</td><td><a href=\"http://hl7.org/fhir/extensions/5.1.0/CodeSystem-concept-map-equivalence.html#relatedto\" title=\"relatedto\">is related to</a></td><td>D4.DE165 (Severely immunosuppressed)</td></tr><tr><td>QC44.0 (Personal history of anaphylaxis)</td><td><a href=\"http://hl7.org/fhir/extensions/5.1.0/CodeSystem-concept-map-equivalence.html#equivalent\" title=\"equivalent\">is equivalent to</a></td><td>D4.DE166 (History of anaphylactic reactions)</td></tr><tr><td>QC44.2 (Personal history of allergy to drugs, medicaments or biological substances)</td><td><a href=\"http://hl7.org/fhir/extensions/5.1.0/CodeSystem-concept-map-equivalence.html#relatedto\" title=\"relatedto\">is related to</a></td><td>D4.DE167 (Severe allergic reactions)</td></tr><tr><td>1C62.1 (HIV disease clinical stage 2 without mention of tuberculosis or malaria)</td><td><a href=\"http://hl7.org/fhir/extensions/5.1.0/CodeSystem-concept-map-equivalence.html#equivalent\" title=\"equivalent\">is equivalent to</a></td><td>D4.DE168 (Symptomatic HIV infection)</td></tr></table></div>"},"url":"http://smart.who.int/example-workshop/ConceptMap/IMMZConceptsToICD11","version":"0.1.0","name":"IMMZConceptsToICD11","title":"ConceptMap to and from ICD-11","status":"active","experimental":true,"date":"2024-12-02T18:42:23+00:00","publisher":"WHO","contact":[{"name":"WHO","telecom":[{"system":"url","value":"http://who.int"}]}],"description":"Mapping to and from IMMZ Concepts to ICD-11","group":[{"source":"http://smart.who.int/example-workshop/CodeSystem/IMMZConcepts","target":"http://id.who.int/icd/release/11/mms","element":[{"code":"C.DE6","target":[{"code":"XX2UQ8","equivalence":"equivalent"}]},{"code":"C.DE7","target":[{"code":"XX2V25","equivalence":"equivalent"}]},{"code":"C.DE8","target":[{"code":"XX2PX3","equivalence":"equivalent"}]},{"code":"C.DE9","target":[{"code":"XX45B7","equivalence":"equivalent"}]}]},{"source":"http://id.who.int/icd/release/11/mms","target":"http://smart.who.int/example-workshop/CodeSystem/IMMZConcepts","element":[{"code":"XX2UQ8","target":[{"code":"C.DE6","equivalence":"equivalent"}]},{"code":"XX2V25","target":[{"code":"C.DE7","equivalence":"equivalent"}]},{"code":"XX2PX3","target":[{"code":"C.DE8","equivalence":"equivalent"}]},{"code":"XX45B7","target":[{"code":"C.DE9","equivalence":"equivalent"}]}]},{"source":"http://smart.who.int/example-workshop/CodeSystem/IMMZConcepts","target":"http://id.who.int/icd/release/11/mms","element":[{"code":"D1.DE11","target":[{"code":"1C62.Z","equivalence":"narrower","comment":"The source concept is more specific than the target"}]},{"code":"D1.DE12","target":[{"code":"QA02.Y","equivalence":"relatedto"}]},{"code":"D1.DE15","target":[{"code":"KA21.4","equivalence":"equivalent"}]}]},{"source":"http://id.who.int/icd/release/11/mms","target":"http://smart.who.int/example-workshop/CodeSystem/IMMZConcepts","element":[{"code":"1C62.Z","target":[{"code":"D1.DE11","equivalence":"wider"}]},{"code":"QA02.Y","target":[{"code":"D1.DE12","equivalence":"relatedto"}]},{"code":"KA21.4","target":[{"code":"D1.DE15","equivalence":"equivalent"}]}]},{"source":"http://smart.who.int/example-workshop/CodeSystem/IMMZConcepts","target":"http://id.who.int/icd/release/11/mms","element":[{"code":"D4.DE162","target":[{"code":"QA41","equivalence":"equivalent"}]},{"code":"D4.DE165","target":[{"code":"4B4Z","equivalence":"relatedto"}]},{"code":"D4.DE166","target":[{"code":"QC44.0","equivalence":"equivalent"}]},{"code":"D4.DE167","target":[{"code":"QC44.2","equivalence":"relatedto"}]},{"code":"D4.DE168","target":[{"code":"1C62.1","equivalence":"equivalent"}]}]},{"source":"http://id.who.int/icd/release/11/mms","target":"http://smart.who.int/example-workshop/CodeSystem/IMMZConcepts","element":[{"code":"QA41","target":[{"code":"D4.DE162","equivalence":"equivalent"}]},{"code":"4B4Z","target":[{"code":"D4.DE165","equivalence":"relatedto"}]},{"code":"QC44.0","target":[{"code":"D4.DE166","equivalence":"equivalent"}]},{"code":"QC44.2","target":[{"code":"D4.DE167","equivalence":"relatedto"}]},{"code":"1C62.1","target":[{"code":"D4.DE168","equivalence":"equivalent"}]}]}]}