{"resourceType":"ValueSet","id":"pregnancystatus-values","meta":{"profile":["http://hl7.org/fhir/uv/crmi/StructureDefinition/crmi-shareablevalueset","http://hl7.org/fhir/uv/crmi/StructureDefinition/crmi-publishablevalueset","http://hl7.org/fhir/uv/crmi/StructureDefinition/crmi-computablevalueset"]},"text":{"status":"generated","div":"<div xmlns=\"http://www.w3.org/1999/xhtml\"><p class=\"res-header-id\"><b>Generated Narrative: ValueSet pregnancystatus-values</b></p><a name=\"pregnancystatus-values\"> </a><a name=\"hcpregnancystatus-values\"> </a><a name=\"pregnancystatus-values-en-US\"> </a><p>This value set includes codes based on the following rules:</p><ul><li>Include these codes as defined in <a href=\"http://loinc.org\"><code>http://loinc.org</code></a><table class=\"none\"><tr><td style=\"white-space:nowrap\"><b>Code</b></td><td><b>Display</b></td></tr><tr><td><a href=\"https://loinc.org/LA15173-0/\">LA15173-0</a></td><td>Pregnant</td></tr><tr><td><a href=\"https://loinc.org/LA26683-5/\">LA26683-5</a></td><td>Not pregnant</td></tr><tr><td><a href=\"https://loinc.org/LA4489-6/\">LA4489-6</a></td><td>Unknown</td></tr></table></li><li>Include these codes as defined in <a href=\"http://www.snomed.org/\"><code>http://snomed.info/sct</code></a><table class=\"none\"><tr><td style=\"white-space:nowrap\"><b>Code</b></td><td><b>Display</b></td></tr><tr><td><a href=\"http://snomed.info/id/77386006\">77386006</a></td><td>Pregnant</td></tr><tr><td><a href=\"http://snomed.info/id/60001007\">60001007</a></td><td>Not pregnant</td></tr><tr><td><a href=\"http://snomed.info/id/261665006\">261665006</a></td><td>Unknown</td></tr></table></li></ul></div>"},"url":"http://smart.who.int/example-workshop/ValueSet/pregnancystatus-values","version":"0.1.0","name":"PregnancyStatusValues","title":"Pregnancy status values","status":"draft","experimental":true,"date":"2023-10-12T09:43:25-04:00","publisher":"WHO","contact":[{"name":"WHO","telecom":[{"system":"url","value":"http://who.int"}]}],"description":"Codes representing possible values for the Pregnancy status element","immutable":true,"compose":{"include":[{"system":"http://loinc.org","concept":[{"code":"LA15173-0","display":"Pregnant"},{"code":"LA26683-5","display":"Not pregnant"},{"code":"LA4489-6","display":"Unknown"}]},{"system":"http://snomed.info/sct","concept":[{"code":"77386006","display":"Pregnant"},{"code":"60001007","display":"Not pregnant"},{"code":"261665006","display":"Unknown"}]}]}}