<?xml version="1.0" encoding="UTF-8"?>

<CodeSystem xmlns="http://hl7.org/fhir">
  <id value="VaccineProducts"/>
  <meta>
    <profile value="http://hl7.org/fhir/uv/crmi/StructureDefinition/crmi-shareablecodesystem"/>
    <profile value="http://hl7.org/fhir/uv/crmi/StructureDefinition/crmi-publishablecodesystem"/>
  </meta>
  <text>
    <status value="generated"/><div xmlns="http://www.w3.org/1999/xhtml"><p class="res-header-id"><b>Generated Narrative: CodeSystem VaccineProducts</b></p><a name="VaccineProducts"> </a><a name="hcVaccineProducts"> </a><a name="VaccineProducts-en-US"> </a><p><b>Properties</b></p><p><b>This code system defines the following properties for its concepts</b></p><table class="grid"><tr><td><b>Name</b></td><td><b>Code</b></td><td><b>URI</b></td><td><b>Type</b></td></tr><tr><td>classification</td><td>classification</td><td>http://smart.who.int/immunizations-measles#classification</td><td>code</td></tr></table><p><b>Concepts</b></p><p>This case-sensitive code system <code>http://smart.who.int/example-workshop/CodeSystem/VaccineProducts</code> defines the following codes:</p><table class="codes"><tr><td style="white-space:nowrap"><b>Code</b></td><td><b>Display</b></td></tr><tr><td style="white-space:nowrap">20009060/2<a name="VaccineProducts-20009060.472"> </a></td><td>Serum Institute of India Measles vaccine</td></tr><tr><td style="white-space:nowrap">7680007030014<a name="VaccineProducts-7680007030014"> </a></td><td>M-M-RvaxPRO</td></tr></table></div>
  </text>
  <url value="http://smart.who.int/example-workshop/CodeSystem/VaccineProducts"/>
  <version value="0.1.0"/>
  <name value="VaccineProducts"/>
  <title value="Vaccine Product codes CodeSet"/>
  <status value="draft"/>
  <experimental value="true"/>
  <date value="2024-12-02T20:32:13+00:00"/>
  <publisher value="WHO"/>
  <contact>
    <name value="WHO"/>
    <telecom>
      <system value="url"/>
      <value value="http://who.int"/>
    </telecom>
  </contact>
  <description value="Vaccine Product codes, containing the different available products."/>
  <caseSensitive value="true"/>
  <content value="complete"/>
  <count value="2"/>
  <property>
    <code value="classification"/>
    <uri value="http://smart.who.int/immunizations-measles#classification"/>
    <type value="code"/>
  </property>
  <concept>
    <code value="20009060/2"/>
    <display value="Serum Institute of India Measles vaccine"/>
    <property>
      <code value="classification"/>
      <valueCode value="XM8L15"/>
    </property>
  </concept>
  <concept>
    <code value="7680007030014"/>
    <display value="M-M-RvaxPRO"/>
    <property>
      <code value="classification"/>
      <valueCode value="XM8TF3"/>
    </property>
  </concept>
</CodeSystem>