<?xml version="1.0" encoding="UTF-8"?>

<ConceptMap xmlns="http://hl7.org/fhir">
  <id value="IMMZConceptsToAdministrativeGender"/>
  <meta>
    <profile value="http://hl7.org/fhir/uv/crmi/StructureDefinition/crmi-shareableconceptmap"/>
    <profile value="http://hl7.org/fhir/uv/crmi/StructureDefinition/crmi-publishableconceptmap"/>
  </meta>
  <text>
    <status value="generated"/><div xmlns="http://www.w3.org/1999/xhtml"><p class="res-header-id"><b>Generated Narrative: ConceptMap IMMZConceptsToAdministrativeGender</b></p><a name="IMMZConceptsToAdministrativeGender"> </a><a name="hcIMMZConceptsToAdministrativeGender"> </a><a name="IMMZConceptsToAdministrativeGender-en-US"> </a><p>Mapping from (not specified) to (not specified)</p><br/><p><b>Group 1 </b>Mapping from <a href="CodeSystem-IMMZConcepts.html">Immunizations Concepts CodeSystem</a> to <a href="http://hl7.org/fhir/R4/codesystem-administrative-gender.html">AdministrativeGender</a></p><table class="grid"><tr><td><b>Source Code</b></td><td><b>Relationship</b></td><td><b>Target Code</b></td></tr><tr><td>C.DE6 (Male)</td><td><a href="http://hl7.org/fhir/extensions/5.1.0/CodeSystem-concept-map-equivalence.html#equivalent" title="equivalent">is equivalent to</a></td><td>male</td></tr><tr><td>C.DE7 (Female)</td><td><a href="http://hl7.org/fhir/extensions/5.1.0/CodeSystem-concept-map-equivalence.html#equivalent" title="equivalent">is equivalent to</a></td><td>female</td></tr><tr><td>C.DE8 (Biological sex not specified)</td><td><a href="http://hl7.org/fhir/extensions/5.1.0/CodeSystem-concept-map-equivalence.html#equivalent" title="equivalent">is equivalent to</a></td><td>unknown</td></tr><tr><td>C.DE9 (Intersex)</td><td><a href="http://hl7.org/fhir/extensions/5.1.0/CodeSystem-concept-map-equivalence.html#wider" title="wider">maps to wider concept</a></td><td>other</td></tr></table><hr/><p><b>Group 2 </b>Mapping from <a href="http://hl7.org/fhir/R4/codesystem-administrative-gender.html">AdministrativeGender</a> to <a href="CodeSystem-IMMZConcepts.html">Immunizations Concepts CodeSystem</a></p><table class="grid"><tr><td><b>Source Code</b></td><td><b>Relationship</b></td><td><b>Target Code</b></td><td><b>Comment</b></td></tr><tr><td>male</td><td><a href="http://hl7.org/fhir/extensions/5.1.0/CodeSystem-concept-map-equivalence.html#equivalent" title="equivalent">is equivalent to</a></td><td>C.DE6 (Male)</td><td/></tr><tr><td>female</td><td><a href="http://hl7.org/fhir/extensions/5.1.0/CodeSystem-concept-map-equivalence.html#equivalent" title="equivalent">is equivalent to</a></td><td>C.DE7 (Female)</td><td/></tr><tr><td>unknown</td><td><a href="http://hl7.org/fhir/extensions/5.1.0/CodeSystem-concept-map-equivalence.html#equivalent" title="equivalent">is equivalent to</a></td><td>C.DE8 (Biological sex not specified)</td><td/></tr><tr><td>other</td><td><a href="http://hl7.org/fhir/extensions/5.1.0/CodeSystem-concept-map-equivalence.html#narrower" title="narrower">narrower</a></td><td>C.DE9 (Intersex)</td><td>The source concept is more specific than the target</td></tr></table></div>
  </text>
  <url value="http://smart.who.int/example-workshop/ConceptMap/IMMZConceptsToAdministrativeGender"/>
  <version value="0.1.0"/>
  <name value="IMMZConceptsToAdministrativeGender"/>
  <title value="ConceptMap to and from Immunization Concepts to administrative gender"/>
  <status value="active"/>
  <experimental value="true"/>
  <date value="2024-12-02T20:32:13+00:00"/>
  <publisher value="WHO"/>
  <contact>
    <name value="WHO"/>
    <telecom>
      <system value="url"/>
      <value value="http://who.int"/>
    </telecom>
  </contact>
  <description value="Mapping to and from IMMZ.C sex coding to FHIR Administrative Gender."/>
  <group>
    <source value="http://smart.who.int/example-workshop/CodeSystem/IMMZConcepts"/>
    <target value="http://hl7.org/fhir/administrative-gender"/>
    <element>
      <code value="C.DE6"/>
      <target>
        <code value="male"/>
        <equivalence value="equivalent"/>
      </target>
    </element>
    <element>
      <code value="C.DE7"/>
      <target>
        <code value="female"/>
        <equivalence value="equivalent"/>
      </target>
    </element>
    <element>
      <code value="C.DE8"/>
      <target>
        <code value="unknown"/>
        <equivalence value="equivalent"/>
      </target>
    </element>
    <element>
      <code value="C.DE9"/>
      <target>
        <code value="other"/>
        <equivalence value="wider"/>
      </target>
    </element>
  </group>
  <group>
    <source value="http://hl7.org/fhir/administrative-gender"/>
    <target value="http://smart.who.int/example-workshop/CodeSystem/IMMZConcepts"/>
    <element>
      <code value="male"/>
      <target>
        <code value="C.DE6"/>
        <equivalence value="equivalent"/>
      </target>
    </element>
    <element>
      <code value="female"/>
      <target>
        <code value="C.DE7"/>
        <equivalence value="equivalent"/>
      </target>
    </element>
    <element>
      <code value="unknown"/>
      <target>
        <code value="C.DE8"/>
        <equivalence value="equivalent"/>
      </target>
    </element>
    <element>
      <code value="other"/>
      <target>
        <code value="C.DE9"/>
        <equivalence value="narrower"/>
        <comment value="The source concept is more specific than the target"/>
      </target>
    </element>
  </group>
</ConceptMap>