<?xml version="1.0" encoding="UTF-8"?>

<PlanDefinition xmlns="http://hl7.org/fhir">
  <id value="IMMZDTImmunizationStrategy"/>
  <meta>
    <profile value="http://hl7.org/fhir/uv/cpg/StructureDefinition/cpg-strategydefinition"/>
    <profile value="http://hl7.org/fhir/uv/crmi/StructureDefinition/crmi-shareableplandefinition"/>
    <profile value="http://hl7.org/fhir/uv/crmi/StructureDefinition/crmi-publishableplandefinition"/>
  </meta>
  <text>
    <status value="extensions"/><div xmlns="http://www.w3.org/1999/xhtml"><p class="res-header-id"><b>Generated Narrative: PlanDefinition IMMZDTImmunizationStrategy</b></p><a name="IMMZDTImmunizationStrategy"> </a><a name="hcIMMZDTImmunizationStrategy"> </a><a name="IMMZDTImmunizationStrategy-en-US"> </a><p><b>CQF Knowledge capability</b>: computable</p><p><b>url</b>: <a href="PlanDefinition-IMMZDTImmunizationStrategy.html">PlanDefinition IMMZ.DT.Immunization Strategy</a></p><p><b>version</b>: 0.1.0</p><p><b>name</b>: IMMZDTImmunizationStrategy</p><p><b>title</b>: IMMZ.DT.Immunization Strategy</p><p><b>type</b>: <span title="Codes:{http://terminology.hl7.org/CodeSystem/plan-definition-type workflow-definition}">Workflow Definition</span></p><p><b>status</b>: Draft</p><p><b>experimental</b>: true</p><p><b>date</b>: 2024-12-02 20:32:13+0000</p><p><b>publisher</b>: WHO</p><p><b>contact</b>: WHO: <a href="http://who.int">http://who.int</a></p><p><b>description</b>: </p><div><p>Provide vaccinations according to the recommended schedule</p>
</div><h3>RelatedArtifacts</h3><table class="grid"><tr><td style="display: none">-</td><td><b>Type</b></td><td><b>Citation</b></td></tr><tr><td style="display: none">*</td><td>Citation</td><td><div><p>WHO recommendations for routine immunization - summary tables (March 2023)</p>
</div></td></tr></table><blockquote><p><b>action</b></p><p><b>title</b>: Check Immunizations</p><p><b>description</b>: Check immunization plan definitions to see what is required.</p><p><b>code</b>: <span title="Codes:{http://hl7.org/fhir/uv/cpg/CodeSystem/cpg-common-process-cs dispense-medications}">Dispense Medications</span></p><p><b>selectionBehavior</b>: All</p><h3>Actions</h3><table class="grid"><tr><td style="display: none">-</td><td><b>Title</b></td><td><b>Description</b></td><td><b>Code</b></td><td><b>SelectionBehavior</b></td><td><b>Definition[x]</b></td></tr><tr><td style="display: none">*</td><td>Measles Dose 0</td><td>Consider measles dose 0 immunization</td><td><span title="Codes:{http://hl7.org/fhir/uv/cpg/CodeSystem/cpg-common-process-cs dispense-medications}">Dispense Medications</span></td><td>All</td><td><a href="PlanDefinition-IMMZD2DTMeaslesDose0.html">IMMZ.D2.DT.Measles MCV Dose 0</a></td></tr><tr><td style="display: none">*</td><td>Measles Routine Immunization</td><td>Provide measles routine immunization</td><td><span title="Codes:{http://hl7.org/fhir/uv/cpg/CodeSystem/cpg-common-process-cs dispense-medications}">Dispense Medications</span></td><td>All</td><td><a href="PlanDefinition-IMMZD2DTMeaslesOT.html">IMMZ.D2.DT.Measles Ongoing Transmission</a></td></tr><tr><td style="display: none">*</td><td>Measles Supplementary Dose</td><td>Consider measles supplementary dose</td><td><span title="Codes:{http://hl7.org/fhir/uv/cpg/CodeSystem/cpg-common-process-cs dispense-medications}">Dispense Medications</span></td><td>All</td><td><a href="PlanDefinition-IMMZD2DTMeaslesSupplementary.html">IMMZ.D2.DT.Measles MCV Dose 0</a></td></tr><tr><td style="display: none">*</td><td>Measles Contraindications</td><td>Check measles contraindications</td><td><span title="Codes:{http://hl7.org/fhir/uv/cpg/CodeSystem/cpg-common-process-cs dispense-medications}">Dispense Medications</span></td><td>All</td><td><a href="PlanDefinition-IMMZD5DTMeaslesCI.html">IMMZ.D5.DT.Measles.Contraindication</a></td></tr></table></blockquote></div>
  </text>
  <extension url="http://hl7.org/fhir/StructureDefinition/cqf-knowledgeCapability">
    <valueCode value="computable"/>
  </extension>
  <url value="http://smart.who.int/example-workshop/PlanDefinition/IMMZDTImmunizationStrategy"/>
  <version value="0.1.0"/>
  <name value="IMMZDTImmunizationStrategy"/>
  <title value="IMMZ.DT.Immunization Strategy"/>
  <type>
    <coding>
      <system value="http://terminology.hl7.org/CodeSystem/plan-definition-type"/>
      <code value="workflow-definition"/>
    </coding>
  </type>
  <status value="draft"/>
  <experimental value="true"/>
  <date value="2024-12-02T20:32:13+00:00"/>
  <publisher value="WHO"/>
  <contact>
    <name value="WHO"/>
    <telecom>
      <system value="url"/>
      <value value="http://who.int"/>
    </telecom>
  </contact>
  <description value="Provide vaccinations according to the recommended schedule"/>
  <relatedArtifact>
    <type value="citation"/>
    <citation value="WHO recommendations for routine immunization - summary tables (March 2023)"/>
  </relatedArtifact>
  <action>
    <title value="Check Immunizations"/>
    <description value="Check immunization plan definitions to see what is required."/>
    <code>
      <coding>
        <system value="http://hl7.org/fhir/uv/cpg/CodeSystem/cpg-common-process-cs"/>
        <code value="dispense-medications"/>
      </coding>
    </code>
    <selectionBehavior value="all"/>
    <action>
      <title value="Measles Dose 0"/>
      <description value="Consider measles dose 0 immunization"/>
      <code>
        <coding>
          <system value="http://hl7.org/fhir/uv/cpg/CodeSystem/cpg-common-process-cs"/>
          <code value="dispense-medications"/>
        </coding>
      </code>
      <selectionBehavior value="all"/>
      <definitionCanonical value="http://smart.who.int/example-workshop/PlanDefinition/IMMZD2DTMeaslesDose0"/>
    </action>
    <action>
      <title value="Measles Routine Immunization"/>
      <description value="Provide measles routine immunization"/>
      <code>
        <coding>
          <system value="http://hl7.org/fhir/uv/cpg/CodeSystem/cpg-common-process-cs"/>
          <code value="dispense-medications"/>
        </coding>
      </code>
      <selectionBehavior value="all"/>
      <definitionCanonical value="http://smart.who.int/example-workshop/PlanDefinition/IMMZD2DTMeaslesOT"/>
    </action>
    <action>
      <title value="Measles Supplementary Dose"/>
      <description value="Consider measles supplementary dose"/>
      <code>
        <coding>
          <system value="http://hl7.org/fhir/uv/cpg/CodeSystem/cpg-common-process-cs"/>
          <code value="dispense-medications"/>
        </coding>
      </code>
      <selectionBehavior value="all"/>
      <definitionCanonical value="http://smart.who.int/example-workshop/PlanDefinition/IMMZD2DTMeaslesSupplementary"/>
    </action>
    <action>
      <title value="Measles Contraindications"/>
      <description value="Check measles contraindications"/>
      <code>
        <coding>
          <system value="http://hl7.org/fhir/uv/cpg/CodeSystem/cpg-common-process-cs"/>
          <code value="dispense-medications"/>
        </coding>
      </code>
      <selectionBehavior value="all"/>
      <definitionCanonical value="http://smart.who.int/example-workshop/PlanDefinition/IMMZD5DTMeaslesCI"/>
    </action>
  </action>
</PlanDefinition>