<?xml version="1.0" encoding="UTF-8"?>

<ValueSet xmlns="http://hl7.org/fhir">
  <id value="Immunocompromised-values"/>
  <meta>
    <profile value="http://hl7.org/fhir/uv/crmi/StructureDefinition/crmi-shareablevalueset"/>
    <profile value="http://hl7.org/fhir/uv/crmi/StructureDefinition/crmi-publishablevalueset"/>
    <profile value="http://hl7.org/fhir/uv/crmi/StructureDefinition/crmi-computablevalueset"/>
  </meta>
  <text>
    <status value="generated"/><div xmlns="http://www.w3.org/1999/xhtml"><p class="res-header-id"><b>Generated Narrative: ValueSet Immunocompromised-values</b></p><a name="Immunocompromised-values"> </a><a name="hcImmunocompromised-values"> </a><a name="Immunocompromised-values-en-US"> </a><ul><li>Include these codes as defined in <a href="http://www.snomed.org/"><code>http://snomed.info/sct</code></a><table class="none"><tr><td style="white-space:nowrap"><b>Code</b></td><td><b>Display</b></td></tr><tr><td><a href="http://snomed.info/id/370388006">370388006</a></td><td>Patient immunocompromised</td></tr><tr><td><a href="http://snomed.info/id/370391006">370391006</a></td><td>Patient immunosuppressed</td></tr></table></li></ul></div>
  </text>
  <url value="http://smart.who.int/example-workshop/ValueSet/Immunocompromised-values"/>
  <version value="0.1.0"/>
  <name value="Immunocompromisedvalues"/>
  <title value="Immunocompromised valueset"/>
  <status value="draft"/>
  <experimental value="true"/>
  <date value="2024-12-02T20:32:13+00:00"/>
  <publisher value="WHO"/>
  <contact>
    <name value="WHO"/>
    <telecom>
      <system value="url"/>
      <value value="http://who.int"/>
    </telecom>
  </contact>
  <description value="Codes representing Immunocompromised values"/>
  <immutable value="true"/>
  <compose>
    <include>
      <system value="http://snomed.info/sct"/>
      <concept>
        <code value="370388006"/>
        <display value="Patient immunocompromised"/>
      </concept>
      <concept>
        <code value="370391006"/>
        <display value="Patient immunosuppressed"/>
      </concept>
    </include>
  </compose>
</ValueSet>