{"resourceType":"ConceptMap","id":"IMMZConceptsToLOINC","meta":{"profile":["http://hl7.org/fhir/uv/crmi/StructureDefinition/crmi-shareableconceptmap","http://hl7.org/fhir/uv/crmi/StructureDefinition/crmi-publishableconceptmap"]},"text":{"status":"generated","div":"<div xmlns=\"http://www.w3.org/1999/xhtml\"><p class=\"res-header-id\"><b>Generated Narrative: ConceptMap IMMZConceptsToLOINC</b></p><a name=\"IMMZConceptsToLOINC\"> </a><a name=\"hcIMMZConceptsToLOINC\"> </a><a name=\"IMMZConceptsToLOINC-en-US\"> </a><p>Mapping from (not specified) to (not specified)</p><br/><p><b>Group 1 </b>Mapping from <a href=\"CodeSystem-IMMZConcepts.html\">Immunizations Concepts CodeSystem</a> to <a href=\"http://terminology.hl7.org/6.0.2/CodeSystem-v3-loinc.html\">Logical Observation Identifiers, Names and Codes (LOINC)</a></p><table class=\"grid\"><tr><td><b>Source Code</b></td><td><b>Relationship</b></td><td><b>Target Code</b></td><td><b>Comment</b></td></tr><tr><td>C.DE2 (Name)</td><td><a href=\"http://hl7.org/fhir/extensions/5.1.0/CodeSystem-concept-map-equivalence.html#equivalent\" title=\"equivalent\">is equivalent to</a></td><td>54125-0 (Patient name)</td><td/></tr><tr><td>C.DE3 (First name)</td><td><a href=\"http://hl7.org/fhir/extensions/5.1.0/CodeSystem-concept-map-equivalence.html#relatedto\" title=\"relatedto\">is related to</a></td><td>45392-8 (Patient First (Given) name)</td><td/></tr><tr><td>C.DE4 (Family name)</td><td><a href=\"http://hl7.org/fhir/extensions/5.1.0/CodeSystem-concept-map-equivalence.html#relatedto\" title=\"relatedto\">is related to</a></td><td>45394-4 (Patient Last (Family) name)</td><td/></tr><tr><td>C.DE5 (Sex)</td><td><a href=\"http://hl7.org/fhir/extensions/5.1.0/CodeSystem-concept-map-equivalence.html#equivalent\" title=\"equivalent\">is equivalent to</a></td><td>46098-0 (Sex)</td><td/></tr><tr><td>C.DE10 (Date of birth)</td><td><a href=\"http://hl7.org/fhir/extensions/5.1.0/CodeSystem-concept-map-equivalence.html#equivalent\" title=\"equivalent\">is equivalent to</a></td><td>21112-8 (Birth date)</td><td/></tr><tr><td>C.DE13 (Age)</td><td><a href=\"http://hl7.org/fhir/extensions/5.1.0/CodeSystem-concept-map-equivalence.html#wider\" title=\"wider\">maps to wider concept</a></td><td>63900-5 (Current age or age at death)</td><td/></tr><tr><td>C.DE18 (Contact phone number)</td><td><a href=\"http://hl7.org/fhir/extensions/5.1.0/CodeSystem-concept-map-equivalence.html#equivalent\" title=\"equivalent\">is equivalent to</a></td><td>42077-8 (Patient phone number)</td><td/></tr><tr><td>C.DE19 (Administrative area)</td><td><a href=\"http://hl7.org/fhir/extensions/5.1.0/CodeSystem-concept-map-equivalence.html#narrower\" title=\"narrower\">narrower</a></td><td>56799-0 (Address)</td><td>The source concept is more specific than the target</td></tr></table><hr/><p><b>Group 2 </b>Mapping from <a href=\"CodeSystem-IMMZConcepts.html\">Immunizations Concepts CodeSystem</a> to <a href=\"http://terminology.hl7.org/6.0.2/CodeSystem-v3-loinc.html\">Logical Observation Identifiers, Names and Codes (LOINC)</a></p><table class=\"grid\"><tr><td><b>Source Code</b></td><td><b>Relationship</b></td><td><b>Target Code</b></td></tr><tr><td>D1.DE11 (HIV-positive)</td><td><a href=\"http://hl7.org/fhir/extensions/5.1.0/CodeSystem-concept-map-equivalence.html#equivalent\" title=\"equivalent\">is equivalent to</a></td><td>45683-0 (HIV infection [Minimum Data Set])</td></tr><tr><td>D1.DE10 (HIV status)</td><td><a href=\"http://hl7.org/fhir/extensions/5.1.0/CodeSystem-concept-map-equivalence.html#equivalent\" title=\"equivalent\">is equivalent to</a></td><td>55277-8 (HIV status)</td></tr><tr><td>D1.DE92 (Severely immunosuppressed)</td><td><a href=\"http://hl7.org/fhir/extensions/5.1.0/CodeSystem-concept-map-equivalence.html#relatedto\" title=\"relatedto\">is related to</a></td><td>96381-9 (Immune status)</td></tr><tr><td>D1.DE15 (Preterm birth)</td><td><a href=\"http://hl7.org/fhir/extensions/5.1.0/CodeSystem-concept-map-equivalence.html#equivalent\" title=\"equivalent\">is equivalent to</a></td><td>76517-2 (Premature infant)</td></tr><tr><td>D1.DE19 (Vaccine type)</td><td><a href=\"http://hl7.org/fhir/extensions/5.1.0/CodeSystem-concept-map-equivalence.html#equivalent\" title=\"equivalent\">is equivalent to</a></td><td>39236-5 (Vaccine code (CPT) CPHS)</td></tr><tr><td>D1.DE20 (Date and time of vaccination)</td><td><a href=\"http://hl7.org/fhir/extensions/5.1.0/CodeSystem-concept-map-equivalence.html#equivalent\" title=\"equivalent\">is equivalent to</a></td><td>30952-6 (Date and time of vaccination)</td></tr></table><hr/><p><b>Group 3 </b>Mapping from <a href=\"http://terminology.hl7.org/6.0.2/CodeSystem-v3-loinc.html\">Logical Observation Identifiers, Names and Codes (LOINC)</a> to <a href=\"CodeSystem-IMMZConcepts.html\">Immunizations Concepts CodeSystem</a></p><table class=\"grid\"><tr><td><b>Source Code</b></td><td><b>Relationship</b></td><td><b>Target Code</b></td></tr><tr><td>45683-0 (HIV infection [Minimum Data Set])</td><td><a href=\"http://hl7.org/fhir/extensions/5.1.0/CodeSystem-concept-map-equivalence.html#equivalent\" title=\"equivalent\">is equivalent to</a></td><td>D1.DE11 (HIV-positive)</td></tr><tr><td>55277-8 (HIV status)</td><td><a href=\"http://hl7.org/fhir/extensions/5.1.0/CodeSystem-concept-map-equivalence.html#equivalent\" title=\"equivalent\">is equivalent to</a></td><td>D1.DE10 (HIV status)</td></tr><tr><td>96381-9 (Immune status)</td><td><a href=\"http://hl7.org/fhir/extensions/5.1.0/CodeSystem-concept-map-equivalence.html#relatedto\" title=\"relatedto\">is related to</a></td><td>D1.DE92 (Severely immunosuppressed)</td></tr><tr><td>76517-2 (Premature infant)</td><td><a href=\"http://hl7.org/fhir/extensions/5.1.0/CodeSystem-concept-map-equivalence.html#equivalent\" title=\"equivalent\">is equivalent to</a></td><td>D1.DE15 (Preterm birth)</td></tr><tr><td>39236-5 (Vaccine code (CPT) CPHS)</td><td><a href=\"http://hl7.org/fhir/extensions/5.1.0/CodeSystem-concept-map-equivalence.html#equivalent\" title=\"equivalent\">is equivalent to</a></td><td>D1.DE19 (Vaccine type)</td></tr><tr><td>30952-6 (Date and time of vaccination)</td><td><a href=\"http://hl7.org/fhir/extensions/5.1.0/CodeSystem-concept-map-equivalence.html#equivalent\" title=\"equivalent\">is equivalent to</a></td><td>D1.DE20 (Date and time of vaccination)</td></tr></table><hr/><p><b>Group 4 </b>Mapping from <a href=\"CodeSystem-IMMZConcepts.html\">Immunizations Concepts CodeSystem</a> to <a href=\"http://terminology.hl7.org/6.0.2/CodeSystem-v3-loinc.html\">Logical Observation Identifiers, Names and Codes (LOINC)</a></p><table class=\"grid\"><tr><td><b>Source Code</b></td><td><b>Relationship</b></td><td><b>Target Code</b></td></tr><tr><td>D4.DE162 (Currently pregnant)</td><td><a href=\"http://hl7.org/fhir/extensions/5.1.0/CodeSystem-concept-map-equivalence.html#equivalent\" title=\"equivalent\">is equivalent to</a></td><td>82810-3 (Pregnancy status)</td></tr><tr><td>D4.DE165 (Severely immunosuppressed)</td><td><a href=\"http://hl7.org/fhir/extensions/5.1.0/CodeSystem-concept-map-equivalence.html#relatedto\" title=\"relatedto\">is related to</a></td><td>96381-9 (Immune status)</td></tr><tr><td>D4.DE168 (Symptomatic HIV infection)</td><td><a href=\"http://hl7.org/fhir/extensions/5.1.0/CodeSystem-concept-map-equivalence.html#wider\" title=\"wider\">maps to wider concept</a></td><td>47244-9 (Symptom, diagnosis, or opportunistic infection related to HIV treatment)</td></tr></table><hr/><p><b>Group 5 </b>Mapping from <a href=\"http://terminology.hl7.org/6.0.2/CodeSystem-v3-loinc.html\">Logical Observation Identifiers, Names and Codes (LOINC)</a> to <a href=\"CodeSystem-IMMZConcepts.html\">Immunizations Concepts CodeSystem</a></p><table class=\"grid\"><tr><td><b>Source Code</b></td><td><b>Relationship</b></td><td><b>Target Code</b></td><td><b>Comment</b></td></tr><tr><td>82810-3 (Pregnancy status)</td><td><a href=\"http://hl7.org/fhir/extensions/5.1.0/CodeSystem-concept-map-equivalence.html#equivalent\" title=\"equivalent\">is equivalent to</a></td><td>D4.DE162 (Currently pregnant)</td><td/></tr><tr><td>96381-9 (Immune status)</td><td><a href=\"http://hl7.org/fhir/extensions/5.1.0/CodeSystem-concept-map-equivalence.html#relatedto\" title=\"relatedto\">is related to</a></td><td>D4.DE165 (Severely immunosuppressed)</td><td/></tr><tr><td>47244-9 (Symptom, diagnosis, or opportunistic infection related to HIV treatment)</td><td><a href=\"http://hl7.org/fhir/extensions/5.1.0/CodeSystem-concept-map-equivalence.html#narrower\" title=\"narrower\">narrower</a></td><td>D4.DE168 (Symptomatic HIV infection)</td><td>The source concept is more specific than the target</td></tr></table></div>"},"url":"http://smart.who.int/example-workshop/ConceptMap/IMMZConceptsToLOINC","version":"0.1.0","name":"IMMZConceptsToLOINC","title":"ConceptMap to and from LOINC","status":"active","experimental":true,"date":"2024-12-02T20:40:29+00:00","publisher":"WHO","contact":[{"name":"WHO","telecom":[{"system":"url","value":"http://who.int"}]}],"description":"Mapping to and from IMMZ Concepts to LOINC","group":[{"source":"http://smart.who.int/example-workshop/CodeSystem/IMMZConcepts","target":"http://loinc.org","element":[{"code":"C.DE2","target":[{"code":"54125-0","equivalence":"equivalent"}]},{"code":"C.DE3","target":[{"code":"45392-8","equivalence":"relatedto"}]},{"code":"C.DE4","target":[{"code":"45394-4","equivalence":"relatedto"}]},{"code":"C.DE5","target":[{"code":"46098-0","equivalence":"equivalent"}]},{"code":"C.DE10","target":[{"code":"21112-8","equivalence":"equivalent"}]},{"code":"C.DE13","target":[{"code":"63900-5","equivalence":"wider"}]},{"code":"C.DE18","target":[{"code":"42077-8","equivalence":"equivalent"}]},{"code":"C.DE19","target":[{"code":"56799-0","equivalence":"narrower","comment":"The source concept is more specific than the target"}]}]},{"source":"http://smart.who.int/example-workshop/CodeSystem/IMMZConcepts","target":"http://loinc.org","element":[{"code":"D1.DE11","target":[{"code":"45683-0","equivalence":"equivalent"}]},{"code":"D1.DE10","target":[{"code":"55277-8","equivalence":"equivalent"}]},{"code":"D1.DE92","target":[{"code":"96381-9","equivalence":"relatedto"}]},{"code":"D1.DE15","target":[{"code":"76517-2","equivalence":"equivalent"}]},{"code":"D1.DE19","target":[{"code":"39236-5","equivalence":"equivalent"}]},{"code":"D1.DE20","target":[{"code":"30952-6","equivalence":"equivalent"}]}]},{"source":"http://loinc.org","target":"http://smart.who.int/example-workshop/CodeSystem/IMMZConcepts","element":[{"code":"45683-0","target":[{"code":"D1.DE11","equivalence":"equivalent"}]},{"code":"55277-8","target":[{"code":"D1.DE10","equivalence":"equivalent"}]},{"code":"96381-9","target":[{"code":"D1.DE92","equivalence":"relatedto"}]},{"code":"76517-2","target":[{"code":"D1.DE15","equivalence":"equivalent"}]},{"code":"39236-5","target":[{"code":"D1.DE19","equivalence":"equivalent"}]},{"code":"30952-6","target":[{"code":"D1.DE20","equivalence":"equivalent"}]}]},{"source":"http://smart.who.int/example-workshop/CodeSystem/IMMZConcepts","target":"http://loinc.org","element":[{"code":"D4.DE162","target":[{"code":"82810-3","equivalence":"equivalent"}]},{"code":"D4.DE165","target":[{"code":"96381-9","equivalence":"relatedto"}]},{"code":"D4.DE168","target":[{"code":"47244-9","equivalence":"wider"}]}]},{"source":"http://loinc.org","target":"http://smart.who.int/example-workshop/CodeSystem/IMMZConcepts","element":[{"code":"82810-3","target":[{"code":"D4.DE162","equivalence":"equivalent"}]},{"code":"96381-9","target":[{"code":"D4.DE165","equivalence":"relatedto"}]},{"code":"47244-9","target":[{"code":"D4.DE168","equivalence":"narrower","comment":"The source concept is more specific than the target"}]}]}]}