{"resourceType":"Measure","id":"IMMZIND12","meta":{"profile":["http://hl7.org/fhir/us/cqfmeasures/StructureDefinition/proportion-measure-cqfm","http://hl7.org/fhir/uv/crmi/StructureDefinition/crmi-shareablemeasure","http://hl7.org/fhir/uv/crmi/StructureDefinition/crmi-publishablemeasure"]},"extension":[{"url":"http://hl7.org/fhir/us/cqfmeasures/StructureDefinition/cqfm-populationBasis","valueCode":"boolean"}],"url":"http://smart.who.int/example-workshop/Measure/IMMZIND12","version":"0.1.0","name":"IMMZIND12","title":"IMMZ.IND.12 Measles indicator for first dose","status":"draft","experimental":true,"date":"2023-10-12","publisher":"WHO","contact":[{"name":"WHO","telecom":[{"system":"url","value":"http://who.int"}]}],"description":"The percentage in the target population who have received one dose of measles and rubella vaccine during reporting period","relatedArtifact":[{"type":"citation","citation":"WHO Immunization facility analysis guide"},{"type":"citation","citation":"WHO Handbook on immunization data"}],"library":["http://smart.who.int/example-workshop/Library/IMMZIND12Logic"],"scoring":{"coding":[{"system":"http://terminology.hl7.org/CodeSystem/measure-scoring","code":"proportion","display":"Proportion"}]},"group":[{"population":[{"id":"IMMZ.IND.12.IP","code":{"coding":[{"system":"http://terminology.hl7.org/CodeSystem/measure-population","code":"initial-population","display":"Initial Population"}]},"description":"Number in target group","criteria":{"language":"text/cql-identifier","expression":"Initial Population"}},{"id":"IMMZ.IND.12.DEN","code":{"coding":[{"system":"http://terminology.hl7.org/CodeSystem/measure-population","code":"denominator","display":"Denominator"}]},"description":"Number in target group","criteria":{"language":"text/cql-identifier","expression":"Denominator"}},{"id":"IMMZ.IND.12.NUM","code":{"coding":[{"system":"http://terminology.hl7.org/CodeSystem/measure-population","code":"numerator","display":"Numerator"}]},"description":"Number of measles and rubella doses (1st dose) administered through routine services during reporting period","criteria":{"language":"text/cql-identifier","expression":"Numerator"}}],"stratifier":[{"id":"IMMZ.IND.12.S","criteria":{"language":"text/cql-identifier","expression":"Stratification"}}]}]}