{"resourceType":"Measure","id":"IMMZIND08","meta":{"profile":["http://hl7.org/fhir/us/cqfmeasures/StructureDefinition/cv-measure-cqfm","http://hl7.org/fhir/uv/crmi/StructureDefinition/crmi-shareablemeasure","http://hl7.org/fhir/uv/crmi/StructureDefinition/crmi-publishablemeasure"]},"extension":[{"url":"http://hl7.org/fhir/us/cqfmeasures/StructureDefinition/cqfm-populationBasis","valueCode":"boolean"}],"url":"http://smart.who.int/example-workshop/Measure/IMMZIND08","version":"0.1.0","name":"IMMZIND08","title":"IMMZ.IND.08 Immunization coverage for Measles containing vaccine (Estimated Denominator)","status":"draft","experimental":true,"date":"2023-10-05","publisher":"WHO","contact":[{"name":"WHO","telecom":[{"system":"url","value":"http://who.int"}]}],"description":"IMMZ.IND.08 Immunization coverage for Measles containing vaccine (Estimated Denominator)","library":["http://smart.who.int/example-workshop/Library/IMMZIND08Logic"],"scoring":{"coding":[{"system":"http://terminology.hl7.org/CodeSystem/measure-scoring","code":"continuous-variable","display":"Continuous Variable"}]},"group":[{"population":[{"id":"IMMZ.IND.08.IP","code":{"coding":[{"system":"http://terminology.hl7.org/CodeSystem/measure-population","code":"initial-population","display":"Initial Population"}]},"description":"Initial Population","criteria":{"language":"text/cql-identifier","expression":"Initial Population"}},{"id":"IMMZ.IND.08.MP","extension":[{"url":"http://hl7.org/fhir/us/cqfmeasures/StructureDefinition/cqfm-populationBasis","valueCode":"boolean"}],"code":{"coding":[{"system":"http://terminology.hl7.org/CodeSystem/measure-population","code":"measure-population","display":"Measure Population"}]},"description":"Measure Population","criteria":{"language":"text/cql-identifier","expression":"Measure Population"}},{"id":"IMMZ.IND.08.MO","extension":[{"url":"http://hl7.org/fhir/us/cqfmeasures/StructureDefinition/cqfm-criteriaReference","valueString":"measure-population"},{"url":"http://hl7.org/fhir/us/cqfmeasures/StructureDefinition/cqfm-aggregateMethod","valueCode":"count"}],"code":{"coding":[{"system":"http://terminology.hl7.org/CodeSystem/measure-population","code":"measure-observation"}]},"description":"Measure Observation","criteria":{"language":"text/cql-identifier","expression":"Measure Observation"}}],"stratifier":[{"id":"IMMZ.IND.08.S","criteria":{"language":"text/cql-identifier","expression":"Stratification"}}]}]}