{"resourceType":"PlanDefinition","id":"IMMZD5DTMeaslesCI","meta":{"profile":["http://hl7.org/fhir/uv/cpg/StructureDefinition/cpg-recommendationdefinition","http://hl7.org/fhir/uv/crmi/StructureDefinition/crmi-shareableplandefinition","http://hl7.org/fhir/uv/crmi/StructureDefinition/crmi-publishableplandefinition"]},"extension":[{"url":"http://hl7.org/fhir/StructureDefinition/cqf-knowledgeCapability","valueCode":"computable"}],"url":"http://smart.who.int/example-workshop/PlanDefinition/IMMZD5DTMeaslesCI","version":"0.1.0","name":"IMMZD5DTMeaslesContraindication","title":"IMMZ.D5.DT.Measles.Contraindication","type":{"coding":[{"system":"http://terminology.hl7.org/CodeSystem/plan-definition-type","code":"eca-rule"}]},"status":"draft","experimental":true,"date":"2024-12-02T20:40:29+00:00","publisher":"WHO","contact":[{"name":"WHO","telecom":[{"system":"url","value":"http://who.int"}]}],"description":"Check contraindications for Measles vaccine","relatedArtifact":[{"type":"citation","citation":"WHO recommendations for routine immunization - summary tables (March 2023)"}],"library":["http://smart.who.int/example-workshop/Library/IMMZD5DTMeaslesCILogic"],"action":[{"extension":[{"url":"http://hl7.org/fhir/uv/cpg/StructureDefinition/cpg-rationale","valueMarkdown":"While vaccines are universally recommended, some clients may have contraindications to particular vaccines.<br/>Additional contraindications may be included in WHO position papers for the vaccine - Measles vaccines: WHO position paper (April 2017)."}],"title":"Check Contraindication for Measles Immunization","description":"Contraindication for measles immunization","condition":[{"kind":"applicability","expression":{"description":"MCV Dose Contraindicated","language":"text/cql-identifier","expression":"MCV Dose Contraindicated"}}],"type":{"coding":[{"system":"http://terminology.hl7.org/CodeSystem/action-type","code":"update"}]},"definitionCanonical":"http://smart.who.int/example-workshop/ActivityDefinition/IMMZD2DTMeaslesCIMR"},{"extension":[{"url":"http://hl7.org/fhir/uv/cpg/StructureDefinition/cpg-rationale","valueMarkdown":"While vaccines are universally recommended, some clients may have contraindications to particular vaccines.<br/>Additional contraindications may be included in WHO position papers for the vaccine - Measles vaccines: WHO position paper (April 2017)."}],"title":"Evaluate Contraindication for Measles","description":"Provide further evaluation for measles contraindication","condition":[{"kind":"applicability","expression":{"description":"Contraindication Evaluation of the MCV dose","language":"text/cql-identifier","expression":"Contraindication Evaluation of the MCV dose"}}],"definitionCanonical":"http://smart.who.int/example-workshop/ActivityDefinition/IMMZD2DTMeaslesEval"}]}